timestamp,open,high,low,close,volume
1999-01-22,1.6196522666666666,1.807647619047619,1.4364769994313145,1.518424,73329073.43403423
1999-01-25,1.638932565058207,1.6967772547133795,1.5184231034482758,1.677496,13789079.079771278
1999-01-26,1.6967778597191778,1.730521224392972,1.5232437288780563,1.547346,9270510.603316905
1999-01-27,1.5521651623119677,1.5907285881042823,1.4653981484153704,1.542525,6600866.784266057
1999-01-28,1.542526009826911,1.5521661784498917,1.5280648313770193,1.537705,6145764.697389942
1999-01-29,1.5377048869328183,1.542525896405241,1.465399,1.465399,6591786.9238343965
1999-02-01,1.4653986520934508,1.5039620911405607,1.4653986520934508,1.494321,4178861.978651174
1999-02-02,1.4653990683674558,1.503962518369235,1.3352484658162722,1.378632,7133754.910084779
1999-02-03,1.3593513595838596,1.4268371965791113,1.3497102612943037,1.407555,2029138.7363193627
1999-02-04,1.426836297733964,1.5232435178338666,1.4075541133017948,1.484681,4914019.588046187
1999-02-05,1.508781822214093,1.542525170581972,1.4702193176721128,1.528064,3696536.8534302223
1999-02-08,1.5377047895341176,1.5425257987011762,1.47504,1.47504,4162005.776114546
1999-02-09,1.5039620408163266,1.5136031316342857,1.3979137438791835,1.417195,2349394.4023228986
1999-02-10,1.4171951752577319,1.4557586177834225,1.3786317327320414,1.402734,4003823.960922028
1999-02-11,1.4075545588477083,1.581088720576146,1.4075545588477083,1.523244,3572063.2400324573
1999-02-12,1.5425261130610037,1.619652094783635,1.5425261130610037,1.610011,2963969.86455372
1999-02-16,1.638932251018857,1.7064180178571426,1.4557580525525713,1.619651,5699746.426853687
1999-02-17,1.581087590866113,1.6003697676244526,1.5039616603773582,1.532884,1829468.1789359145
1999-02-18,1.581087328678969,1.6003695022398012,1.5136024977601985,1.556986,1909856.1831641388
1999-02-19,1.5425261130610037,1.6389333588354222,1.523243923493734,1.610011,2035622.3479218464
1999-02-22,1.638932251018857,1.6582144275525712,1.532883982142857,1.619651,5544157.35241728
1999-02-23,1.6582154736351769,1.7305213674635211,1.5618073066922373,1.696778,3730245.7063917615
1999-02-24,1.9474373278839026,2.0245632379682967,1.7883645020435364,1.831748,16552088.554975903
1999-02-25,1.9088746245435435,1.966719310135772,1.7449816572038856,1.773904,4028459.963335107
1999-02-26,1.7931851965811965,1.8510298803418803,1.677495829059829,1.691957,4662485.512338671
1999-03-01,1.7353404219212833,1.7739038509133869,1.6196510604598644,1.701598,2489425.0980548873
1999-03-02,1.6967771640842675,1.7064182536835195,1.6582146567172287,1.687137,1492358.332725795
1999-03-03,1.6967764872199291,1.6967764872199291,1.5618059142466918,1.571447,1658320.6507123688
1999-03-04,1.6485743432876425,1.6582154374260438,1.5232438215501085,1.537705,1549406.9226542152
1999-03-05,1.5521661108973979,1.6292930096170937,1.5521661108973979,1.624472,2127679.389734018
1999-03-08,1.581088206114807,1.696777609623579,1.552165855237614,1.648574,2049885.234147815
1999-03-09,1.6437533192692906,1.7256993332945347,1.6437533192692906,1.701598,3867684.9309884002
1999-03-10,1.7256986527495282,1.7256986527495282,1.6485727506955157,1.672675,6357112.536027621
1999-03-11,1.6437535157332983,1.6726758595554971,1.60037,1.60037,1466426.796553297
1999-03-12,1.6100094919840018,1.6100094919840018,1.542524668254691,1.571447,2451825.1372142998
1999-03-15,1.6100106474969689,1.6582151853455405,1.6003704803394785,1.638933,2939335.587970955
1999-03-16,1.6485737765692352,1.6678550327024377,1.5714478265213225,1.585909,2138052.630762547
1999-03-17,1.6003700076701404,1.629292351630956,1.5569864917289167,1.595549,1387335.6894711477
1999-03-18,1.6003698296284026,1.638932333609393,1.5618064001325087,1.614831,1251195.4105414127
1999-03-19,1.6100099117331428,1.6678545903045714,1.6100099117331428,1.619651,2844686.9109456297
1999-03-22,1.6533929896019655,1.6582139952359274,1.571447,1.571447,990584.0321690772
1999-03-23,1.5810883189458824,1.5810883189458824,1.4461176470588235,1.47504,4429100.227790433
1999-03-24,1.465399,1.4750400934294932,1.4075542904537452,1.465399,1644057.0061805695
1999-03-25,1.4605787322174062,1.5425257022660357,1.455758648866982,1.484681,1089123.0749231654
1999-03-26,1.5039617186461194,1.6196510816188978,1.5039617186461194,1.614831,2384402.445580993
1999-03-29,1.663035,1.701598438939826,1.634112652173913,1.663035,1781494.3762458398
1999-03-30,1.6678558014403648,1.6823169815844015,1.5136038302476618,1.523244,1877440.1348700537
1999-03-31,1.5714473245623053,1.648573249974296,1.4991414802651872,1.629292,4149042.2097450914
1999-04-01,1.6292925288547373,1.6389326942135989,1.5521656528932006,1.581088,822028.7209820073
1999-04-05,1.5618063396226414,1.6003697676244526,1.5232429116208301,1.532884,2664462.868684128
1999-04-06,1.5473456130003844,1.5521656958130985,1.4653986520934508,1.494321,1882627.2395288565
1999-04-07,1.5039616428571427,1.629292088266857,1.4943205545902858,1.619651,2411630.6537642987
1999-04-08,1.6292927412536138,1.696777609623579,1.610010556992,1.648574,3515015.0978967277
1999-04-09,1.6582144275525712,1.6582144275525712,1.6100099117331428,1.619651,1313431.1033673305
1999-04-12,1.6003705396345915,1.6003705396345915,1.5232436464253707,1.552166,899823.0359381664
1999-04-13,1.5810881316243885,1.5810881316243885,1.465398733566136,1.489501,976321.0967968467
1999-04-14,1.48468042850496,1.51842285,1.446117,1.446117,1304355.0418119696
1999-04-15,1.484681,1.484681,1.4461175566508973,1.484681,968541.5916281006
1999-04-16,1.4750393207547168,1.5569862581904903,1.4750393207547168,1.532884,1051522.815816461
1999-04-19,1.5521660643193818,1.5521660643193818,1.4461177386563657,1.465399,845366.8517584632
1999-04-20,1.465399361916212,1.523244085748636,1.4220158190418941,1.436477,1828170.194162524
1999-04-21,1.4364767277984953,1.465399084234139,1.426836559330218,1.460579,1012624.9590059832
1999-04-22,1.4653978232693357,1.4653978232693357,1.3834518342259123,1.397913,6136694.052634177
1999-04-23,1.3930927784514784,1.397913786765913,1.320786908886261,1.330428,3404806.573523708
1999-04-26,1.330428828807042,1.349710097530894,1.2340206341563686,1.262943,3336086.0076820576
1999-04-27,1.291863833980285,1.4075531601729856,1.2725825881197048,1.397913,6130211.172798307
1999-04-28,1.4075542609393334,1.4075542609393334,1.34488946875,1.388273,3244030.5328995087
1999-04-29,1.393093083856,1.3979140932273333,1.3593506458333333,1.388273,1300464.6780568375
1999-04-30,1.4027349136131315,1.465399738705696,1.393093815323576,1.407555,2682612.169613266
1999-05-03,1.4220150826514286,1.4220150826514286,1.3786315622432654,1.417195,914085.5704402005
1999-05-04,1.4171949471205878,1.4171949471205878,1.311146654140396,1.340069,2594447.2265234105
1999-05-05,1.3497088239549695,1.368991,1.2725828963193473,1.368991,3905285.867328565
1999-05-06,1.3593499119624244,1.3882722505148164,1.3015052348576404,1.342475,962059.134658001
1999-05-07,1.3015063689157413,1.3593510964231075,1.3015063689157413,1.34971,675515.3266998096
1999-05-10,1.3400698290925321,1.378632363753683,1.3400698290925321,1.34971,531595.554600618
1999-05-11,1.4075548172016417,1.4653995483950748,1.378632451604925,1.422016,4639143.349160628
1999-05-12,1.4364766452268725,1.4702200094724227,1.4171953838832385,1.465399,4550977.990294795
1999-05-13,1.465399,1.5039624482026204,1.4605789160429294,1.465399,1889109.667196443
1999-05-14,1.4653989692726668,1.4653989692726668,1.3689917390606665,1.388273,768868.9472459668
1999-05-17,1.368990985275129,1.455758,1.3641699785583095,1.455758,965948.8719965817
1999-05-18,1.4702202898155523,1.5425261905357346,1.4268367493834428,1.523244,4093286.260901077
1999-05-19,1.5907286032893029,1.6485732797725503,1.4316557429603727,1.455758,12202073.603167558
1999-05-20,1.4653985483815717,1.4653985483815717,1.2870443907523705,1.340069,4812887.608623138
1999-05-21,1.3207861601336095,1.3207861601336095,1.2725825829217452,1.311146,8198249.873927084
1999-05-24,1.3207871768469202,1.34970953054076,1.2870447393758795,1.306326,4392796.013246311
1999-05-25,1.3111469165636922,1.3304281758241758,1.3015058241758242,1.315967,3513718.4291095445
1999-05-26,1.311146,1.3786308229936888,1.311146,1.311146,2829128.771929289
1999-05-27,1.3207872618652445,1.3207872618652445,1.301506,1.301506,2223625.93795188
1999-05-28,1.3207870834363078,1.3207870834363078,1.3015058241758242,1.315967,2394774.147072077
1999-06-01,1.3111468337363696,1.320787,1.2918646501787212,1.320787,2661868.778841706
1999-06-02,1.3207865930101819,1.3207865930101819,1.272583,1.272583,3515016.309348781
1999-06-03,1.306326,1.3159670930697194,1.29186482315308,1.306326,1122833.9278250604
1999-06-04,1.315967,1.3207870834363078,1.306325907612132,1.315967,2131569.408655384
1999-06-07,1.3231932482253914,1.3497092567123479,1.320786908886261,1.330428,3380171.6440123026
1999-06-08,1.3352486401023638,1.3882732750865356,1.3304285552912634,1.364171,4141259.5799206994
1999-06-09,1.3689917390606665,1.4171953541666666,1.3689917390606665,1.388273,2571108.132190138
1999-06-10,1.3882729164341405,1.3979140090811366,1.3786318237871442,1.393093,975024.4234950575
1999-06-11,1.393093359897636,1.3979143702242531,1.3159673753424452,1.364171,1647946.4389728268
1999-06-14,1.3665759952536483,1.3689906628600792,1.3015049143517847,1.311146,1395115.7463775964
1999-06-15,1.311146,1.3207861601336095,1.2918638287035697,1.311146,1331583.523726572
1999-06-16,1.3304287326694244,1.3882734601767908,1.3111474653388488,1.34971,1740003.0104244617
1999-06-17,1.3400683314300394,1.3593495772118642,1.311146,1.311146,2023955.0930254906
1999-06-18,1.3207877316872627,1.3207877316872627,1.262943,1.262943,4287771.639100103
1999-06-21,1.301505652173913,1.330428,1.2665517222427825,1.330428,2254744.337912311
1999-06-22,1.3304282699166394,1.3304282699166394,1.2774036463061602,1.306326,5214824.547012001
1999-06-23,1.291864561060174,1.330428,1.2774033871471306,1.330428,5697151.593321849
1999-06-24,1.3400694492458667,1.3400694492458667,1.291864906309689,1.301506,3111779.738241698
1999-06-25,1.2918646501787212,1.3352481749106393,1.2918646501787212,1.320787,1986353.1267342882
1999-06-28,1.3641703378729584,1.3641703378729584,1.311146654140396,1.340069,2948412.2904119114
1999-06-29,1.3593500818562092,1.373811252939786,1.3400688289164233,1.35453,2503687.273371575
1999-06-30,1.397914033995294,1.47504,1.3689916810541174,1.47504,7272489.220631305
1999-07-01,1.4750389089569305,1.4750389089569305,1.3207861655284603,1.397913,2403851.8431404526
1999-07-02,1.4171950395482877,1.499142,1.3882726918024042,1.499142,6074455.004262438
1999-07-06,1.5136030905563076,1.5136030905563076,1.4846807444024614,1.503962,5350966.314308474
1999-07-07,1.5136034457599998,1.5136034457599998,1.47504,1.47504,1704996.135698015
1999-07-08,1.4846816472259978,1.5328852782896414,1.436477090646715,1.508783,5025522.854910216
1999-07-09,1.5039620947560408,1.6485738346364291,1.5039620947560408,1.636519,5719193.34269874
1999-07-12,1.735341270596736,1.783544886274864,1.6678554682350817,1.711239,10832883.605387677
1999-07-13,1.7305211771755185,1.7401613449489717,1.6389331047203408,1.71606,3750991.3156882627
1999-07-14,1.7160597938851927,1.7546223113779649,1.638932907869193,1.648574,3726356.839304757
1999-07-15,1.6630350830399847,1.7160596985405212,1.658215,1.658215,3701722.1180606857
1999-07-16,1.6871369181915896,1.706418170940171,1.6582145763112477,1.691957,2805789.3906287216
1999-07-19,1.696777609623579,1.7015986184465963,1.638932907869193,1.648574,1178586.766502444
1999-07-20,1.6485733392857143,1.6485733392857143,1.5618063214285713,1.619651,4828447.610009811
1999-07-21,1.6003693317453092,1.6003693317453092,1.5232424967480744,1.571447,3027504.8627157006
1999-07-22,1.5618067782777048,1.5618067782777048,1.484680826127058,1.499142,5760683.795931273
1999-07-23,1.4943209916989342,1.542525521618825,1.4943209916989342,1.499142,2167873.8030153248
1999-07-26,1.5377044286744617,1.5377044286744617,1.503962,1.503962,1634981.4689466888
1999-07-27,1.5039629145483273,1.513604010967312,1.4846816472259978,1.508783,2663164.072235703
1999-07-28,1.5039616603773582,1.5521652512434716,1.4991415789452074,1.532884,6596976.679252964
1999-07-29,1.5039624672897198,1.5521660840182432,1.4943213737378693,1.547346,10502256.767393976
1999-07-30,1.5473459162426664,1.5907294466046105,1.542525832485333,1.552166,12217626.034071099
1999-08-02,1.5521658248445684,1.571448008728617,1.542525658417754,1.566627,8464042.422861345
1999-08-03,1.5666265045419805,1.5666265045419805,1.5136028294180284,1.528064,6893892.125460712
1999-08-04,1.5377041633780368,1.542525170581972,1.523242992796065,1.528064,2429782.554657396
1999-08-05,1.5280646556980184,1.552166,1.5039623858807225,1.552166,6498433.798446816
1999-08-06,1.5473459162426664,1.5569870092726477,1.542525832485333,1.552166,4969771.897335724
1999-08-09,1.5569870092726477,1.5714481860599623,1.542525832485333,1.552166,838884.0118904809
1999-08-10,1.5618067437671694,1.6485737850875677,1.5521656528932006,1.581088,5728269.541480297
1999-08-11,1.610010134235953,1.7064182536835195,1.5907288805524336,1.687137,5340594.241961381
1999-08-12,1.6967771427041558,1.8124665143775067,1.6871369787413586,1.769083,6472504.683612923
1999-08-13,1.7546220826795373,1.7883654379816198,1.735340826446281,1.749802,2287158.7756786197
1999-08-16,1.7642639968850882,1.7642639968850882,1.624472278790653,1.682317,6035555.0636413945
1999-08-17,1.687137,1.7160593432827715,1.6437534850758428,1.687137,5227792.178584193
1999-08-18,1.6678552969216174,1.7449821847029603,1.6341128619643106,1.7257,7560329.238917541
1999-08-19,1.846210059294369,2.188457202874514,1.7835443593593574,2.09205,53132360.0734208
1999-08-20,2.0968702655806903,2.1113314398260745,1.995642045863002,2.072768,9537607.227436936
1999-08-23,2.043845189499693,2.043845189499693,1.8799522269382611,1.947438,13721658.52427651
1999-08-24,1.9185157463159401,1.9570782536840596,1.8221076268656715,1.937797,10752500.132882856
1999-08-25,1.9426171723137877,1.9618993524088564,1.851030056164809,1.928156,9463703.704679497
1999-08-26,1.9281563498757117,1.9570786997514236,1.8703116501242885,1.899234,7438451.610070165
1999-08-27,1.9377972163004282,2.0824089488601616,1.9281561256247501,2.005283,14920988.510449646
1999-08-30,2.039025175440628,2.077588607831021,1.9136947143080807,1.998048,4285181.8875222225
1999-08-31,2.0052830107272532,2.1788170907272533,1.9667195733333334,2.169176,21254758.71944001
1999-09-01,2.1691762237762235,2.1691762237762235,2.0342055672463215,2.067948,15271062.183381788
1999-09-02,2.000462469866637,2.0534870929791835,1.957078939733274,2.043846,9213461.854562428
1999-09-03,2.082409267621061,2.1113316185602424,2.0438458245304094,2.058307,6992429.5028875675
1999-09-07,2.0920495087610713,2.0920495087610713,2.0390249117703663,2.048666,3360724.020801829
1999-09-08,2.0534870929791835,2.0679482696903047,2.043846,2.043846,4593765.17741552
1999-09-09,2.0631285478357966,2.0775897270834416,1.9763614723499288,2.014924,5658252.24891857
1999-09-10,2.0486670092472465,2.072768353422242,2.0342058325361254,2.043846,4522453.553154201
1999-09-13,2.0534869623825234,2.0534869623825234,1.9570788152679315,1.976361,4711753.800849136
1999-09-14,1.9763606942159286,1.9763606942159286,1.908874909125643,1.918516,6762936.60641871
1999-09-15,1.8944135654801293,1.9570783367492732,1.8799523932245559,1.932977,5746422.110971832
1999-09-16,1.908875268971911,1.9281565288402707,1.8606716565433707,1.884773,4270918.133058994
1999-09-17,1.8727182467195076,1.8895940931204922,1.8124671991872001,1.879953,4636552.0840148665
1999-09-20,1.8462103594557207,1.8703117013352684,1.812467,1.812467,6188553.000302902
1999-09-21,1.7739045953576646,1.7835447625151553,1.614831656590994,1.638933,19916689.001685854
1999-09-22,1.638932565058207,1.6871370901142069,1.5425253659762759,1.677496,10156074.887808973
1999-09-23,1.6823167844989162,1.687137794325827,1.5232438215501085,1.537705,10253313.760961954
1999-09-24,1.5425246577408755,1.5810871494620362,1.291863833980285,1.397913,18500842.475604706
1999-09-27,1.4895010833504243,1.5136033511330178,1.397913946600946,1.484681,11669175.8027482
1999-09-28,1.4870867304668571,1.638932251018857,1.4846803918382856,1.619651,11160922.93957155
1999-09-29,1.6533940054107963,1.7160597130358057,1.465398733566136,1.489501,16046414.201803153
1999-09-30,1.5425257022660357,1.5907293123159871,1.4653988155678306,1.484681,9252359.836490128
1999-10-01,1.4605788235294117,1.5136034457599998,1.397914033995294,1.47504,9393685.933940776
1999-10-04,1.5232432555975386,1.5280642636332307,1.4846807444024614,1.503962,4797328.655910189
1999-10-05,1.503962245614035,1.6582150921308068,1.503962245614035,1.648574,12913888.002601037
1999-10-06,1.6533937494134727,1.9281560272599851,1.6389325768952354,1.84621,40753956.794080846
1999-10-07,1.9233363773562238,1.9233363773562238,1.7160598331637689,1.7257,13162830.120646695
1999-10-08,1.7256999479970976,1.865491618062403,1.6582150801160986,1.812467,10775835.73968519
1999-10-11,1.8269277707299671,1.8317487784503605,1.71605940140118,1.764263,14707054.7305022
1999-10-12,1.7739043570642183,1.7931856143043747,1.7353409170687497,1.740161,8724654.533919564
1999-10-13,1.7208793418803419,1.7208793418803419,1.6582145763112477,1.691957,7573297.518790371
1999-10-14,1.6967775153502298,1.6967775153502298,1.6389328168097086,1.658215,5195376.717011968
1999-10-15,1.5762681228070174,1.6582150921308068,1.5714480394992278,1.648574,5691964.691909493
1999-10-18,1.6533941390257778,1.6533941390257778,1.5521659075442964,1.561807,5812545.980393224
1999-10-19,1.6100103826824679,1.6100103826824679,1.4702196522541164,1.499142,8344758.251319755
1999-10-20,1.5232436464253707,1.5714481860599623,1.499142302123389,1.552166,9419617.227796512
1999-10-21,1.5473460267956844,1.624472,1.5039624933341234,1.624472,10322032.676217258
1999-10-22,1.6196514782608695,1.711238604538435,1.6196514782608695,1.663035,7745740.46848082
1999-10-25,1.6533938677669986,1.6774961321943673,1.581088,1.581088,5776242.826458743
1999-10-26,1.64857395,1.7931857,1.6389328581616,1.735341,12999462.35350862
1999-10-27,1.7449820478107818,1.754622213890751,1.6292926507297394,1.658215,5784021.845418115
1999-10-28,1.6678550413203983,1.6967773884271977,1.5714478346411382,1.581088,6017405.826620656
1999-10-29,1.6003706700870506,1.7353413559322033,1.5907295762711864,1.706419,8928214.58270214
1999-11-01,1.677496338722781,1.8799527933962201,1.677496338722781,1.812467,21138064.019262142
1999-11-02,1.8462099738985558,1.9377970900475343,1.831748801584768,1.928156,22622647.24472501
1999-11-03,2.00528358945758,2.169176626030305,1.9908224119507114,2.116152,54339454.6970161
1999-11-04,2.1402536938410357,2.3089676944281363,2.1402536938410357,2.251123,34044176.72992546
1999-11-05,2.3137876369858215,2.333068892122352,2.072767782961447,2.178817,16649323.984712804
1999-11-08,2.1113314322580647,2.304146779666994,2.0438456441831225,2.241482,12696064.478768958
1999-11-09,2.2366623540370507,2.2463025217058488,2.120972937888847,2.20774,7356766.317410565
1999-11-10,2.214966612315998,2.2173803565000676,2.145074465249898,2.188458,3891021.1206246596
1999-11-11,2.1884581153631606,2.4584004320987654,2.1402544938271606,2.342711,15199746.148799403
1999-11-12,2.443938731617034,2.468041,2.304147055820243,2.468041,13546616.194463544
1999-11-15,2.484909066801092,2.559628706805253,2.3812744726516617,2.419837,9783953.209079785
1999-11-16,2.4776809070796695,2.6994195317102,2.4680407411497587,2.651215,19551057.33348672
1999-11-17,2.6994193150949,2.892234649917719,2.6608558779243014,2.752443,21241793.089557167
1999-11-18,2.810287600744545,2.8343898638743457,2.737981736870199,2.762084,6373964.368933023
1999-11-19,3.0946905217781437,3.4224773653001175,3.0850494328314935,3.306788,58485928.95680037
1999-11-22,3.39114138997474,3.3935560591438536,3.104332557668957,3.301968,14591656.551002312
1999-11-23,2.9645398113207544,3.0995104210547924,2.930797390265962,3.065768,14944330.425524699
1999-11-24,3.0513079679930355,3.0850504016300677,2.7428032054845928,2.969361,10989770.731682675
1999-11-26,2.9404389071811763,2.9693612601223527,2.853671848357647,2.95008,1938379.6371623822
1999-11-29,2.940438203040629,2.979001639565924,2.776545217459502,2.844031,8065995.05715655
1999-11-30,2.8536712463054736,2.9018757747143655,2.670497,2.670497,8500347.54669262
1999-12-01,2.670496387542763,2.8440304287798766,2.670496387542763,2.805467,6038152.471584944
1999-12-02,2.815108590372105,3.0513074356538814,2.815108590372105,3.012744,8370690.446184608
1999-12-03,3.04166723848952,3.0946918623939004,2.9018764785380173,2.940439,9258841.840827169
1999-12-06,2.950080114832536,3.036847177033493,2.950080114832536,3.022386,4824555.417474803
1999-12-07,3.0464874768218615,3.0513075594059407,2.8054676138613863,2.921157,5034601.871792581
1999-12-08,2.9115163297255737,3.0802303507109006,2.901876163165422,3.051308,5448208.60431002
1999-12-09,3.0464870267864987,3.123612964313958,2.853670794695422,2.95972,5806065.03020556
1999-12-10,3.0127450668090483,3.0272062446105563,2.8729542984047236,2.925978,2655385.372275526
1999-12-13,2.892234735366904,2.9934629511047457,2.8536712970569735,2.916337,4965883.240517128
1999-12-14,2.9211576217715756,2.993463503498595,2.839210647309192,2.868133,7398257.060464073
1999-12-15,2.848851885416667,2.8633130625,2.7090601984393334,2.776546,5563603.124169381
1999-12-16,2.791006428978302,2.834389948599726,2.7476229093568776,2.757264,3581140.9806242706
1999-12-17,2.8343902102973866,2.945259523627001,2.819929035755053,2.901876,7079300.488373727
1999-12-20,2.906696121209435,3.1995291250703435,2.8054678980827386,3.142895,10870486.17481653
1999-12-21,3.1428944427519583,3.2826860822177806,3.0272050654050764,3.277866,10490591.511794563
1999-12-22,3.2875072001155865,3.393556446436138,3.162177618849931,3.354993,6784976.898610518
1999-12-23,3.3598123936890474,3.5863710910077486,3.345351219934984,3.57673,7569406.319403478
1999-12-27,3.6538575634070583,3.6586776470588234,3.40319655424,3.44176,5467656.8093068665
1999-12-28,3.441760093079559,3.5670906010525485,3.4224788324357602,3.432119,4840114.374472447
1999-12-29,3.4248838063948526,3.5863704314235156,3.422477467524736,3.547807,3569472.324396451
1999-12-30,3.5478076524918727,3.6008322647618125,3.489962957475619,3.57673,3775627.1329398644
1999-12-31,3.569496645864023,3.6249350088989836,3.5574492139503993,3.620114,3439813.687856239
2000-01-03,3.644215426929523,3.6731377715876934,3.403195579606423,3.610473,8128231.053825912
2000-01-04,3.547808437722601,3.5574495308641976,3.3357117927300743,3.514066,8116559.279193959
2000-01-05,3.412837174468085,3.4706818723404256,3.350172393611438,3.398376,5087761.036447998
2000-01-06,3.3983756790651842,3.3983756790651842,3.0464874420783548,3.176638,3254404.02840991
2000-01-07,3.162177135936872,3.2634053575467323,3.1139726038744455,3.229662,1922820.9969959706
2000-01-10,3.2393028680413534,3.4706816443300212,3.1814581739691863,3.335711,6478986.638470778
2000-01-11,3.316429408741148,3.354992853493287,3.20074,3.20074,4001230.5796784493
2000-01-12,3.200739022488332,3.205560030057048,3.0754094849714764,3.118793,3337385.177406772
2000-01-13,3.113972428447105,3.277866347402032,3.075409915587806,3.248944,3570768.2562703453
2000-01-14,3.2971478677346564,3.5237065823559903,3.2875067759906025,3.388735,16330364.047941195
2000-01-18,3.4321187687877126,3.5478081758874698,3.277866842998207,3.533347,7067630.654334261
2000-01-19,3.5478076033406944,3.5478076033406944,3.470681652892562,3.499604,4448549.750200308
2000-01-20,3.5285264389857627,3.721341782884312,3.461040652139461,3.489963,4850487.957494105
2000-01-21,3.480323352163365,3.494784528245048,3.3646339435099044,3.451401,14701864.41262548
2000-01-24,3.562269241202526,3.562269241202526,3.2778667412536135,3.297148,6940566.5138477255
2000-01-25,3.3116095309734512,3.3453519687810265,3.1621776772366723,3.268226,6405080.309623631
2000-01-26,3.268225662820858,3.354992715816102,3.075410298003171,3.133255,6279313.186191357
2000-01-27,3.15735627764886,3.15735627764886,2.8536715983699326,2.969361,12377106.11192105
2000-01-28,2.930798535212579,2.950079793988473,2.7669045963141774,2.882594,5252425.724746531
2000-01-31,2.8970545086762622,2.9597202049264673,2.6994191065441235,2.858492,4926986.508970464
2000-02-01,2.8633132046985916,2.95008027150764,2.757264875992659,2.925978,2511465.559618015
2000-02-02,2.940438217136,3.0657686923076923,2.925977044059077,3.007924,4025866.3450273345
2000-02-03,3.1043325335480665,3.1669973165423158,3.036846741889892,3.056128,2923776.9484785977
2000-02-04,3.152536267738553,3.152536267738553,3.0657692144980424,3.128434,3341274.010958838
2000-02-07,3.1428944960926897,3.1428944960926897,2.9307979177004135,2.935618,5874783.009914778
2000-02-08,3.0079232343149105,3.181457267063848,2.9307973060425523,3.075409,12663654.299899623
2000-02-09,3.191099440003523,3.2441231288038166,3.1477159170677433,3.152536,15911570.875003489
2000-02-10,3.345351559385132,3.8563137008857096,3.345351559385132,3.798469,26203783.17790668
2000-02-11,3.986463553337956,3.991283635697309,3.576729712856583,3.856313,11447463.816241058
2000-02-14,3.8659536714745286,4.473323,3.8273911565147696,4.473323,17560814.31687361
2000-02-15,4.482963146759689,4.4877832287350845,4.116613778755285,4.299788,12168360.683363922
2000-02-16,4.347993180959485,4.646856819040514,4.299788651837941,4.497425,27540555.151003074
2000-02-17,4.49260307455046,4.685418335403726,4.425117316770186,4.656496,14472379.016324723
2000-02-18,4.589011756148764,5.263866780044038,4.555269328884265,5.196381,25954845.688335788
2000-02-22,5.032488742442061,5.0999745321676055,4.858954647875093,5.05177,14653892.690918231
2000-02-23,4.993924958678282,5.133716611534975,4.9312601817843,5.080692,13813712.923042765
2000-02-24,5.109614959694161,5.143358319041472,4.8203914539470345,5.032489,6599567.331394067
2000-02-25,5.037309908438548,5.037309908438548,4.511887428764858,4.719164,7529210.454902605
2000-02-28,4.695062092455704,4.743265703703703,4.608295036900149,4.685421,13988748.289641421
2000-02-29,4.6564995214999705,4.993926714552795,4.6564995214999705,4.936082,8266961.012722235
2000-03-01,4.936081779934763,4.936081779934763,4.714344025873258,4.79147,10360929.798913484
2000-03-02,4.830032368932039,4.830032368932039,4.454041825242719,4.468503,5160369.143760226
2000-03-03,4.47332222228056,4.5890115980767385,4.434759714025172,4.540808,7393072.994938346
2000-03-06,4.569730692307692,4.916798846153846,4.4733225632898455,4.511886,11671770.96229825
2000-03-07,5.784470195203371,6.729266685248177,5.533810128582969,6.425582,52733005.73887315
2000-03-08,6.421964473257143,6.536450696428571,5.958003732142857,6.478606,18063885.965591982
2000-03-09,6.555731467354951,8.329635668151498,6.536450211813329,7.735517,25740909.751888596
2000-03-10,8.136820406363336,11.183306934996914,8.078975713724533,9.100898,58378303.10701207
2000-03-13,8.252511343680965,11.568940703517589,8.17538445531401,11.511096,65238470.7763709
2000-03-14,11.448426731716822,11.448426731716822,8.329634046025301,8.493527,42348751.22374956
2000-03-15,9.102100531110647,9.337097123637665,7.8668776470296855,8.14646,26893566.862563618
2000-03-16,8.406761184850751,8.695984630723084,7.143819113046582,7.263118,20269362.956790734
2000-03-17,7.095616665126181,8.252510636314408,7.094406091274729,7.702986,15062313.776345951
2000-03-20,8.006669636261336,8.262149738318778,7.452324062784123,7.698164,9866938.331789242
2000-03-21,7.7126257784514785,7.780111565217392,6.709984695652174,7.317354,14495711.154605886
2000-03-22,7.37519808239851,7.5969357554558,7.249867610401752,7.370378,6228747.958598596
2000-03-23,7.302892652708786,7.9054418599521705,7.288431479139065,7.500529,8357724.178974576
2000-03-24,7.452325234083799,7.7897532689343105,6.941364024144869,7.187204,6255975.028675963
2000-03-27,7.172744633923659,7.404123493082487,6.652142200816297,6.714807,10506145.673107209
2000-03-28,6.483425265630571,6.555731127052158,6.092973613954005,6.213484,10624138.692173345
2000-03-29,6.237586230702205,6.382197974269606,5.5530909529882235,5.803751,12680505.433124198
2000-03-30,5.6302163531491125,6.30507139849624,5.437401022556391,5.770008,9776177.953306131
2000-03-31,6.164069805793994,6.777470713127413,6.05441199286187,6.515959,26011891.528108142
2000-04-03,6.4569097113799145,6.478605636140258,5.837493928568908,6.006207,8912658.563116455
2000-04-04,6.324352464828319,6.43040168017168,4.39619644,5.784469,13878542.697696194
2000-04-05,5.842314224948875,7.519810388548057,5.543449657411795,7.071514,17276865.145144306
2000-04-06,7.399301,7.775291523737203,7.047411815902527,7.399301,10928832.618324352
2000-04-07,7.770469363646128,8.098256234003657,7.442683418803599,7.910261,8605371.0806761
2000-04-10,8.045231997714994,8.512810525871421,7.061872267056587,7.211305,10677298.116499025
2000-04-11,6.708773562770832,7.326994480502175,6.170100663871045,6.78229,12360252.768607654
2000-04-12,6.7919315152327115,6.941363334058091,6.0544116609890395,6.078513,8466636.476388222
2000-04-13,6.126718713732917,6.343636359866081,5.716984765137857,5.818213,8462745.114212902
2000-04-14,5.4470411968433305,5.866415141343717,5.051768586166357,5.306039,11396899.026938926
2000-04-17,4.858955264500314,5.784470552976565,4.858955264500314,5.577194,7944115.12326808
2000-04-18,6.1387642019219735,6.922082267389039,5.958003691629956,6.565373,12898330.376659483
2000-04-19,6.772649243113758,6.864237291782726,6.170100967631049,6.252047,7518840.058368083
2000-04-20,6.420760409302325,6.541269868239181,6.1315369674418605,6.218304,4158117.3098002286
2000-04-24,5.861595470334983,6.121896598671628,5.6012943419983365,5.9098,5563604.388710279
2000-04-25,6.1749213876433595,6.748548273142602,6.1604602134334225,6.555732,6744784.24670197
2000-04-26,7.013668262351583,7.172741150776052,6.47860491037837,6.488246,6864070.36934173
2000-04-27,6.054413140567215,7.085976801856123,6.020669776881484,7.018491,7590149.74278659
2000-04-28,7.129359059101669,7.4041213757810445,6.873878,6.873878,4836225.418606497
2000-05-01,7.134177506313368,7.2884303081117245,6.926901026955389,7.095615,3225879.7856422598
2000-05-02,7.095616304180362,7.510169339091523,6.623217648137152,6.820854,6320804.286384081
2000-05-03,6.777471799884414,6.999209534482759,6.170102377470621,6.709986,8891911.249889344
2000-05-04,6.695522874724298,7.076333442463502,6.637678184661885,6.791931,6515291.197746268
2000-05-05,6.76300980906993,7.2691509334885405,6.671421750498334,7.105257,4608028.052806535
2000-05-08,6.9220828852749925,7.172742948630668,6.835315833477041,6.844956,5000890.2113030385
2000-05-09,6.960645627579673,7.018490330649629,6.555732706089978,6.748549,4776582.562207077
2000-05-10,6.681061101752843,6.685881183653162,6.0254883151363385,6.083333,7403445.986599781
2000-05-11,6.170101892937828,6.454504395835117,6.0881549227645015,6.343636,6642354.171834576
2000-05-12,6.517169356388131,6.8642375305357515,6.150819,6.150819,5073498.900682982
2000-05-15,6.121896603664018,6.681062299422297,5.823032961969785,6.575014,7619972.725655033
2000-05-16,6.864237324004482,7.457145437000572,6.787110448393296,7.249868,9898055.653758109
2000-05-17,7.635501154226287,8.840598881426097,7.630681070588565,8.522453,34862308.92030733
2000-05-18,8.570657600084024,8.710448356221063,7.890982303057799,7.944006,13773516.252480172
2000-05-19,7.712629009972014,8.136824239498605,7.654784290083435,7.876523,14078208.029507436
2000-05-22,7.789753706206235,8.387482,7.100437348275863,8.387482,13969299.72547184
2000-05-23,8.17538424492749,9.096079394060881,8.040413582031558,8.319996,21030448.03290771
2000-05-24,8.31035210193217,8.445322704225353,7.114895154929577,8.213944,19978934.60194031
2000-05-25,8.334455853994971,8.830956751362173,7.997028787500001,8.098257,15374789.908495124
2000-05-26,8.139227,8.363378430284866,7.635499666998967,8.139227,4955510.660754393
2000-05-30,8.35855762116041,8.68634450304426,8.319994186375537,8.474247,8202135.835785763
2000-05-31,8.445324768619505,8.946645725490061,8.445324768619505,8.802034,12683100.168983668
2000-06-01,9.06233517265556,9.144281200693696,8.82131531989122,9.047874,11317806.231784394
2000-06-02,9.235870954065302,10.257793393870793,9.235870954065302,10.146925,15995847.134456992
2000-06-05,10.132464020402676,10.874804059962406,9.727551103276417,10.365046,13287301.472583914
2000-06-06,10.402404723310894,10.788036358296623,9.795035384103846,9.84806,10153480.101664694
2000-06-07,9.775753425385133,9.857700384891922,9.26479226293809,9.409404,8977487.07246495
2000-06-08,9.650422060774586,9.66006315086729,9.100897510276148,9.481709,12444530.446905721
2000-06-09,9.66006585775789,10.180668209373586,9.515454093420198,9.751653,12622157.73633455
2000-06-12,9.795033614746478,9.87698056532593,9.27443141803823,9.491349,10264987.419933667
2000-06-13,9.226230144756277,9.795036083420076,9.17802653400976,9.790216,12097045.407374056
2000-06-14,9.973390276123073,10.026413965369027,9.651626599811614,9.780574,7430672.418367266
2000-06-15,9.751652567575608,10.036056,9.226230155619596,10.036056,9146040.536242524
2000-06-16,9.999899496717688,11.56894025859258,9.997492231628682,11.549659,26683515.784491993
2000-06-19,11.520734991408792,13.20787125264824,11.23151152656602,12.272716,28420930.52328433
2000-06-20,12.484815594770462,12.629427361989869,11.954573065309505,12.108825,16484654.366910083
2000-06-21,11.920827002276662,13.574221783297292,11.920827002276662,13.338022,16609129.327871853
2000-06-22,13.28017915441541,13.554941488131007,12.484814504186053,12.610145,16594864.690294998
2000-06-23,12.272716237819589,12.42696813838142,11.414685991815807,11.419507,16406863.497837517
2000-06-26,11.6460651619281,12.870444870056497,11.462890908128399,12.798139,16701185.520019745
2000-06-27,12.687269403775662,12.899366926315789,10.653064922540127,10.990492,16331661.949255776
2000-06-28,11.221870905930775,11.646065030295969,10.257792340902471,10.566298,15845446.048218591
2000-06-29,10.383124272132173,10.383124272132173,8.86952088960225,9.043055,32005955.412855495
2000-06-30,9.467246983037924,9.968566963864731,9.00448950811167,9.804674,32662681.46702277
2000-07-03,9.872163384169719,10.180668171779141,9.332278848959117,9.428687,6285147.391147887
2000-07-05,9.390123941208522,9.40940612752,8.136822553636838,8.416405,21013590.422514126
2000-07-06,8.42604488694289,9.235870681666892,8.22358843826189,8.927365,16313508.517597297
2000-07-07,9.255152420875532,9.40940526972854,8.792394799831756,8.97557,9361272.085004073
2000-07-10,8.821317505329764,9.660065727148005,8.734550447900292,9.438328,9488336.06198047
2000-07-11,9.312997194722033,10.681988809283565,9.20694888092697,10.199949,20402257.031461626
2000-07-12,10.624141558479751,11.019413292850391,10.286713587795399,10.48917,10484756.8268414
2000-07-13,10.710909790647149,11.530375695673134,10.691627608412682,11.472531,12391369.539746722
2000-07-14,11.703909827418007,11.9256484453558,11.10618161168316,11.385764,7568757.916903951
2000-07-17,11.559299686445597,11.568940778933129,11.221872555565135,11.260436,2851168.5408628937
2000-07-18,10.643421321038849,11.568936218520488,10.643421321038849,11.038693,4961346.394849462
2000-07-19,10.64342063750983,10.72054656550858,10.113177453041985,10.334916,5118880.654588775
2000-07-20,10.325279485013622,10.874804163487736,10.296357133514984,10.614503,3862497.141882197
2000-07-21,10.643423702770905,10.951928429128795,10.489170876834407,10.749472,6805075.323755436
2000-07-24,10.759112011764705,10.836237954240094,9.409402928112847,9.833597,7593393.85171062
2000-07-25,9.987851270204407,10.064977223951862,9.447966817426776,9.467249,9057226.158750024
2000-07-26,9.46724840751493,9.46724840751493,8.503169881188118,8.763471,10266283.188476348
2000-07-27,8.483891266461866,8.599580688615822,8.021133577846044,8.136823,8956091.06441175
2000-07-28,8.17538415445789,8.937006364583334,7.7126265433467776,8.329637,13848070.450128859
2000-07-31,8.792393449999999,9.274432256078299,8.3296359,9.255151,10027713.216132293
2000-08-01,9.255154236094512,9.33228021289016,9.004494117372095,9.071979,9470830.821830604
2000-08-02,8.9466462751717,9.404575412895,8.802034540796699,9.255151,9330804.003089739
2000-08-03,8.329636023952096,9.872161522077892,8.329636023952096,9.660064,9958346.290459359
2000-08-04,9.891441688235293,10.026412318945976,9.679344189534211,9.833597,5261502.988174113
2000-08-07,9.901082590172846,10.69162603070595,9.862519156909649,10.604859,6670232.290896088
2000-08-08,10.373482,10.951928968875745,10.334919485751717,10.373482,3460559.2348258765
2000-08-09,10.508454350650668,10.57593921831485,9.920366247126438,10.064978,3680328.4617214263
2000-08-10,9.833598806818182,10.412045795454546,9.640783452444454,10.180667,4225538.464228326
2000-08-11,10.199948141929813,10.277075023215428,9.467249248322679,9.939647,3563636.8827383905
2000-08-14,10.064978351585015,10.161386498706813,9.717910132564842,10.036056,2932852.805922964
2000-08-15,10.084257980993131,11.183307163596181,10.055335634082525,10.983258,11975169.272068452
2000-08-16,11.578581871420662,11.578581871420662,10.923007943604274,11.260436,7191453.529738991
2000-08-17,11.106181569241858,11.530375695673134,11.067618130288057,11.472531,3506587.728392279
2000-08-18,11.424328482612427,12.012416586424976,11.40504722405824,11.877445,5529892.859449149
2000-08-21,12.311278017634072,12.523375525179857,12.031695654676259,12.060618,12546311.370611357
2000-08-22,11.433968077160786,11.684628107597618,10.816957703568091,10.923006,17797440.627552524
2000-08-23,10.749473193565949,11.578581183829996,10.527735483642648,11.559299,9529827.203189397
2000-08-24,11.491814437068806,11.983494403978831,11.279716887935873,11.867805,8984617.123537166
2000-08-25,11.74247207,11.99313208482832,11.51109331,11.568938,4134130.548543004
2000-08-28,11.626784120192307,12.185949834146076,11.49181346876146,12.031697,5112396.0319147
2000-08-29,12.079903975832211,12.108826332458717,11.87744747944667,12.002778,4034940.911179062
2000-08-30,11.86780600497786,12.272718953192204,11.742475498215937,12.108825,4810293.196573573
2000-08-31,12.29199659972922,12.72583177383731,12.050976750053046,12.243793,10504853.621814743
2000-09-01,12.494452754716981,12.610142132075472,12.128103368253434,12.263074,5514335.149571796
2000-09-05,12.552298205395246,12.561939295932065,12.195588961713858,12.282356,6648838.21546941
2000-09-06,12.330561823194795,12.330561823194795,11.337560861043887,11.433969,6216429.694518151
2000-09-07,11.607502615257106,12.070260182303699,11.125462865906814,12.050978,6476393.285424635
2000-09-08,11.916007989795919,12.185950226872409,11.298997558841878,11.337561,6014163.892921943
2000-09-11,11.192949861702127,11.260435656022807,10.450609826235574,10.874804,7722401.249714479
2000-09-12,10.884442870772778,11.453248683768027,10.643423019259178,10.807316,3402862.024225071
2000-09-13,10.778394065910627,10.980850489759222,10.547015295797948,10.802488,6482228.249677296
2000-09-14,10.855520820216736,11.337559610810812,10.566297360757277,10.701268,5843664.975029127
2000-09-15,10.643422230874053,11.086898465665465,10.566296291329234,10.935052,6552892.339240818
2000-09-18,10.96156788202247,11.029053656819594,10.180664629213481,10.296354,4416136.041942614
2000-09-19,9.82395841719882,10.643425351498637,9.717910103542232,10.614503,8133415.431697557
2000-09-20,10.325277692957748,10.52773411830986,10.103540011791415,10.267433,6147063.487046859
2000-09-21,10.344559707224876,10.94228886195656,10.334919541368503,10.708488,9368404.12764155
2000-09-22,9.650425705489239,11.029058610212974,9.640785537270729,10.894087,10460766.172768768
2000-09-25,11.23151355739726,11.838882943388855,11.144746502255604,11.674989,12629937.690185403
2000-09-26,11.800318166443402,12.089541650915054,11.260434637268036,11.954571,9112330.573066989
2000-09-27,11.858163876146788,13.169310759575412,11.858163876146788,12.610145,18263556.842526395
2000-09-28,12.494454967490682,13.072901956726362,12.185950215070047,12.995776,9017031.978836818
2000-09-29,12.629425,13.111464750922497,12.417328398088632,12.629425,10099024.451580338
2000-10-02,12.802957682351396,13.304278635076688,12.012414206552515,12.33056,9199850.541110866
2000-10-03,12.398046907414349,12.494455048080527,11.56893985933382,11.665348,8110725.88680595
2000-10-04,11.356842893350258,11.723193291065426,11.2025909711162,11.530377,11333362.864336526
2000-10-05,11.617144390340263,11.617144390340263,11.019416091933806,11.260436,14182586.213837547
2000-10-06,11.289356789783582,11.366482742465752,10.402404169120524,10.556657,27746061.67937445
2000-10-09,10.28671498372015,10.95192899980594,9.56365627058342,10.788036,17969884.06879621
2000-10-10,10.334920396239548,10.855522714091846,9.872162780370841,9.96857,11235471.49027393
2000-10-11,9.361200579853916,10.604861665948983,8.985210018941455,10.055337,14472371.292498698
2000-10-12,10.277074384353341,10.874802586826348,9.563655867143664,9.660064,10848445.206988277
2000-10-13,9.727553072150355,10.334922570772406,9.623911078147774,10.045699,15639285.511620445
2000-10-16,10.045696806086324,10.045696806086324,9.582939193913676,9.814318,9162896.273261169
2000-10-17,9.77575305595773,9.814316492888628,8.99484970533389,9.100898,12513248.26842362
2000-10-18,8.512811603887142,9.476889276274783,8.10789872234009,8.956287,11262700.466767088
2000-10-19,9.53473255617748,9.949286467494767,9.390120834266218,9.823956,7965510.919694671
2000-10-20,9.592576480577192,10.990489989501185,9.525091632739343,10.73983,10463364.245802773
2000-10-23,10.826599940277335,10.89408480627914,10.16138589344538,10.498813,4919206.104537722
2000-10-24,10.450607444729458,10.624141511567133,10.122820565531065,10.161384,5239461.141946806
2000-10-25,9.881803398581933,10.02641516014906,9.206949128278858,9.274434,10413442.403859902
2000-10-26,9.332277966038397,10.026414366624275,8.676705007323468,9.669706,7179136.544047979
2000-10-27,9.679345791228695,9.917943600743726,9.100898813156958,9.447967,5698447.95626403
2000-10-30,9.293714057570707,9.50338949490025,8.77311183511267,8.782752,5189542.770762512
2000-10-31,9.129820287697115,9.73718955650465,8.850237916909784,9.585344,8083498.790841519
2000-11-01,9.351560198595696,9.717909658980775,9.023773254767862,9.582939,8226120.9257201785
2000-11-02,9.920367148085747,10.566300011422475,9.756474121782823,10.315639,5210286.6233104905
2000-11-03,10.18066627368421,11.183307340617768,10.103540322540127,10.990492,7256283.431169415
2000-11-06,11.250792019523335,12.34020002139205,11.183306240464201,11.83888,17153692.350289892
2000-11-07,11.646062151472325,11.646062151472325,10.643421321038849,11.038693,6975576.5332000805
2000-11-08,11.164025440820149,11.164025440820149,10.547015090680853,10.710909,5053402.359127503
2000-11-09,10.06497873575811,10.566299824205181,9.120182189757177,9.59258,15249018.80365866
2000-11-10,9.920368446813805,10.412048515606326,8.830959975445323,9.071979,21751339.29317958
2000-11-13,8.618858171428572,10.103538746600229,8.329634742857143,9.110538,14317434.51923476
2000-11-14,9.717907383696812,10.85551986608695,9.64078144312485,10.778393,12715515.29779996
2000-11-15,10.58557813619239,10.923005181755444,10.15174296667631,10.636189,11449408.897717029
2000-11-16,10.334920396239548,10.604861721819473,9.872162780370841,9.96857,6362293.993742332
2000-11-17,10.045697261167811,10.55665850591716,9.447968034690177,9.775755,4829093.7630904205
2000-11-20,9.41421534344123,9.419043755597539,8.917723705940922,9.023772,8069884.744428383
2000-11-21,9.409404735520313,9.486530692810458,8.387481405228758,8.850239,10332407.407302786
2000-11-22,8.483890147585546,8.753831480000661,8.02113251999934,8.387482,11068213.022692626
2000-11-24,8.483887386205405,9.197304854688864,8.483887386205405,8.869518,4458923.091919989
2000-11-27,9.505811290835823,9.563655986166497,8.216353076281553,8.570656,9828688.642059606
2000-11-28,8.700796832672486,8.792392273315986,7.741546835653711,7.931941,10327871.775647348
2000-11-29,8.050054346585727,8.059694512854735,6.844955819683282,7.442685,17190641.590151943
2000-11-30,6.806392688134666,6.806392688134666,5.610935361111111,6.247227,26515612.446930457
2000-12-01,6.632859201410283,7.519810954165799,6.594295759806932,6.864238,21179555.040778015
2000-12-04,6.907612890348614,7.134178999932016,6.440042634786788,6.970286,12810811.313911654
2000-12-05,7.46196644257523,7.731908689571396,6.767830029312417,7.423403,26936996.30611459
2000-12-06,7.278791108161601,7.4812475581616,6.3243535581616,6.362917,25686450.098280393
2000-12-07,6.054411660356889,6.584654075754222,5.72662475,6.247227,21209378.176909532
2000-12-08,6.893160533905667,7.712626517117969,6.249634068324259,7.674064,23051808.938731812
2000-12-11,7.423403011157105,7.828315919502315,7.230587649021603,7.674064,20465141.58776888
2000-12-12,7.481247257386419,7.616218835636838,7.211305951915907,7.461966,11061731.251522722
2000-12-13,7.433044705882352,7.558375210465882,6.748549328112941,6.88352,18235030.91441588
2000-12-14,6.835316109602989,6.893160813138373,6.247227981821497,6.411121,15370249.057567311
2000-12-15,6.006207803679669,6.382198359659132,5.745906649540042,5.774829,29562561.009131175
2000-12-18,6.0158486804338045,6.1701015192063995,5.880878024954774,5.965223,17797439.01275778
2000-12-19,6.054412507353316,6.59429608919139,5.398838594926467,5.514528,25558736.326118935
2000-12-20,5.234944817647059,5.9965669320344475,4.646856785612612,4.916799,29858831.935167573
2000-12-21,4.849312514764091,5.514526401057465,4.2419433142353595,4.299788,22832045.5464781
2000-12-22,4.646856871530609,5.900158909090909,4.646856871530609,5.408479,25636534.088419314
2000-12-26,5.475964458633548,5.533809150360258,4.839672849639741,5.186741,9287369.056060445
2000-12-27,5.128898022573546,5.745907656879796,4.916800440178372,5.533811,9169377.636641366
2000-12-28,5.312071029473661,5.707343742413213,5.225303984025733,5.562732,11324287.866753245
2000-12-29,5.553090653190582,5.736265826991835,4.936080272108813,5.054176,13375470.461179033
2001-01-02,5.090334803529674,5.157820611324033,4.598654737279649,4.617936,7855298.628348248
2001-01-03,4.473323115051405,6.083334533212245,4.3576337161663234,6.03513,24590844.34197772
2001-01-04,5.929083989585513,6.8835219001041565,5.7651909195167885,6.729269,22026858.445486423
2001-01-05,6.671420723714524,6.700343069229927,5.591653774816198,5.721796,11689923.274720034
2001-01-08,5.5627333054396715,6.517171029350451,5.5627333054396715,6.26651,15498608.1117879
2001-01-09,6.3532755602732305,6.517169484975638,6.044770819004525,6.391839,8182037.868913782
2001-01-10,6.064051794386829,6.864237347072616,5.919440059023748,6.835315,10613765.170207957
2001-01-11,6.671421217536625,7.6933444765625,6.555731826911624,7.404121,12091860.735393168
2001-01-12,7.52945130443912,7.9825677652156495,7.172742049903917,7.249868,18071017.903360445
2001-01-16,7.288431272727273,7.288431272727273,6.565372614718615,6.681062,11209541.79889365
2001-01-17,7.192022248396513,7.404119736863745,6.893158657277877,6.922081,16006872.418597817
2001-01-18,6.922081257961198,8.445324389587226,6.767828449189763,8.250087,25611902.518118896
2001-01-19,8.48389047835442,8.792395266934752,7.905443421319239,8.030773,27517211.482730243
2001-01-22,7.789752880095157,8.098257623930305,7.490888302135533,7.712626,10202750.250355715
2001-01-23,7.61621863128082,8.63814097909887,7.577655192027542,8.481467,11713260.5998467
2001-01-24,8.474248349315069,8.561015397260274,7.953646061643835,8.445326,12202068.931382874
2001-01-25,8.156103818521983,8.1753850793278,7.423403876201659,7.596938,11885702.67826327
2001-01-26,7.172742022140222,7.929535719108488,7.119710006931365,7.837956,7002803.090499615
2001-01-29,7.596939570194856,7.886163169637751,7.3269981610585,7.876523,9566776.381075762
2001-01-30,8.001849468669567,8.218759678989809,7.847597559854617,8.050054,6583360.59373018
2001-01-31,8.059694212184747,8.368199882618388,7.789752907449262,7.963287,9679582.123085605
2001-02-01,7.963286224390682,8.059693427185545,7.616218073093002,8.004256,10044569.018981902
2001-02-02,8.011490396000001,8.194665575171712,7.172742304,7.230587,8657881.095960813
2001-02-05,7.220946,7.269150530952055,6.796751865815835,7.220946,9929172.983262857
2001-02-06,7.0859749203187254,7.40412073306773,7.069100003652973,7.259509,6764881.584966696
2001-02-07,7.211304427221241,7.269149112665489,6.5364494552000245,6.922081,19459004.597490262
2001-02-08,6.960645966004705,7.355918739877647,6.8545976470588235,6.88352,10380379.515131794
2001-02-09,6.825673909137425,6.8738775124200835,6.584654041693921,6.835315,7012527.354394056
2001-02-12,6.758187284248625,6.835314150533983,6.324352132074712,6.652139,9571319.841632895
2001-02-13,6.777472030024102,7.172743898734177,6.70034513453286,6.854598,12634474.516229836
2001-02-14,6.7678289874567135,7.558373422701696,6.47860552645429,7.355917,18662256.793734893
2001-02-15,8.368198944163934,8.85023772757475,8.310354253134035,8.705626,29943110.92619876
2001-02-16,8.262150970498253,9.40940479894525,8.252510804218998,9.178026,29204706.87376567
2001-02-20,8.946647233000634,9.139462590971764,8.252510833686323,8.262151,18943611.10149161
2001-02-21,7.953643894549783,8.985207097216719,7.866876870245604,8.638139,17463575.732272886
2001-02-22,8.589938005483923,9.255152059780658,8.329636853802592,9.004492,22022976.897997133
2001-02-23,8.956287314992696,9.100899063488354,8.098257915756855,8.382653,27948325.720723502
2001-02-26,8.136820308060036,8.368199075819895,7.8379557578651955,8.194665,20308259.247351784
2001-02-27,7.992209492797057,8.310355334873819,7.654781467523706,7.702986,14419860.778482527
2001-02-28,7.645139948163091,8.098256364833281,6.748547279199406,6.893159,21178910.900473934
2001-03-01,6.806392766202988,7.558373802605876,6.170101120015928,7.437856,24723745.14779528
2001-03-02,6.902799909824801,7.394479813644384,6.632858618855498,6.722032,38181548.308487676
2001-03-05,6.459324991315273,6.960645095956096,6.420761550375525,6.787111,20050886.71957774
2001-03-06,7.134179318057437,7.683703964968332,7.013662431451713,7.442685,22539014.072663292
2001-03-07,7.606576820143885,8.059693255044143,7.471606183804777,8.040412,25344806.64672407
2001-03-08,7.809033990847925,8.397122044342753,7.809033990847925,8.310355,22402226.72932745
2001-03-09,7.876520852824688,7.915083371894411,6.999209198501872,7.722268,32867529.17018679
2001-03-12,7.461966258053212,7.809034456102198,7.114898060004226,7.442685,20587020.18844006
2001-03-13,7.539092439180111,8.445326402777779,7.500529921931001,8.329637,29236472.129577793
2001-03-14,7.953644901953301,8.830956345098013,7.953644901953301,8.802034,36496651.5136615
2001-03-15,9.341919311125867,9.831177201523232,9.004492193532485,9.235871,50674044.779663995
2001-03-16,9.09125869529751,9.44796704998551,8.821316462264152,9.197307,33095081.527668916
2001-03-19,9.149103041140043,9.795034861523572,8.650188374305225,9.72755,25496503.653622955
2001-03-20,9.611863743477825,10.219233248395858,8.7152706647893,8.821319,53768957.34073328
2001-03-21,8.840599213264154,9.737192185482847,8.792395598531698,9.476891,50710991.67494909
2001-03-22,9.563655604653002,10.469889437187119,9.486529655793854,10.431326,45859868.23266763
2001-03-23,10.624139386888853,10.816954669643144,9.814313903600063,10.334916,40779248.96347489
2001-03-26,10.33492207374185,10.951931711372595,10.33492207374185,10.894087,41678399.680670805
2001-03-27,10.68198819096604,11.057978739175406,10.045696493996342,10.498813,45978499.54561529
2001-03-28,10.20958851159093,10.77839436189974,10.180666164532598,10.506031,38715737.61775498
2001-03-29,10.414453259430111,11.029057416036583,10.199949359124552,10.662707,44109482.366157115
2001-03-30,10.585582088759093,10.78803857679547,9.949290269216197,10.014354,38442797.39062549
2001-04-02,9.98785277042598,10.228871759157123,9.467250422024698,9.59258,34174476.07494543
2001-04-03,9.447966444739064,10.171025124834276,9.43832627934787,9.910724,53797500.90943911
2001-04-04,9.534734899616904,9.55401708428758,8.300714877849375,8.888803,90827028.73723269
2001-04-05,9.47688823594427,9.862519817875505,9.216587126381572,9.708267,46589193.455124386
2001-04-06,9.582938949926765,10.18066720859287,9.419045016111632,9.669706,41805472.20331208
2001-04-09,9.856734642857143,10.09582663226821,9.04690902665996,9.199619,29636472.988718335
2001-04-10,9.420201394887066,10.365769681806945,9.333820289377059,10.068062,32047449.460799903
2001-04-11,10.688157894355786,11.075331450610141,10.381195039686865,10.675818,38542640.292294234
2001-04-12,10.478373777924919,11.29899655054114,10.277845197518726,10.836239,38904389.52092142
2001-04-16,10.643424471649388,10.867090946587656,10.37810981399597,10.572468,20640180.290202815
2001-04-17,10.416674737180823,11.175597285780402,10.412047160664972,11.090759,30049422.094628505
2001-04-18,11.558144846543131,13.018916269703256,11.558144846543131,11.917553,62177898.8675108
2001-04-19,11.985421688418514,13.146943249728572,11.931432685424523,12.941788,44090686.48044613
2001-04-20,12.785992497377933,13.881185176342807,12.448179449130162,13.4138,47914934.26307236
2001-04-23,13.122261811739271,13.134602630578675,12.571580305106236,12.70578,33467848.07190113
2001-04-24,12.670300716480254,13.618953618919425,11.607501269244468,11.806487,49386556.32585713
2001-04-25,11.837337960463103,12.770565364504357,11.792605039771697,12.349456,38457719.9299791
2001-04-26,12.617856206264944,12.617856206264944,11.260434606527172,11.376124,40140023.73597545
2001-04-27,11.81574494714813,12.236854416993458,11.585908951598457,12.185952,24734112.495322485
2001-04-30,12.517593354564065,13.566511221248096,12.252279608421405,12.849236,42767530.0543939
2001-05-01,12.895509884731688,14.08325393613004,12.687268990462913,14.049319,50441317.19124606
2001-05-02,14.414900027758176,14.414900027758176,13.54337285829179,13.726934,41808711.39164798
2001-05-03,13.311992503548803,13.728474318062652,13.228696140646031,13.666773,25945118.426390786
2001-05-04,13.265714164886237,14.072455016366064,13.204012858830593,13.854959,25756471.744160343
2001-05-07,13.802515767467927,14.576863759269632,13.640551540102313,14.476599,26352890.878582742
2001-05-08,14.691008174380359,14.697178583046176,13.305821305288836,13.429223,43763309.01646357
2001-05-09,13.001944490964714,13.28422660014765,12.710408156176138,12.799874,35629888.23171228
2001-05-10,13.170078476618032,13.32587411894291,12.216798024691357,12.369508,26982382.726944357
2001-05-11,12.33865781727605,12.417326592491369,11.806486690819494,12.053291,24883875.395823434
2001-05-14,12.088769274754931,12.300095842405787,11.653777171976095,12.156641,18974082.396609392
2001-05-15,12.263075299777675,13.111464465500038,12.124248032233021,12.593176,33565091.94781364
2001-05-16,12.30472386910104,13.26571678742938,12.22605508167166,13.187048,25853061.50581995
2001-05-17,13.230240375517242,13.805602659079794,13.026627022413793,13.419971,24825523.095392678
2001-05-18,13.375240168417989,13.728477923904565,13.049766949009664,13.311996,15554360.533266384
2001-05-21,13.282685864910604,14.191233651972343,13.015830199456754,13.91358,28759331.368691593
2001-05-22,14.117190592799975,14.46888634514892,13.574222328990643,14.33006,28361934.80694428
2001-05-23,14.893082162509268,15.425252468442185,14.036980616266664,14.2082,60639523.69651329
2001-05-24,14.114106817462433,14.783562504452306,13.689912658776006,14.417984,45395688.745056175
2001-05-25,14.127987606630857,14.337771331939221,13.882726111985775,14.144956,25606065.92195833
2001-05-29,14.064746204690056,14.067830946831226,13.37369455142837,13.564968,24866366.48692426
2001-05-30,13.24566708879896,13.918208578127755,13.173169617547199,13.311996,89380037.55603592
2001-05-31,13.418429527108248,13.497098330604773,12.92019408013536,13.205561,34114183.52280528
2001-06-01,13.296569561334513,14.04932166528659,13.219443598071448,13.936717,27618993.517583802
2001-06-04,13.945970285475482,14.020011491546308,13.537200818454435,13.720761,16789353.739198577
2001-06-05,13.705337408977043,14.584576857369257,13.682200454271404,14.441122,26665364.074453495
2001-06-06,14.495111681404467,14.692554626675177,14.283785081837397,14.502824,18880726.126166876
2001-06-07,14.37479282405926,15.363551180912115,14.26835858395053,15.321903,30824779.66346608
2001-06-08,15.275626836345303,15.298766566445394,14.765051588549209,14.923932,19250900.164916325
2001-06-11,14.945529144411026,14.962496616273567,14.25602117680489,14.4874,15719027.13384044
2001-06-12,14.183520975797277,15.186162171834694,14.15267077647028,14.970208,29786867.853258952
2001-06-13,15.079729007632455,15.308024016078836,14.337774857758228,14.467347,25356468.938126665
2001-06-14,14.280700242134849,14.683299374042086,14.075544054152132,14.436495,25557439.608118176
2001-06-15,14.268358983659548,14.91621959377467,14.003044330059732,14.661702,29565804.2809491
2001-06-18,14.62468230926875,14.86223059750562,13.9212916711954,14.081714,23139976.142108835
2001-06-19,14.347031324195303,14.681759697468175,13.026629064348299,13.311996,40872578.191174336
2001-06-20,13.0667310054216,14.0369799988288,12.795246871564341,13.88427,47519481.734365575
2001-06-21,13.828738130988944,14.391759496238143,13.45853209893137,14.146498,40101129.41026112
2001-06-22,14.075541682756393,14.45191812779488,13.898150982032726,14.083254,20561091.017289046
2001-06-25,14.240592023929016,14.299208598516618,13.645177605462383,14.055489,17288534.417607244
2001-06-26,13.7438988192,14.5305866304,13.689910748505024,14.461173,20472924.291826118
2001-06-27,14.391762349664825,14.422612549947871,13.76858238064959,14.013843,24196035.310999278
2001-06-28,14.202031881853786,14.384050194275325,14.036981966468538,14.178894,24562965.771519274
2001-06-29,14.22979604269102,14.53058847936579,14.069373718302874,14.306922,19743598.16241397
2001-07-02,13.740810859938996,13.856500224641643,13.466242051387995,13.672941,28092902.129366316
2001-07-03,13.578850596377396,13.990704853660358,13.509436031994298,13.84725,10974860.451410929
2001-07-05,13.682201139897499,13.767039421281783,12.826099528826195,12.843067,27554813.231200926
2001-07-06,12.650250519252047,12.7489724535316,12.201375627058738,12.44818,21685866.528279632
2001-07-09,12.286216573789394,12.583923401693315,11.92372274427479,12.040955,27392089.5809344
2001-07-10,12.201372382692645,12.363338432427078,11.993131508696226,12.139672,33001734.328670494
2001-07-11,12.093398047188572,12.310893177943129,11.741701371109682,12.116535,24435905.14307927
2001-07-12,12.687271008186766,12.84152385549661,12.378766239082315,12.752058,26513664.09713632
2001-07-13,12.657961467425729,12.79678966415696,12.22451218468943,12.488284,18642158.54226249
2001-07-16,12.34791282299461,12.494453324676785,11.42239776190744,11.4841,32190075.831941556
2001-07-17,11.291286344805311,12.238396666861759,11.183309254314375,12.125792,31601423.354581703
2001-07-18,11.83734004336065,12.164355123074548,11.457878790993343,11.706226,22716643.52084096
2001-07-19,11.875905617202081,12.3895657473817,11.693887276949152,11.894415,22690707.949873954
2001-07-20,11.598245749865784,11.862017524100748,11.183305909059262,11.55197,20055428.657380514
2001-07-23,11.568938053097346,11.584362686824779,10.444437274336284,10.45832,41813907.01374599
2001-07-24,10.598691030980522,11.175595151263986,10.375024566929135,11.16634,36879786.214641504
2001-07-25,11.14628802061819,11.167883992819,10.686616077141382,11.058365,33653903.516912304
2001-07-26,10.953473792570284,12.263077968023342,10.8979428734698,12.185952,46302637.19113615
2001-07-27,12.162810468175111,12.62865369111111,11.800317666666666,12.494454,29569695.482491672
2001-07-30,12.509878295595959,12.560782550841747,12.062547238043232,12.196746,15728754.960347623
2001-07-31,12.213714367406682,12.533017071396662,11.769466201557718,12.479029,32083755.859209873
2001-08-01,12.72429035478902,13.305822985384014,12.636367341910685,13.241036,32547927.81453053
2001-08-02,13.409175379546076,13.603533601112797,12.955671937041718,13.555715,29657206.95289035
2001-08-03,13.419970709485705,13.657519924802365,13.166995931974906,13.449279,22159116.918921825
2001-08-06,13.353640102544299,13.99378835728769,13.210186187095143,13.856503,34914827.316618055
2001-08-07,13.853418492398916,13.921290218109561,13.489382854237288,13.651348,29405678.4721919
2001-08-08,13.53257200636007,13.882724869565216,13.244119525565218,13.304278,30407287.03955224
2001-08-09,13.24258032030258,13.50326742278186,12.833811704157934,13.07136,44397323.79057726
2001-08-10,13.065190152191514,13.234867633864187,12.664132940215785,13.055935,27997594.705963228
2001-08-13,13.279599767145244,13.751613426212387,13.082156840700451,13.603531,40917319.86690808
2001-08-14,13.356725560316075,13.443107591569193,13.07444436428709,13.242579,62699135.54278211
2001-08-15,13.541829964700526,13.700709454147646,13.140773693798954,13.258005,49064349.04799025
2001-08-16,13.014284582147786,13.83645113623872,12.961839342008247,13.816398,27716888.978531163
2001-08-17,13.466245090933628,13.64209296497331,12.812214093017833,12.921734,45078679.75822749
2001-08-20,12.83997831681053,12.97109325567977,12.43892210890732,12.832266,31963824.23805741
2001-08-21,12.864662374034266,13.20401735921683,12.542273934940969,12.562328,32053927.884831533
2001-08-22,12.784452915997099,13.092957730537027,12.378768062182614,13.079075,40466751.01138269
2001-08-23,13.034339618676679,13.202475199615234,12.725834840147877,12.789079,27379127.13598845
2001-08-24,12.926361937548075,13.418427837330483,12.850778811697438,13.154656,30008582.720992476
2001-08-27,12.860032743964636,13.784005041149268,12.810671319972798,13.6097,34564750.9496903
2001-08-28,13.572679100314174,13.875014345023505,13.327417595944365,13.432309,31840647.067976173
2001-08-29,13.469329018753417,13.554168208728802,12.88779735790704,13.000402,38783809.29797402
2001-08-30,12.75668449972207,13.049763681710186,12.455891148919267,12.958755,38662575.9903324
2001-08-31,12.872373745268227,13.185506060494324,12.702695351852093,13.066731,23984048.38982298
2001-09-04,13.031253951345036,13.031253951345036,12.067175314289942,12.158184,50137912.624484055
2001-09-05,12.147387741679808,12.509880600135638,11.65377898786487,12.41733,64709468.13551705
2001-09-06,12.172065884261155,12.556154634528964,11.854305096346822,11.909836,52694118.18463327
2001-09-07,11.723190560317114,12.21679826241472,11.66148925048678,12.03478,53220530.12861057
2001-09-10,11.932974410265434,12.116534597046552,11.44399423973088,11.686171,50576160.11292321
2001-09-17,10.958101832303619,11.226501285966462,10.433643746754282,10.486089,30755729.519366086
2001-09-18,10.689700410466488,10.766826367549205,9.616102793484572,9.853652,24158760.7775371
2001-09-19,9.909183827312287,10.023330402429819,8.348147758995102,9.733335,42190227.60114596
2001-09-20,9.211959292881431,9.548230370893167,8.638139974107862,8.909625,39726421.286619805
2001-09-21,8.221660065985095,8.724523037420692,8.024217123470523,8.320382,33124900.27501141
2001-09-24,8.9805812118283,9.3908935231717,8.582610644343399,9.255151,40720567.3899864
2001-09-25,9.282918424557751,9.68397474456462,8.866436541103019,8.894202,25437829.161064703
2001-09-26,9.008350145918104,9.039199423982923,8.483891131962869,8.573357,11637083.981210627
2001-09-27,8.542504241142858,8.63814049149497,7.869962970352114,8.098257,24507866.32234566
2001-09-28,8.329636318542542,8.888030148428678,7.974855820887446,8.474634,28224173.42239205
2001-10-01,8.468462577565633,8.607289832935562,7.620074411759426,7.755816,26277368.880334448
2001-10-02,7.743477490247111,8.051982248743718,6.99072450975289,7.367101,30335320.229762018
2001-10-03,7.3300802893603825,9.28291733614705,7.3300802893603825,8.817075,48589802.28592815
2001-10-04,9.286000985111583,10.427468234878177,8.965154555648889,9.961626,53499295.747019604
2001-10-05,9.810459113097817,10.393533569819668,9.437168367299414,10.149814,29124649.183699332
2001-10-08,9.748762476367018,10.763743711169552,9.748762476367018,10.378112,20688473.357919052
2001-10-09,10.405874093040932,10.612572149464334,9.631527104125084,9.927691,24785009.798089
2001-10-10,9.751844688889147,10.643423952016818,9.687057704535658,10.566298,26150950.2256798
2001-10-11,11.13086411404441,11.74170327541848,11.072247529100395,11.710854,24796997.324020945
2001-10-12,11.414686034046849,12.494453969550037,11.37458068783481,12.472858,33848718.081693865
2001-10-15,12.10882429748685,12.802960739868553,11.769468394928488,12.41733,24542221.038774036
2001-10-16,12.401902921079136,13.765494923797219,12.145843422910017,13.666773,37380587.71707118
2001-10-17,13.969106634420646,13.975277043165466,12.802957689096905,12.864659,45799904.21821519
2001-10-18,12.864662713652491,13.534118474418994,12.833812512052909,13.407632,27575557.004189856
2001-10-19,13.21635699241756,13.882727933211726,13.049764257219021,13.685285,28612820.326883946
2001-10-22,13.583477021989124,14.191232291857533,13.281142683600207,14.009214,26223881.355485037
2001-10-23,14.188146960322799,14.441120787661735,13.450820522860795,13.76241,25743177.176090524
2001-10-24,13.512521624892193,14.404101865097253,13.35826878642261,14.370166,32742412.725169636
2001-10-25,14.036978793071174,15.46844147646524,13.82102466091396,15.212382,31128504.647950597
2001-10-26,15.107494058754925,15.560996516573283,14.03698114573986,14.126447,29635493.189285316
2001-10-29,14.175808371219214,14.422611811884178,12.963383437890233,12.978809,27141531.071656883
2001-10-30,12.741256866323285,13.5557110546955,12.448177710714285,12.957211,31155084.222985953
2001-10-31,13.441566914687101,13.805602599554957,13.034339284720783,13.222528,26722736.699373975
2001-11-01,13.392204001672313,14.459631148725578,13.18859067199934,14.351655,29545059.79378685
2001-11-02,14.286868346671662,14.728030879708454,13.759325633061449,14.552183,29368724.880631313
2001-11-05,14.80515860381559,15.209298702608367,14.512078479087453,14.60463,25214496.498713076
2001-11-06,14.576864386773362,15.675141806100015,14.499738428681745,15.607271,38232111.18748435
2001-11-07,15.486954136920161,16.22119584788495,15.397487363857861,15.619611,38333894.34770175
2001-11-08,15.813968395895662,16.02375306590448,14.885369420613369,15.348127,51733026.24612111
2001-11-09,16.026839287522584,16.424808968523347,15.730672575445768,16.41247,61330273.73950417
2001-11-12,16.35076901601763,17.273200461410678,15.850991699919591,16.853632,39400646.847759575
2001-11-13,16.906073408796978,16.909159075811687,16.474166099632672,16.7148,39073272.65878742
2001-11-14,16.83820398163729,16.99862721189164,15.795458538074453,16.24896,31069834.228479855
2001-11-15,16.06385492096958,16.557461664286745,15.86024163031802,16.335339,23633977.84398597
2001-11-16,16.35077363906792,16.523536845373165,15.974397943013827,16.193436,13401395.956435684
2001-11-19,16.353851710826874,16.505019793188854,14.962493402516504,15.838648,52485691.822174475
2001-11-20,15.915777195995597,16.19343083917084,15.218555106496034,15.394403,25334105.011042
2001-11-21,15.13525568865292,15.601098877120522,14.746539370747927,15.196957,19675855.23865074
2001-11-23,15.255573114507508,15.425249633240242,14.99334416875826,15.409825,6861477.012230833
2001-11-26,15.668970278587446,16.532784043326068,15.625779266420238,16.511189,32840631.889078368
2001-11-27,16.50193306755779,17.060325904434727,16.19651310612795,16.687037,31981976.40478654
2001-11-28,16.47416947903093,16.74873929427843,15.807799466834142,15.844821,20011665.0431772
2001-11-29,16.99554427708281,17.081926315112465,16.47417008320492,16.538958,138719273.87365028
2001-11-30,16.53278569026482,16.977033897702523,16.289067003826265,16.856716,27931146.69447477
2001-12-03,16.501934007691283,16.708632068697437,16.304491097558767,16.600655,23000597.495002456
2001-12-04,16.6839518484406,17.954992226779783,16.6839518484406,17.936481,37401984.44633036
2001-12-05,18.078392839328725,19.420390525817737,18.062967280697585,19.383369,46110435.43435097
2001-12-06,19.232208783409988,19.281569290709562,18.593602303421772,19.077955,30765131.719243493
2001-12-07,18.936037646426918,19.108801695700976,18.16477631234903,18.494877,21799644.758416075
2001-12-10,18.402327358865872,19.1026332599602,18.248075438848602,18.679981,18796773.498024434
2001-12-11,19.00699239291162,19.790594436093063,18.818804660976934,19.349432,21400302.54096348
2001-12-12,19.497521476829604,19.960279077529194,19.121144060907003,19.951023,27136993.495115515
2001-12-13,19.559221301404868,19.80911133581641,19.300077040327196,19.377203,23808360.541508492
2001-12-14,19.374116330305682,20.345909110119887,19.28465048085633,20.250271,20385403.293269508
2001-12-17,20.09601598255429,21.271420992640028,20.09601598255429,20.97834,29198877.60347101
2001-12-18,20.518669691360916,20.80866503863529,20.265695873465166,20.438459,23958766.401263423
2001-12-19,20.102190739289203,20.512504051522903,19.80294203600354,19.880068,23085842.764722936
2001-12-20,19.96027766956584,20.321227647135533,19.02550645657461,19.096462,25694555.466509975
2001-12-21,19.512940683393673,20.05282316662547,19.28773143004442,19.923252,19555924.104814816
2001-12-24,19.914000480920063,20.521756667115678,19.904745329364093,20.41995,7166495.286315588
2001-12-26,20.52175445157358,21.268335979477012,20.518668784377954,20.919725,17345909.071400315
2001-12-27,21.101746784174175,21.499719267372164,21.07089658433176,21.404083,19722851.667347766
2001-12-28,21.530565030833674,21.672476099870803,20.682175028537173,20.888874,20466442.566506933
2001-12-31,21.043126886418694,21.163444770243938,20.592710172318842,20.638985,19923500.674112607
2002-01-02,20.728453988056526,21.11717126475835,20.207080777906377,20.762388,35085974.5373798
2002-01-03,20.80558080475301,22.212363848490757,20.793240911120012,22.122898,38215257.3129976
2002-01-04,22.41597507913907,22.41597507913907,21.101743620567273,21.478121,25290997.094317514
2002-01-07,21.564502322765183,21.5953543706528,20.611222632583832,20.901218,26284496.492874246
2002-01-08,20.858029522801225,21.650886990109054,20.787072117810762,21.148024,20916996.78419128
2002-01-09,21.441101654235204,21.826734224069245,20.561863134095027,20.858028,30825749.611128148
2002-01-10,20.746968446392376,21.030793461787162,20.176233672946072,20.358252,26809604.010118354
2002-01-11,20.493989957611806,20.50016036705502,19.377201379298796,19.457413,37299551.87222988
2002-01-14,19.41422122215964,19.549962813984937,18.43626,18.43626,36994535.76810047
2002-01-15,19.204440417610634,20.170060968657715,19.18284537142923,20.157722,49669848.70464034
2002-01-16,19.88315202408132,20.012723225656426,19.29699178451983,19.371033,30128840.88318883
2002-01-17,20.012722468146038,20.05282781650802,19.287735902516207,20.049744,30295127.792773813
2002-01-18,19.293902687814533,19.821446254351947,19.281563721447732,19.682619,21708885.723256648
2002-01-22,19.86772374041102,19.920168977180854,18.966889383991113,19.189013,29308761.116780736
2002-01-23,19.36177524446545,19.68879026035707,18.979228398915932,19.549963,24018085.435266547
2002-01-24,19.744324249444162,20.453885262974648,19.327841497307336,20.250271,30731100.81133729
2002-01-25,19.960283660772273,20.7006950663883,19.71347739085916,20.197832,22089097.26693439
2002-01-28,20.592717029189085,20.97834781721983,20.38910457284281,20.975264,24966846.25303405
2002-01-29,21.024620283367728,21.08632067875632,19.62092286830705,19.947937,37328722.98944497
2002-01-30,20.052828537854506,20.20399663618592,19.57464630578709,20.188572,32912911.933919843
2002-01-31,20.45080055515897,20.60813814148883,19.60549604296489,20.281124,26309129.919673093
2002-02-01,20.247185547750544,20.463139687044194,19.66719577939816,19.784428,18591593.031428557
2002-02-04,19.741238640587202,20.222506530559325,18.82189295170727,18.852745,29844567.442120496
2002-02-05,18.726257577843032,18.889764641051066,17.93339927280848,18.667641,39832410.26544275
2002-02-06,19.161244523444548,19.463580646134773,18.787952870423318,19.13348,33563152.584307715
2002-02-07,19.158165909412403,19.158165909412403,18.42392229504042,18.51339,26052407.963889915
2002-02-08,18.636789870355354,18.741681275987528,17.100434763286746,17.806911,50547310.08651641
2002-02-11,17.779146726744617,18.818810382546353,17.714360660338674,18.791044,33744015.05258569
2002-02-12,18.50721566684152,19.543793467064727,18.294347201499672,19.189013,32860080.936679758
2002-02-13,19.43581878769025,19.762833842914578,18.75710703841158,18.942211,33236407.843498312
2002-02-14,19.102628799515387,19.574642378119805,18.86199489794039,19.17667,33108377.281232875
2002-02-15,18.294345822495732,18.40232288064368,17.507658075097083,17.692762,107738610.7515548
2002-02-19,16.936923830787507,17.112772608963585,16.384700489440842,16.520443,53281793.654080585
2002-02-20,16.227367880090608,17.5693659847008,16.196517678731457,17.384262,49667898.73951509
2002-02-21,17.14670979650503,17.1528792800664,16.174918956505028,16.196514,41356538.20322076
2002-02-22,15.872582585491742,16.057685589404183,15.193870954136115,15.400569,69842626.68214402
2002-02-25,15.471529001084079,16.72714489839864,15.468443333487205,16.606827,43207395.22789634
2002-02-26,16.97085881586786,17.260854122332574,16.52044214925665,16.967775,51394954.94908437
2002-02-27,17.35340618808267,17.427447387818486,16.350764324650115,16.397041,46547706.03794917
2002-02-28,16.289068485039465,16.582147698726025,15.598016786259977,15.736845,42825874.33656492
2002-03-01,15.888007795789242,17.276280375548403,15.841732968645656,17.257771,35423410.875500664
2002-03-04,17.310222193026284,18.41775589630057,17.143629426125074,18.220312,40105330.64717004
2002-03-05,17.939565581164562,18.661468212299976,17.924140948054472,18.17403,37261632.42249518
2002-03-06,17.631060525589064,17.809994975229444,17.223835760425658,17.603296,39060953.698670976
2002-03-07,17.853188027402297,17.91180275241716,16.973947716361348,17.461386,36372500.5117635
2002-03-08,17.794571231819507,18.352965052496142,17.708189202560323,17.982759,34314836.06047325
2002-03-11,17.785312816495136,17.982755699752744,17.476807212356103,17.772972,21894297.60230872
2002-03-12,17.230007363276854,17.322558878342775,16.720974955929453,16.841291,33900903.70498319
2002-03-13,16.683950397237272,16.80426641947757,16.47416576713116,16.535868,27865999.450213313
2002-03-14,16.412469287512398,16.412469287512398,15.585675135973233,15.619611,30779074.74747611
2002-03-15,15.730672376736328,16.29832322909676,15.43142370285435,16.279812,33718733.85270051
2002-03-18,16.575976857305285,16.933843035054235,16.094708038669015,16.279812,33413714.544123728
2002-03-19,16.397043570904984,16.427893767126935,15.838648818336209,15.934286,22854083.14188662
2002-03-20,15.672055049899503,15.702907096920635,14.299208833851916,14.351655,61927350.33728863
2002-03-21,14.595372563992655,15.28642319499241,14.20974097869645,15.113661,46506860.51513263
2002-03-22,15.38514632551925,15.38514632551925,14.869944441559207,14.984091,33741749.58150615
2002-03-25,14.913132449921656,14.931642751235383,14.191230698686272,14.209741,23882917.544521045
2002-03-26,14.061660157400294,14.860687892107428,13.981448539538052,14.499737,30348289.03190451
2002-03-27,14.277615046338923,14.567610449942627,13.790177617798294,14.036982,28849118.628213674
2002-03-28,14.132617036009535,14.222083813417521,12.91710738769562,13.685285,84387593.39202654
2002-04-01,12.926362876603458,13.564969349416602,12.512966665894263,13.460077,63892623.81551012
2002-04-02,13.055933759574318,13.787090713237697,13.031253047570088,13.108379,38843449.21798492
2002-04-03,13.166995297057795,13.5248623994079,12.895511153726403,13.355184,29568396.811305635
2002-04-04,13.253377392757661,13.743900438718663,13.07135909864443,13.290398,30549579.92981098
2002-04-05,13.376778430840384,13.592731653643959,12.852319546300116,12.988063,27738606.373791073
2002-04-08,12.386478909754606,13.423056,12.383394167395869,13.423056,31099325.17645013
2002-04-09,13.555712047570019,13.66677293876092,12.543814878349341,12.574666,37297282.92635367
2002-04-10,12.676475177461876,12.772111452295212,10.982782137048815,11.880532,99666745.37366676
2002-04-11,11.784895023045246,11.936062208230137,11.229584937036181,11.359158,38823994.873105906
2002-04-12,11.612129757367052,11.704681267320789,10.961183520349046,11.315964,37192261.92766255
2002-04-15,11.53500281728113,11.96691016981132,11.507237364450942,11.772552,31258485.33096308
2002-04-16,12.300093632089721,12.426580057697185,12.044034188529949,12.284669,23091361.293299805
2002-04-17,12.429671,12.61168932513455,12.040954557706629,12.429671,25512381.059804395
2002-04-18,12.30318371312073,12.435840604447588,11.95457354917717,12.222973,18723514.46544961
2002-04-19,11.809573491309505,11.954571175491559,11.374581364278512,11.390006,30406633.08156291
2002-04-22,11.263519706643674,11.676916794302459,11.260434964558033,11.445538,21830436.169518635
2002-04-23,11.535003418039793,11.667661205480865,10.880973334320412,10.98278,20893985.534254532
2002-04-24,11.109267282034718,11.272775277931794,9.992479543650413,10.020245,42758778.57191117
2002-04-25,9.9801402352633,10.609489690620876,9.977054567366492,10.408962,31557988.36961841
2002-04-26,10.523106064968918,10.535445957067795,9.369297,9.369297,32174517.47703163
2002-04-29,10.476832531752752,11.087672591024555,10.125136740050804,10.930335,106180099.05460355
2002-04-30,11.189477661289217,11.337560078642921,10.50459648102834,10.73906,47986898.96469523
2002-05-01,10.563211068288934,11.084584218510033,10.288642230703541,10.933418,46431013.306945734
2002-05-02,10.98586686280897,11.257351048526608,10.489173331919073,10.492259,30390744.869689167
2002-05-03,10.50459622886729,10.584806919331697,10.051093836607821,10.10354,23034632.624436583
2002-05-06,9.841311723240953,10.304069342288571,9.637698370859999,9.71791,29768391.557443935
2002-05-07,9.933861475909367,10.140559514468428,9.474188723933564,9.961626,38153028.85589159
2002-05-08,10.64034063267175,11.2789452296565,10.30406947482825,11.106183,45614807.53558626
2002-05-09,11.072244549235998,11.30053856614804,10.612571773803316,10.631083,33247433.987393383
2002-05-10,10.850121966271551,10.890227313032959,9.717908776100728,9.835141,35697633.92440434
2002-05-13,9.936948216224668,10.464490939334162,9.853651850652353,10.430556,21633680.984982967
2002-05-14,11.096927898305085,11.58436531519322,10.905655362772881,11.467134,41223307.58496413
2002-05-15,11.291283780772657,11.908294131942851,11.133946219893039,11.69234,40640829.59117679
2002-05-16,11.695424773155207,11.95456991728644,11.457876523100435,11.713936,26621932.902228594
2002-05-17,12.031698750661157,12.118079869083884,11.732448190365291,12.084144,25240101.69248231
2002-05-20,11.982336217008811,12.29392661994199,11.926804383575792,12.213715,25753549.75493533
2002-05-21,12.371053166038557,12.540730639868746,11.26968918063823,11.28203,37346875.429333195
2002-05-22,11.371497571356521,11.80648973469403,11.352986341018408,11.738618,41814222.2619477
2002-05-23,11.772551173803526,11.797231883092191,10.674273955940889,11.022884,69063708.28178905
2002-05-24,10.813102409913581,10.868633322590197,10.557043818470444,10.806932,19929007.94634407
2002-05-28,10.902571016128745,10.908741427076498,10.162158723013041,10.378112,36927749.92287614
2002-05-29,10.21151902500321,10.813103020804755,10.054181430197275,10.769912,35413030.2225125
2002-05-30,10.550872607608872,10.868632497520116,10.344173609104686,10.612573,28796935.69429393
2002-05-31,10.674272668756986,10.720547489131144,10.304065776129454,10.322577,18209106.818500843
2002-06-03,10.07269026556001,10.118966026237183,9.591423280032604,9.714825,24344494.47214953
2002-06-04,9.653123617499286,10.257793244765985,9.637698055530652,10.205348,29589789.307390593
2002-06-05,10.22694247003244,10.23002721204625,9.702484498835751,10.057265,30099669.173070412
2002-06-06,9.952374899099908,10.196093636286294,9.949290156393745,10.060352,19971467.499347933
2002-06-07,9.242812072146661,10.088115643226974,9.239727329996304,9.964713,37041531.16552379
2002-06-10,10.097369127216306,10.37810838197945,9.856735215843598,9.881415,20235975.770089608
2002-06-11,10.044924345142388,10.088115361617675,9.412489286940527,9.43717,23211613.032392126
2002-06-12,9.211957860655748,9.378550540205204,8.2278273399704,8.622714,61250878.65562978
2002-06-13,8.687501913720173,8.847925162689805,8.261764928904556,8.53325,34194252.60012305
2002-06-14,8.218575476883446,8.758459067948406,7.940920899961707,8.693673,30157363.48679091
2002-06-17,8.888029214747148,9.002175762319997,8.619630775971,8.770797,28474415.430091474
2002-06-18,8.662822601331158,8.977497781294042,8.561015925460813,8.724523,27236180.49892241
2002-06-19,8.298785856784402,8.298785856784402,7.293059934591194,7.357846,70058815.44680332
2002-06-20,7.373270356187204,7.573798004072279,7.1943377514011955,7.289974,38493376.50249507
2002-06-21,7.252954942351278,7.533694264505485,6.842642557454438,6.990725,40095610.91736551
2002-06-24,6.811791269141736,7.339334886452984,6.60200753386965,7.120296,37265517.68401202
2002-06-25,7.249869235667348,7.249869235667348,6.487861979316865,6.531053,31664307.695650302
2002-06-26,5.7906407016291475,6.410735916875784,5.630217441868609,6.191697,55856130.072256446
2002-06-27,6.419989539897982,6.469350965418675,5.1828848936115275,5.269266,85973956.42516434
2002-06-28,5.182885679032093,5.519155929464195,5.06873817504321,5.300117,53785820.73067443
2002-07-01,5.275436107084954,5.429688933341011,5.176714187219265,5.287776,31451998.779241025
2002-07-02,5.2260750174760275,5.244585317507803,4.818847491261986,4.95459,36957261.56927213
2002-07-03,4.923741118410252,5.392669152478215,4.920656376089262,5.383414,28992066.919653583
2002-07-05,5.769045210188942,5.861596742574408,5.602452451895103,5.858512,19976006.3647561
2002-07-08,5.790640310038804,6.244141824707669,5.784469900306749,6.034359,42872878.46149027
2002-07-09,6.049784412806129,6.126910367741935,5.608621877419354,5.738194,29040042.91245643
2002-07-10,5.877020829187395,5.923296583747927,5.5407506545525695,5.580856,25039786.190505546
2002-07-11,5.550005830054884,6.170101972835323,5.500645325245325,6.148506,30900301.222296927
2002-07-12,6.478604094495022,6.503284799550436,6.01584665917395,6.142334,36328427.631499685
2002-07-15,6.15775971169782,6.7562597416053105,5.880105201768835,6.753175,40390267.75710685
2002-07-16,6.586582559678733,7.203591989617043,6.463179933279015,6.571157,47903920.11635089
2002-07-17,6.429245756349641,6.555732213889246,5.756704417311894,6.012763,51926863.06787745
2002-07-18,5.91404291943128,6.2626539999216435,5.843087361612639,5.858512,33580967.487990126
2002-07-19,5.679578102815268,5.904786473823886,5.553090727734062,5.593197,22845980.05330404
2002-07-22,5.568516454746584,5.725853104554603,5.105758880266679,5.334052,34865555.72457862
2002-07-23,5.364904767561674,5.398839716422358,4.754064581884162,4.936082,38077484.98766836
2002-07-24,4.868209093314282,5.330966611690164,4.865124351696789,5.250755,31741785.74462149
2002-07-25,5.0471422519199205,5.062567812749005,4.4764085329406385,4.646086,48525624.36424982
2002-07-26,4.78182860774559,4.892890426308595,4.4116225458689025,4.538109,33005942.523086153
2002-07-29,4.726298327023611,4.750978117420834,4.513429813134723,4.664597,33163147.85607417
2002-07-30,4.643002035200429,5.238416566065563,4.627576471789367,5.003953,49108102.564132795
2002-07-31,3.6465297940379404,3.7205710081300807,3.3750456508718156,3.415151,130660742.38005875
2002-08-01,3.4429154003081517,3.4429154003081517,3.0850493333482185,3.088135,46614809.06142381
2002-08-02,3.186856276857938,3.2084522434299205,2.8073951345543167,2.884522,48493542.41725319
2002-08-05,2.841330719612707,2.8475011274002178,2.6192071454410297,2.653143,35945288.69695301
2002-08-06,2.7765454390557527,2.896862408081502,2.733354423720948,2.791971,31571606.488749344
2002-08-07,2.915372775410319,2.9431382304142275,2.622292664086237,2.727185,24121160.625883467
2002-08-08,2.754950811689809,2.955478506781529,2.683994331210191,2.906118,20405497.643247794
2002-08-09,2.8289908510059947,2.9307974899400553,2.7796294393613654,2.838246,15702178.332744941
2002-08-12,2.8073948863433817,2.946222121253465,2.733353694391338,2.838246,16012708.17962925
2002-08-13,2.856756874182783,2.9955841370936893,2.77654525821812,2.77963,17677183.49078834
2002-08-14,2.832076464441116,2.992498787908754,2.8073957510171774,2.967819,17090157.207161218
2002-08-15,3.0788807419355684,3.2362183191950433,3.048029619580466,3.174517,30796902.331913803
2002-08-16,3.004839790716444,3.408980828911303,2.9122882666236913,3.297919,44770413.46015473
2002-08-19,3.4398314476488183,4.14939241091056,3.4336610384457673,3.902589,60612949.172818355
2002-08-20,3.933439330024814,4.010565282892804,3.6804655012263026,3.729826,38613306.894209005
2002-08-21,3.8995035453444267,3.9766304252866798,3.717486181834657,3.927269,32275970.666307807
2002-08-22,3.8100375605375607,3.964289463852683,3.769931288242927,3.794612,36695672.706458524
2002-08-23,3.686636053548825,3.711316772845953,3.523128949062141,3.544724,24849181.20564535
2002-08-26,3.6125933426176164,3.6372740518134714,3.4058952953367876,3.572488,18869709.849270314
2002-08-27,3.6341907187615385,3.652701026453846,3.347280949530769,3.368876,18549448.54010655
2002-08-28,3.35036441507465,3.356534823791584,3.1467511080811628,3.159091,18918007.16209188
2002-08-29,3.118986370396686,3.3441947711289517,3.09430565539984,3.199198,22028810.594405223
2002-08-30,3.168346236213145,3.3010040113759396,3.0541996877030013,3.115901,28791752.010862987
2002-09-03,2.9678190173658225,2.983243653520253,2.8752674983784807,2.924628,22886820.477681268
2002-09-04,2.9338834585987263,3.0110094239789813,2.7796306023229302,2.906118,25136051.598730676
2002-09-05,2.8783513410596027,2.8906912312301327,2.7765447019867553,2.795055,19294989.186259303
2002-09-06,2.9122879076100534,2.936967693982215,2.813565985576028,2.856757,20163365.739718147
2002-09-09,2.835161693134021,2.9431387916906804,2.7487805695978995,2.853672,15614003.705751747
2002-09-10,2.838247577970348,3.4089814662329676,2.8351619095802185,3.260899,62603819.58668453
2002-09-11,3.362704428852531,3.671210067638497,3.362704428852531,3.421321,44773339.24902107
2002-09-12,3.3380247107396643,3.5200420602100553,3.2763233966480443,3.313344,34978684.37445675
2002-09-13,3.279409308279121,3.4367469286516488,3.2393039488461635,3.260899,21525087.21042878
2002-09-16,3.211537575757576,3.2238774692727272,2.977074045878788,3.0542,24998618.29611682
2002-09-17,3.1899422736332306,3.2670682215384614,2.9894136984615383,3.007924,23879999.960105374
2002-09-18,2.9616486075949364,3.0202642611151895,2.8351612231405063,2.924628,21925410.00086165
2002-09-19,2.859842876620401,2.9616495809661116,2.810482358776131,2.825907,16706689.514516933
2002-09-20,2.847501408396417,2.906117048859935,2.779629692580782,2.841331,18565663.768142466
2002-09-23,2.7950559596985287,2.8228214162518253,2.6994196956311356,2.71793,14091502.484353902
2002-09-24,2.687078830008446,2.8690971283783786,2.6377183277027028,2.739525,16867470.0906179
2002-09-25,2.8999471514679986,2.9462229088079943,2.7858005918677256,2.890692,24219376.71955366
2002-09-26,2.9462217325072455,2.9770728420931407,2.693248001888613,2.736439,19976990.59361455
2002-09-27,2.7302697757324506,2.801226247900613,2.637718257911011,2.640803,17576373.011390854
2002-09-30,2.631547848217856,2.7549504889898935,2.5760169375249924,2.640803,15778347.393690482
2002-10-01,2.662399024425385,2.8073957882359437,2.5667618370867142,2.782716,23996364.48814755
2002-10-02,2.804310710800301,2.9462227154930876,2.77963,2.77963,20234678.269230075
2002-10-03,2.7456946438965413,2.7919703911222413,2.6377175918649254,2.643888,15952416.638450645
2002-10-04,2.637718389154593,2.721014759338422,2.46804090654446,2.511231,14310623.588630438
2002-10-07,2.4772957697453486,2.5266562674418602,2.3693186976744185,2.387829,13318745.186527178
2002-10-08,2.4680411164998826,2.4742106015096677,2.2212367271953033,2.316873,19293360.079684988
2002-10-09,2.282937149354797,2.4310195390315417,2.2335757357859247,2.273682,15481435.739958357
2002-10-10,2.25208765950615,2.464956248263387,2.25208765950615,2.390915,14533304.411240047
2002-10-11,2.483465527650905,2.7611200931838713,2.46804089102033,2.71793,26853691.33292616
2002-10-14,2.637718,2.7179296161073685,2.582187094736842,2.637718,16517396.855918638
2002-10-15,2.9307972967679774,3.035688669948234,2.8721807399928245,2.912287,23034962.936825935
2002-10-16,2.714843751014538,2.739524460060631,2.6222922489854623,2.668568,15616278.16203297
2002-10-17,2.899947457332487,3.0079245443527975,2.8289919056040715,2.872182,15823402.249021824
2002-10-18,2.85675691241531,2.9307981202920343,2.748779842423388,2.899947,13462017.01165573
2002-10-21,2.8598417492837314,3.2670684061396673,2.795055690238469,3.162177,25138000.73658116
2002-10-22,3.0171789461756373,3.455255744375071,3.014094204633428,3.267068,34363786.122602895
2002-10-23,3.316429620390528,3.4460017664497062,3.2701538539408213,3.399726,24997641.071103968
2002-10-24,3.467596929193697,3.504617533685035,3.1776015770014747,3.226963,28502289.859877538
2002-10-25,3.2393029729729728,3.4398315607572973,3.1961119581616217,3.424406,20149751.518949565
2002-10-28,3.581743258064516,3.609508709677419,3.4213209572505376,3.442916,28917519.916257035
2002-10-29,3.4490865663226273,3.4737663518729756,3.118985873572083,3.291749,20872917.236216977
2002-10-30,3.3966405314376753,3.5786588157418313,3.3843006381936265,3.467597,30780047.824415583
2002-10-31,3.4922764736565983,3.6958897842773286,3.483021323173838,3.67121,33912900.7772097
2002-11-01,3.615680155313617,4.402368176590213,3.609509744680851,4.349922,57504072.48681701
2002-11-04,4.612149545213014,5.093418281550784,4.599809653440514,4.825018,72611787.47911407
2002-11-05,4.812677575720534,4.892889177154182,4.427046051212313,4.633745,54956974.74817885
2002-11-06,4.791083350599156,4.997781409009976,4.602894668188113,4.991611,44462160.669811815
2002-11-07,4.8620407709620626,4.8620407709620626,4.460983542268042,4.488749,44855014.16987227
2002-11-08,3.7946124652629867,4.019820864045875,3.3966409140280884,3.504618,102615814.80706315
2002-11-11,3.338025346484575,3.3873858518497952,3.152922294470925,3.233133,37234718.309732385
2002-11-12,3.310259201603962,3.6403589588358427,3.282493749564921,3.520042,37308630.83170598
2002-11-13,3.436745825458099,3.7329106628552813,3.3688750253929505,3.631104,48678621.42819374
2002-11-14,3.871738,3.9457792106805747,3.754506700099179,3.871738,30759302.543353915
2002-11-15,4.0722666369710465,4.291305529737416,4.025990879732739,4.155563,55491474.440406755
2002-11-18,4.488748626431737,4.504174187948591,4.297475180580445,4.309816,53550499.26043246
2002-11-19,4.285133919204934,4.590553831372888,4.238858174937062,4.371515,53266242.15337247
2002-11-20,4.504173897214717,4.62757560483871,4.445557322543348,4.590555,34920985.3710499
2002-11-21,4.775657687732342,5.207565022259665,4.766402537174721,4.979271,55480458.88645145
2002-11-22,4.676935877245611,4.948420916647519,4.627575381679389,4.849699,33816304.88820028
2002-11-25,5.074908506718969,5.14895065507035,4.877465554327808,5.025548,33227003.900868125
2002-11-26,5.050227326221914,5.14895018161263,4.874380363671001,4.889805,29289956.54507695
2002-11-27,5.096503787223056,5.355648031903631,5.031716800537751,5.269266,29404056.452777296
2002-11-29,5.408092699667776,5.485219571785814,5.244585655848862,5.284691,14029917.548632456
2002-12-02,5.565429564116791,5.6363860184478805,5.219904292946806,5.244585,31536605.799925067
2002-12-03,5.145864432510776,5.158204326481759,4.88980492262778,4.899061,28260476.33148475
2002-12-04,4.553532849785407,4.6275740343347636,4.297473444713948,4.312899,59603260.35921546
2002-12-05,4.590555199897604,4.621405396768207,4.248114590227823,4.353006,43080655.69158416
2002-12-06,4.164818789808917,4.442473375796178,4.096947977294905,4.359177,31312934.987498786
2002-12-09,4.217263982909921,4.285134779625752,3.9766300643996204,4.010565,26196007.774066746
2002-12-10,4.112372516024875,4.427047705898885,4.059927268056049,4.346837,37543627.143690914
2002-12-11,4.315985590138758,4.442472976445396,4.170988825278801,4.322156,36849961.91715431
2002-12-12,4.482578826660292,4.535025002541727,4.241944846933587,4.2512,35184507.23216974
2002-12-13,4.174073782785029,4.174073782785029,4.053756800132689,4.084607,19117026.950769067
2002-12-16,4.2265199894266035,4.349921715400978,4.11854290075199,4.325241,28550906.91868962
2002-12-17,4.402365324764548,4.550447679901523,4.285133151776202,4.319069,29112016.72888301
2002-12-18,4.183329215777262,4.189499626370534,3.97971584686775,3.988971,30438070.118835155
2002-12-19,3.918013634734969,4.124711699613463,3.862482728452828,3.902589,29729498.589705452
2002-12-20,4.025989520126439,4.069180520801322,3.7606758852352753,3.955034,21733201.1329359
2002-12-23,3.9457793929496043,4.078437185223639,3.933439499104531,3.9828,13469471.187255198
2002-12-24,4.004395661517259,4.084606353581394,3.880993030546875,3.902589,8112671.486236445
2002-12-26,3.9673755403891304,4.025991195652174,3.7976971335239136,3.831633,19442143.858767264
2002-12-27,3.9365250133719676,3.9457792392589326,3.652700061869043,3.686635,18976674.974766962
2002-12-30,3.7020606853478477,3.7421669597825633,3.473766634579673,3.557063,21197383.47633989
2002-12-31,3.520041881760653,3.64035883655501,3.4521710875611564,3.550893,22295585.89298523
2003-01-02,3.7020607394037968,3.8408880171314395,3.575573355635772,3.797697,35184187.71837248
2003-01-03,3.810037819474802,3.933439535616534,3.732910937060433,3.797697,28024823.82196368
2003-01-06,3.8902496997968745,4.16790526508013,3.8871649567490545,4.106203,27914930.600411132
2003-01-07,4.186415469792123,4.282051757039545,4.047587227861659,4.093863,40471285.80375064
2003-01-08,3.9889702543071337,4.106201555057034,3.658869545793686,3.686635,50040348.32911313
2003-01-09,3.800781410542879,3.84088674678345,3.71439940485028,3.75142,38791272.646811076
2003-01-10,3.702061414879662,3.871738921223195,3.6527009045197176,3.816208,24972357.19224424
2003-01-13,3.961204880195599,3.9951407445278724,3.7668466968215157,3.785357,22936415.244321737
2003-01-14,3.7976974366405343,3.8501436116504855,3.698976422582767,3.813123,23460552.413336784
2003-01-15,3.8162079958528374,3.8470591246202104,3.695891,3.695891,24434602.7688046
2003-01-16,3.6403602322612567,3.68663600184727,3.396641487613383,3.446002,55103783.74713653
2003-01-17,3.353449606234475,3.3997253640275686,3.2732389097365497,3.316429,28601152.376969326
2003-01-21,3.3781306992491125,3.449087177692765,3.2238778473993177,3.233133,26130201.244025532
2003-01-22,3.223877182069096,3.3195143562157905,3.2146220313784526,3.236218,14883388.13751113
2003-01-23,3.32260025719854,3.3781311807171783,3.236219129119122,3.325685,24809311.86994559
2003-01-24,3.297918299164602,3.31334385840708,3.0819650973451327,3.137496,24232669.30061425
2003-01-27,3.0696249592035927,3.2300472455089824,3.014094061,3.09122,24016791.428626884
2003-01-28,3.0511148537843926,3.2608976433254337,2.949308200605202,3.202282,48229362.685734734
2003-01-29,3.1159008561915016,3.2917487088827198,3.1159008561915016,3.267068,27607331.711491767
2003-01-30,3.3318549476520722,3.359620405549173,3.1004761318429006,3.134412,20071630.08315435
2003-01-31,3.0418609461020347,3.2701541294793603,3.0140954838927327,3.183773,25652085.12039018
2003-02-03,3.24238733290301,3.307173384729431,3.1776012810765892,3.245473,20409068.96970026
2003-02-04,3.2238777213456715,3.23930328358209,3.05420023880597,3.100476,16955960.955672614
2003-02-05,3.1683463453411242,3.2547283706352075,3.115901107321598,3.128241,15707685.565146673
2003-02-06,3.3441934582079784,3.350363865913516,3.1004748482901325,3.152921,33121671.68736546
2003-02-07,3.2146223343866116,3.2300478954967105,3.0048395159680856,3.011009,24720178.642342154
2003-02-10,3.0079246465510776,3.0696259734469606,2.8783525079304155,3.04803,26542835.80260037
2003-02-11,3.072710630176353,3.162177412853238,2.9770743628426146,2.992499,22979524.107008893
2003-02-12,2.992498440212923,3.1189858092307694,2.9678186551716923,3.007924,17325487.612054028
2003-02-13,3.060370561797872,3.0757951980805465,2.9770741940167174,3.044945,24018082.100005094
2003-02-14,3.461427133008898,3.7174866679308693,3.378130758150395,3.714401,95861302.65049465
2003-02-18,3.8563134551125264,4.001310212414864,3.810037697353236,3.927269,47014789.28377455
2003-02-19,3.902589600535378,3.9889707150949976,3.8593985804979445,3.96429,30826396.52747402
2003-02-20,3.9797155626237797,4.084606982125836,3.9488653628914685,3.96429,26421282.713651117
2003-02-21,3.9612055893308256,3.9766311532461005,3.8254630332162503,3.967376,24668959.435783245
2003-02-24,3.9334396313364053,4.161732765478341,3.911843659487557,4.016736,30712947.52754475
2003-02-25,3.8871636650442554,4.0105653776517185,3.825462345982945,3.992056,33473357.75184517
2003-02-26,3.9396099453539355,4.004396008293502,3.7884418481514905,3.797697,20175033.6522108
2003-02-27,3.8347169898243436,3.8964183007159905,3.7730166044477325,3.877908,18241518.880798616
2003-02-28,3.7575933292540924,3.9025910814989824,3.6465314574534795,3.893335,44659863.18783254
2003-03-03,3.93960981860904,4.010565363488045,3.779186574719212,3.828548,18963384.774149362
2003-03-04,3.8408880171314395,3.8779086245254777,3.760677318121147,3.797697,14543035.295706846
2003-03-05,3.760677979919904,3.8809940496083932,3.751421900927338,3.859399,14104466.265343387
2003-03-06,3.8285478629765857,3.8655684678546343,3.779186439462439,3.794612,14804296.196818015
2003-03-07,3.735996690890688,3.8655688197595537,3.702060824824726,3.853228,15697959.258341316
2003-03-10,3.813121791340874,3.8316320912988386,3.739080591509012,3.745251,9313625.408096815
2003-03-11,3.773017,3.8347173918451034,3.7298259852963223,3.773017,11267887.071857879
2003-03-12,3.8038667971360383,3.8871631503579955,3.7699309373183767,3.877908,13341760.557496466
2003-03-13,3.9920549345168643,4.288218780625342,3.973544636290402,4.263539,36810103.849431194
2003-03-14,4.278966324055686,4.319072612459881,4.1092887920483445,4.140139,29557041.655243948
2003-03-17,4.072267216356847,4.464068374880027,4.0630120635923985,4.380772,35326483.34622299
2003-03-18,4.365347305286707,4.414707810879502,4.257370215942497,4.346837,25182728.905868795
2003-03-19,4.356091179600001,4.399283125484746,4.214179149122034,4.368432,19259326.000725202
2003-03-20,4.3684316506950065,4.501088518023199,4.254285086971454,4.408537,21070967.19376519
2003-03-21,4.559705461047458,4.575130098274577,4.170989054267797,4.368432,45428748.80506323
2003-03-24,4.1894974443087385,4.319069520673805,4.164816740305687,4.204923,22663494.190880544
2003-03-25,4.217264836840644,4.390027068101716,4.201839274025626,4.325241,18174416.73032786
2003-03-26,4.420877215574893,4.519598204305427,4.386941355096555,4.445557,29924958.957448978
2003-03-27,4.386939770932873,4.479491242893482,4.306728186728772,4.319069,37620471.35762361
2003-03-28,4.319071837778607,4.334496476230079,4.075352184473669,4.143223,34863928.27241015
2003-03-31,4.016735082805112,4.066095574088809,3.95503470007924,3.973545,18381873.95431535
2003-04-01,4.056842127392309,4.133969026453847,3.967376257223077,4.090778,14419209.25554992
2003-04-02,4.229604106880299,4.3129004678473075,4.17407319956896,4.241944,20850550.73039625
2003-04-03,4.319071975344435,4.319071975344435,4.208010132482852,4.297476,18983477.544377215
2003-04-04,4.309815532539023,4.3159850160644515,4.112371698393554,4.130882,13879838.668352185
2003-04-07,4.408537567326387,4.442473436807095,4.133968645533925,4.174074,18131953.099058617
2003-04-08,4.211092935739333,4.232687975622762,4.106200626557117,4.133967,12831559.603305977
2003-04-09,4.1493926059280275,4.26045442371211,4.106201590506946,4.112372,18753339.730573986
2003-04-10,4.167902855972473,4.174072338502064,4.093860735983005,4.133967,9835173.583678825
2003-04-11,4.180244532637619,4.21417947759453,4.047586718846813,4.087693,10107450.123627191
2003-04-14,4.025991129524565,4.170988819705996,4.013651235333772,4.158648,12041293.296571383
2003-04-15,4.130881591569575,4.1894981578711405,4.0290749428,4.137052,13241600.782392872
2003-04-16,4.23268824033915,4.241943390227293,4.103116141905145,4.137052,18151731.957925595
2003-04-17,4.167903909317802,4.220349151648351,4.081521876923078,4.211094,14066220.084377123
2003-04-21,4.217262380843329,4.331408887756507,4.177156125983919,4.319069,16130051.401401555
2003-04-22,4.297476028233432,4.377687668221111,4.226520467393719,4.374602,21269014.844504707
2003-04-23,4.368431589547006,4.501088455018307,4.334495724908464,4.473323,16374772.16563615
2003-04-24,4.476408528831983,4.476408528831983,4.282050349727505,4.340666,17852544.286982693
2003-04-25,4.315986646034564,4.390027880422665,4.140138714362826,4.180245,23896198.03913407
2003-04-28,4.229605031490332,4.383857894024993,4.1802445227059835,4.306731,18232761.3159726
2003-04-29,4.405451143471081,4.501087379397194,4.371515286942162,4.439387,18107325.08479211
2003-04-30,4.414706591437083,4.535023542566397,4.396196291263343,4.420877,12604333.685035797
2003-05-01,4.390026425196295,4.491833088732587,4.365346638924851,4.448643,19809724.923173204
2003-05-02,4.507258509433963,4.936080194639623,4.4825777984132085,4.90523,45679643.9718423
2003-05-05,4.951506777163903,5.256926821362798,4.8620409165804785,5.025548,42575309.79706094
2003-05-06,5.000866801963006,5.161290052991852,4.951506300000773,5.031717,30898033.99825546
2003-05-07,4.957676409439626,5.074907710186542,4.865124895420935,4.951506,24239797.952380545
2003-05-08,4.889803949888789,5.152033817348929,4.8281035667928744,4.95459,52874669.687683545
2003-05-09,5.809150743654832,6.6421144279301565,5.6456427489772,6.592753,249343715.6035119
2003-05-12,6.608178604149186,6.7562610378556105,6.355204755072449,6.40765,81248259.49209148
2003-05-13,6.188610158396157,6.386053990573702,6.151590481067323,6.287333,49272779.476099
2003-05-14,6.308929458361225,6.386055423081759,6.200952367340258,6.281164,26082227.441681188
2003-05-15,6.3737142952096875,6.509455892824502,6.3397784330484335,6.497116,29865963.29817722
2003-05-16,6.416905052882264,6.67296456571192,6.407649900918725,6.558818,27793060.6664646
2003-05-19,6.472437014768795,6.534138346374711,6.111486029629116,6.188612,32967686.721772183
2003-05-20,6.197867059884606,6.278077759716622,6.170101604054634,6.231802,23881941.793449152
2003-05-21,6.2348867934404595,6.453924741710187,6.2009509325681496,6.45084,24458597.019922987
2003-05-22,6.460095107726173,6.53105157070956,6.308927956690321,6.472435,24008685.540017013
2003-05-23,6.478606274902374,6.602007990681169,6.410735470051315,6.4385,23435920.25158034
2003-05-27,6.370629494339547,7.033915714520938,6.247227772765307,7.009235,45310113.58894373
2003-05-28,6.987640257618723,7.064766221272782,6.817962767373688,6.990725,33374814.15785916
2003-05-29,6.9876391387856245,7.706456188719826,6.972213578318587,7.468907,62066409.18142374
2003-05-30,8.1753846810014,8.215490960224262,7.974856986948221,8.073578,57868088.24382449
2003-06-02,8.283360770631067,8.292615922330098,7.576883573928399,7.626245,42304655.04320934
2003-06-03,7.5398623632017845,8.014959745541022,7.447310864985374,7.783581,43132851.19021694
2003-06-04,7.758903216465854,7.974857410711847,7.638586223434495,7.968687,31755389.689669073
2003-06-05,7.863793565795464,8.224743527335285,7.758901238017305,8.196979,32533342.959241442
2003-06-06,8.517822625197532,8.561013633112825,7.885387692337434,7.947089,37245101.88451394
2003-06-09,7.897728750783832,8.101341128717673,7.731135122447024,7.851453,19464514.021774057
2003-06-10,7.851453450028913,7.971770408963192,7.765071426604516,7.9656,15215959.713543234
2003-06-11,7.916241152312102,8.042728561321319,7.774329104154095,7.971773,25494876.45102288
2003-06-12,8.027299927463543,8.11368102042169,7.826772291076953,7.851453,28273123.133361425
2003-06-13,7.512099090443677,7.728052340351613,7.188168752824148,7.240614,49345702.28113251
2003-06-16,7.326995197950188,7.487417514392991,6.842641655616771,7.394866,51454263.403826386
2003-06-17,7.564544589620415,7.620076432006112,7.3424209221387535,7.570715,27007981.940939527
2003-06-18,7.496673320120617,8.011877103712171,7.43497292215035,7.860709,30309387.950806983
2003-06-19,7.894645053459679,7.934751331155648,7.342420647819278,7.382526,32158627.43426843
2003-06-20,7.462738516619025,7.465823258919902,7.188168686383813,7.3054,25333132.228844415
2003-06-23,7.299229756807565,7.336250362631584,6.901257318684209,7.046255,19847973.409534566
2003-06-24,7.003064547071762,7.157316446329687,6.805620709238671,7.03083,27250122.73185385
2003-06-25,7.049340546110089,7.336250236305831,7.021575092220179,7.077106,28649450.614205863
2003-06-26,7.098701894701703,7.1819982663474855,6.876578236979616,7.086362,25946088.134433437
2003-06-27,7.1696588794436185,7.234445884746277,6.925940125892022,6.959876,19154299.875457548
2003-06-30,7.052426436821194,7.191253728884603,6.972214804012798,7.067852,14697974.509709598
2003-07-01,6.978384759748428,7.367101152201258,6.913598694339623,7.357846,26391138.112974912
2003-07-02,7.425716768157411,7.5213530199704355,7.234443339016259,7.33625,22874505.23863009
2003-07-03,7.166571969394897,7.441141771112641,7.151146408462169,7.252954,11369668.07008565
2003-07-07,7.3516745549680245,7.768156345387187,7.348589813173653,7.728051,22479374.1656208
2003-07-08,7.515182627566305,7.743476661210874,7.496672325527965,7.64167,16284337.19642434
2003-07-09,7.638584460295877,7.9440044490322625,7.62624456723581,7.817518,20403556.51174708
2003-07-10,7.573797946639012,7.672519861728395,7.364014224142223,7.496672,17411061.86851979
2003-07-11,7.58613942459752,7.632415181710733,7.471992865556645,7.536778,13370931.965224396
2003-07-14,7.728051076732673,7.774326831683169,7.441141396039604,7.478162,18755609.734049622
2003-07-15,7.58922346314612,7.623159323722119,7.163486537164753,7.234443,30887017.774388436
2003-07-16,7.370185379318783,7.404121243523316,6.972213862479404,7.144977,23783403.081633434
2003-07-17,6.929023944369771,7.0184897946081275,6.69455948215675,6.787111,23061858.40857767
2003-07-18,6.654454261784841,6.676049307861368,6.31509838128333,6.558818,34597811.17170808
2003-07-21,6.595838535821203,6.617433581661891,6.3058440859690545,6.460096,26610584.424751583
2003-07-22,6.642114213995246,6.691474714820352,6.531052393002377,6.568073,15732967.31837481
2003-07-23,6.561903470097357,6.694560354452712,6.364460514810153,6.654455,16351107.340871643
2003-07-24,6.774771230101303,6.8241317320159185,6.339779088277858,6.39531,30167738.076809414
2003-07-25,6.407649231855841,6.534136603988604,6.1701009732723655,6.497116,27068277.986725185
2003-07-28,6.549562767572306,6.564987403645243,6.268823469965677,6.296588,19009736.723349217
2003-07-29,5.725852515352149,6.219461161014098,5.664152128780697,5.883191,75492775.31358407
2003-07-30,5.861595085896072,5.929466807472863,5.781383471993984,5.818405,21305001.726882193
2003-07-31,5.954147059444005,6.040529089046101,5.827660608015799,5.889361,24245956.822819997
2003-08-01,5.892446494734559,6.133080422758592,5.833829920898121,6.083719,20733210.98553368
2003-08-04,6.077550445357477,6.4230758299120225,6.040529835386803,6.312014,38596122.56880293
2003-08-05,6.475520361911472,6.62360371095603,6.241056833161618,6.293503,28726920.444782495
2003-08-06,6.210205169626451,6.293501513183289,5.886274944683194,6.037443,27710736.16724829
2003-08-07,6.022017714827135,6.108398803543979,5.873935319589705,5.954146,28101652.41673617
2003-08-08,5.1057593307141715,5.12735437759004,4.707787781551046,4.781829,101769800.09040475
2003-08-11,4.858954705694327,5.1057590627425915,4.828104508131488,5.040973,45265383.87819176
2003-08-12,5.1057593903431675,5.155119894713864,5.022463018615296,5.14278,20641475.304796237
2003-08-13,5.164375105147503,5.260011372663669,5.034802969892906,5.176715,18734213.14876326
2003-08-14,5.0039514085049985,5.077992608504999,4.942250099999999,4.997781,41266105.89779745
2003-08-15,4.9669323621851,5.01320812666038,4.93608123552472,4.982357,5880940.122456099
2003-08-18,5.062567279907723,5.130439,4.973100517339746,5.130439,19386070.65816395
2003-08-19,5.2445864400924345,5.55309119815133,5.241500772416661,5.522241,37924174.56967198
2003-08-20,5.445114,5.546920669790746,5.324797952126116,5.445114,23509825.092201926
2003-08-21,5.577771439473476,5.645642239862963,5.491389411143088,5.593197,17415922.905236486
2003-08-22,5.929465768008501,6.009676442334203,5.630215333323311,5.633301,27076711.5681019
2003-08-25,5.741279287380357,5.741279287380357,5.553091495214289,5.602452,11723955.93627576
2003-08-26,5.531494300896508,5.614791580445839,5.361817776698576,5.512984,20771785.512818467
2003-08-27,5.55000593703618,5.738194658435924,5.491390278600257,5.679579,15337834.50002192
2003-08-28,5.735109261110625,5.765959457998824,5.4667098641893315,5.531495,22374349.82672858
2003-08-29,5.522240637495672,5.630216786694893,5.500644667243717,5.605537,14394254.010044
2003-09-02,5.704257483359746,5.753618903328051,5.528409622820919,5.556176,19217839.726027396
2003-09-03,5.639471496734401,5.654897056347846,5.420433548004839,5.448199,22959431.746729515
2003-09-04,5.46979480200756,5.6302171272895185,5.429689452065868,5.500645,19990595.61793208
2003-09-05,5.509900155081708,5.892447052878378,5.445114091400118,5.762874,32380343.56138968
2003-09-08,5.855426770911759,6.096060735120253,5.784470293473403,6.028189,40753299.444891326
2003-09-09,5.861597081157236,6.623605358823594,5.781385439951468,6.398396,67244587.74585068
2003-09-10,6.21637751865,6.382970257780434,5.91095749691087,5.960318,37293390.05066509
2003-09-11,6.040528559132797,6.216376419340041,5.64564182770625,5.883191,70575189.17417435
2003-09-12,5.833830463071163,6.099145127131782,5.769044399505271,5.969573,31398836.231670175
2003-09-15,6.018933329513049,6.049783521840962,5.849254957921963,5.87085,16099900.701448683
2003-09-16,5.8831925052431195,6.071380305810397,5.8831925052431195,6.05287,16767308.070386445
2003-09-17,6.089889139048407,6.241056291441749,6.040528643994779,6.123825,24385988.744485676
2003-09-18,6.089889382505531,6.173185741840713,6.022018583404121,6.170101,16301516.787018562
2003-09-19,6.24105697179017,6.281163246063671,6.065209089942998,6.12074,17506358.152641676
2003-09-22,6.0004250115591296,6.0127649093677284,5.83074748325013,5.880108,19867414.99829595
2003-09-23,5.889362233561551,5.969573870559973,5.812236264669245,5.935638,16988697.55178803
2003-09-24,5.809150296741828,5.861595537299463,5.475964848664519,5.48522,43237218.44135696
2003-09-25,5.528408942402564,5.62713084467375,5.3834122185684095,5.408092,19901785.66862398
2003-09-26,5.39266843424644,5.408093069312278,5.130439457460853,5.201395,24200252.81679242
2003-09-29,4.939165299779918,5.115013147689144,4.8435281339070135,4.920655,52538209.08157552
2003-09-30,4.877465493892642,5.09341967483229,4.858955188412974,4.926826,27576206.160436757
2003-10-01,4.936080875589262,5.025547655556046,4.923740981134101,4.966932,23695558.407121338
2003-10-02,4.936079936143302,5.115013462021834,4.920655302388806,5.044057,23166236.02786408
2003-10-03,5.182885410183873,5.306287135254596,5.093419552851581,5.176715,23306260.98015827
2003-10-06,5.185969498702162,5.238415664864865,5.093418910703784,5.136609,10184274.294578388
2003-10-07,5.136610232142857,5.182886,5.065653746256786,5.182886,13791991.566088855
2003-10-08,5.182884267913897,5.229160020305986,4.970015806910291,5.000866,19973743.3152578
2003-10-09,5.0749087425897805,5.269266961567883,5.031717718756203,5.071824,23025226.427415464
2003-10-10,5.1520338499255915,5.198309600297633,5.090332540924535,5.161289,11182314.621366872
2003-10-13,5.219906410645349,5.321713095959354,5.179801055238879,5.213736,11747617.519529182
2003-10-14,5.158204886253464,5.32479856327411,5.12735468522053,5.309373,16843481.932103846
2003-10-15,5.371073133582822,5.469795067674814,5.207566058214661,5.241501,19002604.4328905
2003-10-16,5.247670355097114,5.324797226591234,5.167458741928647,5.306286,12049722.966798246
2003-10-17,5.275435508729623,5.377242158898088,5.133523516999791,5.139693,12417302.778434433
2003-10-20,5.142778209692413,5.260009482451586,5.111928020889723,5.25384,12625080.111861039
2003-10-21,5.349476947008547,5.516069654700855,5.275435743589744,5.414263,20494642.576468855
2003-10-22,5.330967151304348,5.454368860190609,5.293946546086956,5.321712,16773145.559173439
2003-10-23,5.244586752569525,5.398838678031838,5.235331600021175,5.297032,12196557.475450404
2003-10-24,5.244587055704796,5.324798690931776,5.195225622250358,5.278522,12076623.584082818
2003-10-27,5.306286,5.367987312092286,5.269265397847639,5.306286,6873470.046563641
2003-10-28,5.377243016260557,5.670323121980039,5.352562303779556,5.639472,25825185.058601234
2003-10-29,5.472879273162323,5.707343727943967,5.469794531170378,5.639472,13344027.930859488
2003-10-30,5.784470108695651,5.787555776430434,5.525325847826086,5.534581,15700876.362637028
2003-10-31,5.583941121582133,5.630216879290038,5.367987894116962,5.454369,16157271.9072362
2003-11-03,5.426602966719493,5.6610673977812995,5.401923182250396,5.556176,20899822.089041095
2003-11-04,5.676491725087469,5.691917283683754,5.537664474265913,5.574686,18932594.17330411
2003-11-05,5.460539467445454,5.651812909838428,5.371072693089598,5.596282,23825217.412239056
2003-11-06,5.679578211114958,5.707343665283068,5.503730334716932,5.605537,31746644.397138044
2003-11-07,6.682220540689655,6.805622273563862,6.540308501608552,6.709986,115957563.10072778
2003-11-10,6.731580270306501,6.824130852398616,6.651367729693499,6.691474,32686015.36821334
2003-11-11,6.540306559096028,6.6544531049645395,6.407648787003263,6.524881,21586359.19950111
2003-11-12,6.5032878317569685,6.632859974060849,6.472436704674415,6.611264,16684327.059515396
2003-11-13,6.611263332294201,6.70689959535459,6.5742427239462815,6.614349,15675917.438904418
2003-11-14,6.63285936318326,6.63285936318326,6.204036695661363,6.222547,23997984.68320127
2003-11-17,6.105314762679096,6.231801206114288,6.046698190828566,6.15776,16203949.975478098
2003-11-18,6.308927913541742,6.386053859377028,6.04669803177468,6.068294,26780439.652709644
2003-11-19,6.111484623245697,6.262652712065875,6.089889578635015,6.237972,15330705.556228852
2003-11-20,6.139250809381099,6.274993353658537,6.046699284990854,6.07138,19957856.0393189
2003-11-21,6.145420498713537,6.154675650067022,5.978827774350821,6.09606,14673990.171848703
2003-11-24,6.154675281846076,6.478605559837975,6.1114842696087965,6.46318,25408662.169597626
2003-11-25,6.490947615049443,6.6297749233003715,6.41690638398228,6.574244,22225562.38303598
2003-11-26,6.6822196708860755,6.703814716811392,6.4570103576734175,6.580413,11616016.806239972
2003-11-28,6.577327452295551,6.5958377538259185,6.494031095408898,6.549562,5568142.681571684
2003-12-01,6.623603697097552,6.691474499234812,6.546476817993924,6.642114,14234775.162169755
2003-12-02,6.602008180207221,6.7500915391141065,6.5742427239462815,6.614349,15524866.436515521
2003-12-03,6.632859032956458,6.848812264317261,6.531052364162552,6.546477,19179264.218464375
2003-12-04,6.568071901206495,6.685303186743526,6.35828818814362,6.512541,14098960.812622907
2003-12-05,6.35828991629956,6.540308228230984,6.250313751616153,6.302759,15122602.974348217
2003-12-08,6.302758241982507,6.413820061224489,6.247227332361516,6.349034,9210546.0452724
2003-12-09,6.33669388547136,6.398394277000381,6.015848332562959,6.018934,16156624.074761411
2003-12-10,6.018933158688407,6.185524932943083,6.015847491682673,6.15159,15360529.024008427
2003-12-11,6.14850487280787,6.540306873674791,6.136164980246539,6.46318,18769872.44814472
2003-12-12,6.549561959197842,6.5927520454895845,6.32435267497132,6.429245,18927082.392893724
2003-12-15,6.617433921771111,6.626689074109252,6.281163695323717,6.299674,16821765.251598734
2003-12-16,6.2626522988431885,6.426159344635072,6.151590490147536,6.386054,16253868.194662934
2003-12-17,6.33360955781953,6.355205532386624,6.157761646284944,6.262654,13482110.644991724
2003-12-18,6.2749928757225435,6.4693510621387285,6.268823391576589,6.404565,11796889.250089586
2003-12-19,6.564986124813799,6.663708033819835,6.429244541134879,6.500201,24768804.269683354
2003-12-22,6.404564595476995,6.524881560420927,6.339778537430263,6.509456,10026416.478857834
2003-12-23,6.484776557138934,6.83955706147541,6.481691815097541,6.774771,19523180.931134056
2003-12-24,6.771685754757994,6.793280798473358,6.706898772581709,6.72541,5695531.0913535375
2003-12-26,6.777855797475594,7.055510348926781,6.750091267845646,7.015405,9831281.301649727
2003-12-29,7.148061030313545,7.336249710192785,7.114125169487848,7.311569,20437916.950520467
2003-12-30,7.23444250073901,7.465821248891484,7.228272092283279,7.326994,14880472.072271384
2003-12-31,7.323909730456583,7.357845595165759,7.0400856955777025,7.157317,13432194.753439033
2004-01-02,7.271464086298097,7.370185081884276,7.120296,7.120296,11788462.216065176
2004-01-05,7.228274272273364,7.401036505987601,7.163488203251708,7.351676,15539775.99201869
2004-01-06,7.330080349200028,7.752732597031861,7.29614448352274,7.650925,29533388.678832952
2004-01-07,7.564545133541246,7.755818613908874,7.5120998808472415,7.718798,18179925.42362166
2004-01-08,7.814433729714219,7.851454336643728,7.67252078614098,7.746562,11716501.591286559
2004-01-09,7.694113995101766,7.9532572250639575,7.632412697197527,7.857621,20706961.30546383
2004-01-12,7.885387692337434,7.971769708168024,7.81134649334835,7.947089,14639957.412896723
2004-01-13,7.906984056905693,7.984110935771139,7.453481637196219,7.536778,23386975.546447035
2004-01-14,7.573799525466042,7.681776613681511,7.410292447486205,7.481248,14718071.832319954
2004-01-15,7.425717123450318,7.555288318114023,7.293059335780924,7.493587,16455808.526223825
2004-01-16,7.570714391727493,7.672521064476884,7.499757917366787,7.607735,12202068.552598113
2004-01-20,7.700286030769232,7.832942893467338,7.613903999952426,7.820603,13175473.170035608
2004-01-21,7.75581788337469,7.786668083554466,7.4473131050311405,7.459653,13356343.787036743
2004-01-22,7.499758514516024,7.620076426496885,7.197424139894756,7.28689,16361804.412074286
2004-01-23,7.249868455034628,7.3948661388104755,7.107956438806564,7.123382,13032525.56448608
2004-01-26,7.16965655132325,7.43497212117675,7.114125643823249,7.404121,10634186.01613885
2004-01-27,7.256038881481318,7.3732711106905775,6.925938164677581,6.98147,25232001.508049164
2004-01-28,7.070935141255193,7.181996949756583,6.925937471651132,6.962959,16617881.744442271
2004-01-29,6.984555325600243,7.018490267418724,6.524882447507186,6.759346,25113038.636060353
2004-01-30,6.743921024733346,7.0184899153830145,6.703814749300999,6.864238,12600117.287191965
2004-02-02,6.919767169377923,7.111040595473702,6.848811629862379,6.975299,15149509.959888458
2004-02-03,6.956788408815712,7.077105364874301,6.858066495339548,6.950618,11291874.76566832
2004-02-04,6.851896847430299,6.9074277563933055,6.753175848506166,6.762431,11798834.4191608
2004-02-05,6.799451936394879,6.941363957691507,6.756260918819733,6.864238,8967437.866592038
2004-02-06,6.953702284038828,7.120294981464456,6.91668168461091,7.021574,12726212.089497313
2004-02-09,7.07402066910649,7.188168157539034,6.969129257926074,6.972214,10102265.490330618
2004-02-10,6.993808513370551,7.234442408376953,6.9907228464245845,7.228272,13768010.528657472
2004-02-11,7.320825664363945,7.5059287152960295,7.296144949067917,7.481248,19929655.299704004
2004-02-12,7.441143061224489,7.481248415984693,7.14189342075,7.25604,26333762.217407845
2004-02-13,7.0647653625350495,7.3701853631608,7.003064969317727,7.188168,47203441.06627725
2004-02-17,7.215934748909794,7.289975974463326,7.117212806333311,7.26838,15558251.384792762
2004-02-18,7.289975974463326,7.326996587240092,7.2190194914694175,7.26838,8650424.07404401
2004-02-19,7.3578475414012745,7.487419699363058,7.2498704345946505,7.265296,17045421.136317085
2004-02-20,7.252954798026439,7.465823304949865,7.2128494458068175,7.447313,16696645.508386714
2004-02-23,7.434972349414749,7.447312242955182,7.08944607513107,7.188168,23050189.855203718
2004-02-24,7.064766000369871,7.1542327817821,6.8241320387575355,6.901258,19134855.151568018
2004-02-25,6.9444496676768,7.0740208701616,6.867322784,6.941364,17625642.452981863
2004-02-26,7.043170913907285,7.055510808492715,6.901257961356292,6.98764,9318485.21102976
2004-02-27,7.00306527915383,7.009234763439426,6.759345660962532,6.864238,16086932.003654303
2004-03-01,6.845727036329361,6.9783838928970825,6.836471885277773,6.966044,13685027.861136105
2004-03-02,6.975298247796604,7.02465873850818,6.8087055504406795,6.836471,21970146.69964957
2004-03-03,6.8179624758576125,6.8179624758576125,6.635944172839506,6.747006,14923903.580343638
2004-03-04,6.814876376953557,6.9074278937320805,6.759345466886443,6.895088,11165457.206637537
2004-03-05,6.740834671628587,7.003064567042021,6.716154885965396,6.845727,9586229.330705123
2004-03-08,6.848812969187676,6.94136449579832,6.5557328264155466,6.608179,12565108.784129485
2004-03-09,6.663709675599436,6.669879160140762,6.450841172073343,6.561903,10027711.778122902
2004-03-10,6.605093269139921,6.676048811912462,6.419989318104899,6.466266,13011456.691404281
2004-03-11,6.379885386681702,6.6081794773163205,6.379885386681702,6.416906,14231854.979549335
2004-03-12,6.503288487412853,6.632860642780085,6.43233199858757,6.552649,10209230.495941412
2004-03-15,6.512542078736271,6.540307533938583,6.364459650990606,6.404565,11378095.46784208
2004-03-16,6.484775837152802,6.7099841935342175,6.441584825792849,6.679134,16139769.763445381
2004-03-17,6.78711108856939,6.907428063335711,6.759345632854086,6.842642,14170269.850212827
2004-03-18,6.805620450801333,7.003064281136672,6.7871101495520865,6.919767,14263625.234664693
2004-03-19,6.8827470902519625,6.9537035606875515,6.799451651761705,6.839557,12235456.039038785
2004-03-22,6.734665756898944,6.839557168616235,6.632859087271369,6.787111,15578026.526175864
2004-03-23,6.879662058161434,6.953703267488786,6.737750048789048,6.814876,15559875.513464954
2004-03-24,6.802536117960836,7.2344434815745,6.787110557487631,7.120296,21267723.903444465
2004-03-25,7.200507560196561,7.570713604422605,7.188167667227396,7.533693,26934406.273258016
2004-03-26,7.512099,7.629330313288324,7.41029232368816,7.512099,14899916.733884897
2004-03-29,7.620072772133683,7.937832557546855,7.604646290836322,7.836025,26627449.959718097
2004-03-30,7.783584236238532,8.107514614678898,7.777414750802293,8.070494,19582494.95012325
2004-03-31,8.11059813316159,8.230915112707045,8.067407114050454,8.144534,16335549.707325185
2004-04-01,8.153790879050941,8.320383655240404,7.795924606879545,7.999538,35642517.855918676
2004-04-02,8.175383316999415,8.227829482724676,7.928579900032008,8.113682,17550766.615083016
2004-04-05,8.070490607929518,8.437611857697357,8.070490607929518,8.403676,15579002.331836684
2004-04-06,8.237084121541091,8.29569976745902,8.02113091375103,8.064321,16858072.341019165
2004-04-07,8.1260224005376,8.129108067813613,7.879218070755805,8.021131,12097695.914977575
2004-04-08,8.200063504864005,8.329635614421676,8.13836219180771,8.249424,12076950.860350978
2004-04-12,8.314212925919781,8.351233537313814,8.045813493313052,8.095174,11987484.357742034
2004-04-13,8.169214938595394,8.175384423269582,7.866879647556755,7.906985,11958311.835775584
2004-04-14,7.866877392590164,8.095171397978168,7.777411560821678,7.947089,13830570.19580377
2004-04-15,7.839115763139351,7.873051637718693,7.496675050936096,7.53061,22368184.409841962
2004-04-16,7.49975721966099,7.5028428870734425,7.2683784394831,7.283804,17689176.15026434
2004-04-19,7.27763374196145,7.326995166435497,7.144976880407124,7.274549,14121973.197238756
2004-04-20,7.293059028651062,7.373270646269857,6.962959258154506,6.966044,13878865.8644275
2004-04-21,6.99380930170233,7.219017663908993,6.9228528366717015,6.975299,18606179.712167177
2004-04-22,6.910513589067942,7.132636304713721,6.765515903693931,7.015405,18787374.356861793
2004-04-23,7.101786195091024,7.289974899294613,7.080191149327982,7.169657,11991375.403481646
2004-04-26,7.185082871301607,7.215933995739006,6.87040769554365,6.888918,11612774.954992931
2004-04-27,6.969129276422764,7.154232311653117,6.805621286797561,6.830302,13359262.299090143
2004-04-28,6.83338719943143,6.938278617910477,6.750091753518095,6.802537,12662352.295915479
2004-04-29,6.7624314333916775,6.808707193826576,6.524882221320792,6.614349,17424024.854963053
2004-04-30,6.577327324099562,6.6174326681286555,6.305843215450585,6.330523,13855204.064498303
2004-05-03,6.398394500143041,6.463180561368504,6.13925025524119,6.250313,16495353.78113064
2004-05-04,6.339778282588319,6.72849461524337,6.324352722787458,6.648283,20863517.4771441
2004-05-05,6.654455488930303,6.762432590255342,6.598924566908631,6.703816,12541120.778225418
2004-05-06,6.635944276400925,6.811792172149346,6.494032247986227,6.759346,19214918.584150005
2004-05-07,6.956789692563043,7.086361822997826,6.7747713913043475,6.811792,25844307.635934863
2004-05-10,6.629773365376831,6.700729836980671,6.401480240243037,6.546477,18072961.44543088
2004-05-11,6.629774036460352,6.771686994032842,6.602008578524249,6.7069,10803063.313065648
2004-05-12,6.669878987006671,6.679135064608859,6.382970197825504,6.614349,13028635.171715312
2004-05-13,6.558818041652441,6.756260976290098,6.540307737607811,6.635944,9398873.167103278
2004-05-14,6.663709456066946,6.780941690188006,6.602008134079778,6.635944,12398499.746230528
2004-05-17,6.540308152609581,6.626689268460592,6.432331063659374,6.531053,8328874.006917414
2004-05-18,6.589668239888424,6.713070883862762,6.564987525990516,6.635944,5521789.364105544
2004-05-19,6.784025983412207,6.8796622394755,6.586583061840682,6.620518,13459423.24266772
2004-05-20,6.608177353191489,6.719239157446808,6.490945140194752,6.524881,11385228.32830208
2004-05-21,6.602007389513473,6.611262540492004,6.450840232035839,6.540307,7619972.9387015
2004-05-24,6.527966225525582,6.592752282810385,6.441585124317546,6.518712,8147354.880381278
2004-05-25,6.546477475621905,6.83338719943143,6.4138206,6.802537,18402290.20437522
2004-05-26,6.80253672,7.03391552,6.7624313698384,6.941364,14169621.417346792
2004-05-27,7.055509581569421,7.160401906608559,6.95370292377648,6.962959,15033466.702274134
2004-05-28,7.0493399887037524,7.274548343942501,6.993809085314878,7.234443,17233107.001672417
2004-06-01,7.111039793927786,7.302313198463509,7.101784644119847,7.228272,8601157.372052407
2004-06-02,7.404120774193549,7.4380566362469684,7.166571590849807,7.172742,17390316.00467436
2004-06-03,7.175826960623815,7.191251593707564,6.805620032858743,6.827216,18930649.307155363
2004-06-04,6.96604502078462,6.981470583302719,6.753176515404952,6.759346,17547198.883826926
2004-06-07,6.870407827858556,6.999980887063637,6.784026713903743,6.922854,15449664.545865044
2004-06-08,6.882747442756286,6.895088262473309,6.697645327668178,6.799452,16612368.926937053
2004-06-09,6.839557256586648,6.848812408490014,6.460096028548689,6.481692,13461043.243893724
2004-06-10,6.586584428052424,6.598924323986746,6.358290337417805,6.416906,15248693.887007227
2004-06-14,6.382968698432124,6.382968698432124,6.167014583454561,6.216376,11473396.001078442
2004-06-15,6.321267892358539,6.404564248187567,6.250312354403112,6.308928,10658497.495644268
2004-06-16,6.290419638857824,6.330524995529061,6.185527282155588,6.210208,6822577.279215124
2004-06-17,6.170102377937336,6.321269570133322,6.055955798157942,6.086806,13029930.314815355
2004-06-18,6.1207397865992,6.265737466308831,6.0158483797647575,6.09606,14433475.466580056
2004-06-21,6.105315227103709,6.200951483771252,5.94797765214235,5.988083,7200530.453569197
2004-06-22,6.022018405800521,6.185525452292858,5.981912135478564,6.15776,11623473.538121006
2004-06-23,6.139251339807619,6.287334717141541,6.123826701420064,6.262654,7148990.22131831
2004-06-24,6.429246597694592,6.450841646206923,6.160847160477948,6.207122,15954679.50457555
2004-06-25,6.250312667380444,6.321268208888888,6.176270532976445,6.247227,8890292.444951978
2004-06-28,6.336694960730925,6.358290008878985,6.1701022094065845,6.194782,8086738.404224716
2004-06-29,6.231802109973621,6.416905152106652,6.207121395850813,6.40765,9828363.591628756
2004-06-30,6.237973034585884,6.413820939121687,6.237973034585884,6.315099,8894180.480163494
2004-07-01,6.386055990783411,6.395311144393242,6.015849846390169,6.025105,13657796.005214846
2004-07-02,6.089889417445483,6.0929741593038935,5.895531244548287,5.941807,7967130.874496597
2004-07-06,5.8708506108715826,5.932551927462557,5.528410015994648,5.593197,15542371.668618144
2004-07-07,5.664153017791055,5.781384325985748,5.593197469545634,5.620962,9295795.476325938
2004-07-08,5.5685159586456985,5.661067465296236,5.4389438493349465,5.448199,11616666.642279403
2004-07-09,5.4420300876940875,5.448200498339437,5.111930240201316,5.213736,30104850.094538737
2004-07-12,5.068737361943506,5.213735044161776,5.025547271890094,5.093419,18261289.37505436
2004-07-13,5.155119471184435,5.244586245676532,5.028632090077009,5.084163,15318711.708121866
2004-07-14,4.905230761904762,5.040973305330476,4.760233066098095,4.858955,24354218.139497075
2004-07-15,4.908314351873168,4.960760511557577,4.79416780781124,4.825018,16513832.4676509
2004-07-16,4.973101459610869,4.979271869565218,4.683107,4.683107,12552467.838125415
2004-07-19,4.695446725016305,4.787998243416858,4.630661587651102,4.735553,12454901.009955963
2004-07-20,4.7324670771909965,4.849699302681993,4.68619224600115,4.831189,9225781.06548926
2004-07-21,4.905230319866099,4.9114007294024296,4.522684364431909,4.538109,16569582.812620848
2004-07-22,4.590553995302663,4.658424780814262,4.442471608357416,4.633745,14085672.46266249
2004-07-23,4.664596849835626,4.670767259993931,4.479493800238974,4.510344,10034842.775672985
2004-07-26,4.5689591015712105,4.609065374450009,4.340665985174808,4.383857,13592646.428339245
2004-07-27,4.405452283750155,4.5411948194856135,4.269709748014696,4.528854,21336440.834171295
2004-07-28,4.519597378427254,4.535022935010483,4.28821865725325,4.414706,13644188.990161518
2004-07-29,4.476408865646615,4.818848567176694,4.454813819292973,4.704702,20187674.750069182
2004-07-30,4.646086178988327,4.843529107837354,4.6368310272373545,4.757148,10911652.527943213
2004-08-02,4.760233340052348,4.837359305827183,4.680022631811412,4.818849,11371611.142743839
2004-08-03,4.840444050701426,4.843528792579243,4.5319393209208405,4.568959,20030467.036583167
2004-08-04,4.519598088288577,4.661511009907815,4.513428605098197,4.61832,13717119.212181054
2004-08-05,4.667681795422238,4.6892768393619395,4.411622307929623,4.491833,23228146.022792924
2004-08-06,3.118986792045259,3.1467522531020418,2.8690976425342147,2.909203,137462547.16226402
2004-08-09,2.983244080656759,3.106646740651953,2.933883571967875,3.038775,42657640.608435966
2004-08-10,3.2084534419437856,3.3102601279086667,3.1560072649113136,3.279409,55426310.62508519
2004-08-11,3.2362191815671513,3.2362191815671513,3.1621779490090116,3.183773,26034574.701148607
2004-08-12,3.193027366071429,3.202282517857143,3.1035605903044647,3.109731,17676209.29270088
2004-08-13,3.183772091428571,3.2608980448282856,3.1560066371428572,3.239303,22033675.145548284
2004-08-16,3.2022825901651353,3.28866370027724,3.1837722861757416,3.208453,14363135.265219718
2004-08-17,3.2794086569088736,3.4028113046025243,3.2485584577430755,3.384301,20121548.942484725
2004-08-18,3.3997252624351284,3.609509,3.371959808588975,3.609509,23565903.284906615
2004-08-19,3.587913848992723,3.652699906043662,3.5416380939563386,3.597169,19567589.967749637
2004-08-20,3.578658253552935,3.862482232184678,3.5663174367324344,3.810037,32388454.49322408
2004-08-23,3.8717399445439686,3.9334412929383977,3.8501448890879377,3.893335,21610332.700936347
2004-08-24,3.9488645718795063,3.967374873114074,3.674294795061729,3.748336,25375599.99957314
2004-08-25,3.8316330395921887,3.9365253823238655,3.7606774892024855,3.908759,19483958.20491875
2004-08-26,3.902588367763888,3.942693707298717,3.871737252261753,3.918013,16550786.0474174
2004-08-27,3.9210995293552497,4.047585983985473,3.9180138618173315,3.992056,15265228.097702038
2004-08-30,3.9766312525498804,3.998226302158274,3.8563142573460434,3.859399,16965034.711363092
2004-08-31,3.8748221915632572,3.893332491604213,3.723655975248794,3.843972,15857765.641321009
2004-09-01,3.794611314536324,3.9735448228008523,3.7452508254538452,3.918013,15984182.561109418
2004-09-02,3.936524987923526,4.109287195969199,3.8995034570393003,4.078437,20801604.736667503
2004-09-03,3.955034,4.03524466844857,3.921098147647246,3.955034,19315087.53593522
2004-09-07,3.9797149188962573,4.063011277663853,3.8285477614897268,3.880993,19646681.130035535
2004-09-08,3.884078352005166,3.9180132858120706,3.791526849777204,3.800782,22554577.178643763
2004-09-09,3.89333429123068,4.248115823017282,3.874823982633654,4.180245,35097307.89169056
2004-09-10,4.109287215351812,4.362261044728784,4.096947322008955,4.340666,28074743.368874736
2004-09-13,4.33449719498159,4.510345136404183,4.328327708784101,4.423964,26140891.743242037
2004-09-14,4.383857345310624,4.473323198439375,4.3499214791666665,4.442473,18464202.258516822
2004-09-15,4.30672980816631,4.3190706260837235,4.140137095916846,4.195668,31439358.476600148
2004-09-16,4.266624893453217,4.396197016030972,4.251199332260335,4.353006,21880354.69048285
2004-09-17,4.386940365763079,4.556617778859376,4.349919771959172,4.531938,27114638.01247943
2004-09-20,4.442474601226993,4.65534317586912,4.386943668711656,4.525771,21464469.36886555
2004-09-21,4.627575697211156,4.68310660557769,4.5720447888446225,4.646086,13611446.710198648
2004-09-22,4.522683497733183,4.633745295013003,4.40853603351894,4.430132,16907343.89313907
2004-09-23,4.482578895773706,4.494919717062733,4.35300675084617,4.470239,15630859.558068372
2004-09-24,4.488748846174294,4.494919256186138,4.269709934178927,4.334496,12866238.896217695
2004-09-27,4.30056101865,4.349921521739131,4.18024404038913,4.25737,10967404.759276267
2004-09-28,4.248112562991959,4.3560886632695235,4.189496939255147,4.319069,12826376.229923626
2004-09-29,4.315986885358158,4.547365755651045,4.260455956487866,4.423964,14511588.701897213
2004-09-30,4.473323589566529,4.581300681818182,4.390027213533471,4.479494,16738783.44295137
2004-10-01,4.501088992420833,4.6892777159125,4.479493944444444,4.664597,15948197.025380757
2004-10-04,4.704701489224983,4.858954315688381,4.695446338147482,4.797253,18204240.92369112
2004-10-05,4.680021848635207,4.803423558327398,4.6460859851259215,4.689277,17103447.989210278
2004-10-06,4.68002254179328,4.729383047877913,4.572045451373168,4.707788,13465580.046127822
2004-10-07,4.794168653148622,4.902145733120995,4.710872286588125,4.735553,21557506.937542457
2004-10-08,4.686192762000362,4.7047021412052965,4.43630364827804,4.476409,18730647.887290906
2004-10-11,4.482577,4.572043751689177,4.402366323120669,4.482577,10098378.429327596
2004-10-12,4.331409987233242,4.451726931323054,4.260453532213753,4.417792,22345181.88887118
2004-10-13,4.550450259344854,4.609065916308217,4.353006390230456,4.390027,18174092.868494887
2004-10-14,4.430133149084782,4.430133149084782,4.2265198012586955,4.25737,13864277.71135701
2004-10-15,4.2666264259781235,4.272796837774652,4.035247552551978,4.140139,34588399.88930324
2004-10-18,4.115457993384845,4.257370018841143,4.081522126758574,4.214179,15504121.020227192
2004-10-19,4.30981570720579,4.353005795694503,4.155562879062214,4.186414,16706372.16195054
2004-10-20,4.17407367632384,4.254285304551326,4.149392961750332,4.235775,14591980.334578676
2004-10-21,4.278963843916666,4.386940897435898,4.2450289124935905,4.33141,27389184.584234692
2004-10-22,4.371516919543305,4.3807720724608386,4.084607179099761,4.096948,18542643.38246421
2004-10-25,4.063010841603385,4.204923758320109,4.053755691622513,4.115457,14293771.605364846
2004-10-26,4.5195995086101455,4.6861931918894415,4.3715170572643895,4.470239,66335368.6458375
2004-10-27,4.390026661946719,4.676936365567251,4.390026661946719,4.59364,29011842.035880048
2004-10-28,4.5319391075545825,4.627575356415479,4.501087988168432,4.544279,15168634.67229895
2004-10-29,4.5010875996558815,4.562788907587347,4.423961658877793,4.464067,20066125.53295011
2004-11-01,4.525769135604253,4.562789742030463,4.467153483934473,4.559705,17662919.73912786
2004-11-02,4.547364047380793,4.720127180804159,4.510343442041152,4.62449,29598543.566404082
2004-11-03,4.812678755759584,4.828104316686939,4.643001287619262,4.667682,24590521.413541023
2004-11-04,4.701615845449978,4.81267763707478,4.602893944389621,4.754062,26891624.52997037
2004-11-05,5.49138949875119,5.79064000975221,5.380328607939796,5.442029,103969450.36492823
2004-11-08,5.383413692319611,5.574687141109205,5.358732978616543,5.500645,19411350.67096677
2004-11-09,5.41734758216385,5.546919684332467,5.414262840617221,5.466709,16637655.513179868
2004-11-10,5.460538591391727,5.519154233867764,5.435857882473652,5.466709,17447366.84952501
2004-11-11,5.5006438740468315,5.574686,5.463623273827751,5.574686,13695077.79451614
2004-11-12,5.6610678781772865,5.676492513400637,5.5284100919596195,5.583941,17478806.56470045
2004-11-15,5.52840973876825,5.707343270254778,5.494473877517685,5.667237,14491174.011145113
2004-11-16,5.6857476049710876,5.747448921761274,5.543835594420295,5.648727,12769321.31090775
2004-11-17,5.738194515380721,5.8955321069314826,5.682663600715746,5.744364,16282065.682780549
2004-11-18,5.793724289834343,5.867765494816252,5.673407331738742,5.818405,14384530.88736518
2004-11-19,6.26265309331519,6.333608640862025,5.802980240506328,5.849256,57428879.16001625
2004-11-22,5.870851305341078,6.015849,5.815320391494923,6.015849,19821067.649803046
2004-11-23,5.966487790298325,6.105315058488966,5.917126366820462,6.040529,18284304.17945183
2004-11-24,6.03435880337532,6.163930924920189,6.018934167820557,6.065209,11576795.857900362
2004-11-26,6.092974137617825,6.182440906344411,6.0405288986359515,6.12691,9474723.800414892
2004-11-29,6.173185718027734,6.216376731206625,5.954146835819568,6.006593,19026918.088174112
2004-11-30,6.0312751448211115,6.037445555460557,5.8677671297560305,5.901703,15573486.128410732
2004-12-01,5.954146822849015,6.049784,5.91095673527931,6.049784,13899611.174233658
2004-12-02,5.991166750939747,6.176269749686752,5.944891001252995,6.129994,20492698.798383813
2004-12-03,6.278077766748191,6.478606367583213,6.256482720694645,6.39531,36393567.78639346
2004-12-06,6.426158266080662,6.75317415380884,6.31201173480663,6.700728,26215136.62396086
2004-12-07,7.092531917822486,7.700287271384799,6.953704623266271,7.037001,79065467.89007135
2004-12-08,7.135721560473204,7.2498681165325864,7.064765092914605,7.120296,23574007.137807194
2004-12-09,6.993810599882886,7.129552220552743,6.858068053697773,7.055511,23499450.535942756
2004-12-10,7.219018455598455,7.268378957046203,7.1480619827862295,7.191253,17634718.733995315
2004-12-13,7.083275850150602,7.175828293418248,6.959874134985701,6.99381,19935491.548984032
2004-12-14,6.999979410352011,7.141891408807653,6.9876385927367055,7.135721,13856824.979564084
2004-12-15,7.206677408762082,7.22210204239473,7.095615604134833,7.200507,11689923.501220122
2004-12-16,7.4102914835702105,7.669435721166161,7.283804106714761,7.296144,41167236.04957633
2004-12-17,7.431886825835804,7.46273794855715,7.030830560094844,7.114126,32799138.188246876
2004-12-20,7.197424268497381,7.3084861041423546,6.999981313633639,7.037001,24276422.08813101
2004-12-21,7.037000825959661,7.1388075061163185,6.8642385917949085,7.089447,24294574.739045233
2004-12-22,7.231358784763233,7.265293722294654,7.083275439430639,7.098701,11394303.267597832
2004-12-23,7.058595353151755,7.1974226158305585,7.024659491547464,7.117211,9912642.325764967
2004-12-27,7.215934261541114,7.24678446159967,7.018490389723628,7.055511,8325308.461938476
2004-12-28,7.070937177623612,7.12646809786673,6.990725539878442,7.018491,7877016.9499255605
2004-12-29,6.996894635294117,7.16657210674549,6.978384332026144,7.080191,7961295.818149539
2004-12-30,7.083276198931495,7.141892780071128,7.021575801068503,7.052426,7018036.91382228
2004-12-31,7.154233419110077,7.305400612776766,7.126467959527502,7.26838,15557927.241049588
2005-01-03,7.521353345824808,7.626244753180662,7.243698803840076,7.274549,28814115.34928145
2005-01-04,7.32699368856729,7.339333579439252,6.821045205607477,6.932107,21345522.220011894
2005-01-05,6.858067718253969,7.08019136904762,6.821047109788361,6.996895,19578608.511346817
2005-01-06,7.120294466192499,7.2035908088774345,6.879660587324907,6.929022,15223093.345121434
2005-01-07,6.944450372545818,6.996895622192266,6.6945603176665145,6.796367,20612625.339523308
2005-01-10,6.8179624099543465,6.879662807436956,6.771686649084782,6.811792,15654847.94603241
2005-01-11,6.747005687243256,6.784026294580667,6.500202255337301,6.602008,29534361.498577405
2005-01-12,6.660624488082068,6.685304275628053,6.386054678890419,6.546477,28573275.54729055
2005-01-13,6.561902829668711,6.787111221946818,6.416905138467624,6.614349,24277396.83674085
2005-01-14,6.737750672245468,6.753176234121061,6.571157935843794,6.635944,15502500.623875065
2005-01-18,6.56190140695201,6.756259558638882,6.546475848313128,6.740834,12548580.95136299
2005-01-19,6.771686026458875,6.787110661653692,6.558817546031169,6.586583,9089316.540017791
2005-01-20,6.4539255706503535,6.762431248805571,6.4539255706503535,6.602008,17289829.801175643
2005-01-21,6.611263332294201,6.743921129217718,6.589668285929651,6.614349,16108649.387808233
2005-01-24,6.577328048058017,6.672964306122449,6.312013393586006,6.349034,12525564.676453143
2005-01-25,6.376799633237821,6.549562776508882,6.339779025787965,6.460096,11877276.746351758
2005-01-26,6.48169259862263,6.632859785167044,6.3737155079393215,6.543393,11591380.801978422
2005-01-27,6.555732927822569,7.098702200842331,6.515627574176012,7.067852,27090638.620842654
2005-01-28,7.095616606773574,7.123382061853754,6.904343163271714,7.058596,18126445.201297823
2005-01-31,7.117211759162304,7.203592867760209,6.972214071948691,7.070936,15206881.8046154
2005-02-01,7.064766700692622,7.2344451279674145,7.021576602362767,7.203594,13699935.16757052
2005-02-02,7.487417695936527,7.663265577546902,7.274549207671336,7.604649,54980298.37755825
2005-02-03,7.524439,7.576884247278475,7.419546654412546,7.524439,18641508.02471786
2005-02-04,7.527522322555278,7.977939968820468,7.524437580801673,7.956344,21783761.808086734
2005-02-07,7.965601342476858,8.113682852914634,7.789753449782671,7.860709,14090205.813890325
2005-02-08,7.811348608964297,8.064322465520464,7.78666789411178,7.937836,12311304.592095379
2005-02-09,7.959428523583226,7.984109230610946,7.620073660905531,7.660179,21170808.871607307
2005-02-10,7.700284750885478,7.879217341239197,7.6725193010625725,7.839112,16271373.339225158
2005-02-11,7.789753361258651,8.126023580575415,7.761986979317779,8.067407,15032491.942553539
2005-02-14,8.06432078256365,8.095171901069735,7.866877881493916,7.897729,11693489.003611038
2005-02-15,7.950176693379792,8.221660881971081,7.937836797471429,7.968687,20218465.727164336
2005-02-16,7.944004742,8.058152227696969,7.799007059757576,7.94092,12600117.870473446
2005-02-17,8.048895511519307,8.05198025291965,7.8082606933883465,7.869962,27482213.44926443
2005-02-18,8.474633589885766,8.730692151017161,8.240170072622712,8.721437,84604778.30648778
2005-02-22,8.662822517038856,9.036113349759459,8.585696556695652,8.8325,38378623.05802435
2005-02-23,8.690589798874385,8.79856690644257,8.403680018506858,8.545593,29924947.10010177
2005-02-24,8.428357357281453,8.7831378176671,8.428357357281453,8.770797,18786728.550256036
2005-02-25,8.783137530642335,8.943559825436733,8.687500361665371,8.897285,14184858.94879168
2005-02-28,8.854096143416976,8.94664766782372,8.776970181583103,8.943562,20476810.210830986
2005-03-01,8.983668325102593,9.131750764936617,8.832500217428528,8.921967,19911827.515165657
2005-03-02,8.823242946071503,8.872603433813024,8.60728884548312,8.659735,25592780.021039903
2005-03-03,8.638139236457095,8.693670133531851,8.416015648158071,8.542503,20564011.391040776
2005-03-04,8.56718632410174,8.641227542817736,8.434529449073993,8.505485,16021454.27333068
2005-03-07,8.54250457648082,8.770797689575318,8.483888927256306,8.591866,13807878.116302093
2005-03-08,8.57027014294477,8.588780445629316,8.101342166431229,8.156874,35990335.29344697
2005-03-09,8.104429268677098,8.255596458858115,7.919325283546147,7.944006,24584682.767800022
2005-03-10,7.968685454545454,8.039640999151516,7.8144335463030306,7.94092,18618819.98559361
2005-03-11,8.011876001817885,8.024215894611757,7.6910304595413725,7.761986,19777635.233688902
2005-03-14,7.922408358809754,8.01495985832856,7.866877459098471,7.981024,15454854.944941904
2005-03-15,8.021131590556331,8.098257544378699,7.814433516023906,7.820603,10213447.09608709
2005-03-16,7.789751575740255,7.913153267508289,7.684859258498175,7.687944,14461029.773031646
2005-03-17,7.712627689574652,7.740394075883099,7.592310692804609,7.610821,11955069.014472947
2005-03-18,7.616990255026087,7.641670969379766,7.317740642616809,7.456567,17260980.334489048
2005-03-21,7.453481756034232,7.731136303140413,7.4072059981832,7.712626,17678154.567095563
2005-03-22,7.718798726631313,7.789755218474795,7.546036462469998,7.573801,16828244.47175203
2005-03-23,7.564543855769259,7.78975316935036,7.549119219589595,7.737307,19685900.53360943
2005-03-24,7.758903485410368,7.968687276216185,7.74656358907427,7.752734,23374976.648405578
2005-03-28,7.755815834541986,7.866877636468601,7.592307873200575,7.66635,13808203.841436928
2005-03-29,7.657095227709631,7.743476324965926,7.462737064746666,7.496672,15866840.646089356
2005-03-30,7.4997567417007405,7.604648140191606,7.2406125244167905,7.496672,23195408.575965438
2005-03-31,7.45348171169697,7.505927878787878,7.296144135939394,7.33008,14000743.238818675
2005-04-01,7.419544283948164,7.46273621593626,7.215931919041815,7.259122,13796535.551227821
2005-04-04,7.219016741384491,7.240611782105866,7.055508788737032,7.215932,11383608.45305915
2005-04-05,7.2190191383812,7.370186324654178,7.046255978701175,7.089447,11618608.898550197
2005-04-06,7.222102786561261,7.342419753971592,7.172742287923605,7.197423,15328436.543037696
2005-04-07,7.234443742848485,7.404121212121212,7.111041105636364,7.33008,13677571.868247004
2005-04-08,7.3609294407090635,7.524437409192435,7.2190174405536265,7.234443,16789029.947364297
2005-04-11,7.286890214630631,7.311570931342799,7.0709369513239215,7.092532,8870193.643609926
2005-04-12,7.070935921317751,7.191252893800907,6.9135983419167015,7.178913,13836402.010805815
2005-04-13,7.1881686981090445,7.206679002974977,6.833387237835168,6.879663,13462987.336240161
2005-04-14,6.895087465871948,6.959873522598261,6.79945121444766,6.824131,9510379.719556965
2005-04-15,6.737750163103037,6.787110661653692,6.524881682675331,6.586583,17021763.82675205
2005-04-18,6.546476483642289,6.688388490141392,6.509455879728167,6.540307,12779370.133924905
2005-04-19,6.648283112344248,6.8179614964757524,6.617432917736289,6.768601,9871800.10921016
2005-04-20,6.882747663666854,6.925938683032299,6.5557325899434415,6.561903,15252909.407530103
2005-04-21,6.694560181230342,6.950619715840522,6.635944522313787,6.925939,14536551.002744898
2005-04-22,6.882747044983949,6.929023727975527,6.780941304050957,6.861152,9083481.782315856
2005-04-25,6.919767575552987,7.021575166406772,6.885832637450199,6.969129,8594348.877743548
2005-04-26,6.972214869104079,7.117212572895738,6.796366964182078,6.938279,9539226.530700194
2005-04-27,6.756260360610264,6.780941072259084,6.534136732316227,6.672964,16459698.71859042
2005-04-28,6.651367986278801,6.7840257693099435,6.586582853969671,6.694559,10074065.65422756
2005-04-29,6.759345590263749,6.811791759233927,6.453925579319836,6.765516,12921343.915231299
2005-05-02,6.8457263179203816,6.922852260084773,6.639027349116401,6.740834,9046530.771874815
2005-05-03,6.7470070256330885,6.870408766065014,6.6760505389891645,6.703816,11872088.126732595
2005-05-04,6.734665635207343,6.966044425634586,6.713070589939187,6.916683,12663649.916180922
2005-05-05,6.956789735451705,7.1388071123173225,6.919768201012597,7.052426,16727763.751083672
2005-05-06,7.135722105987143,7.151146742124417,6.972214114119642,7.148062,9608918.478267256
2005-05-09,7.1789133263477405,7.33008050296269,7.1357223078083765,7.28072,20132894.30318705
2005-05-10,7.1881684522440485,7.191253194444445,6.916683373152779,6.996895,19857048.019157067
2005-05-11,7.033915849054522,7.0647660486593296,6.867323105261126,6.879663,15002994.386716327
2005-05-12,6.879661917047305,7.123381509760794,6.873492433406651,7.03083,22570782.533954028
2005-05-13,7.666351567160082,7.857624092568174,7.342420319807555,7.814434,71590395.9483182
2005-05-16,7.721881031458812,7.894644166587103,7.718796289488445,7.842198,17938766.46136708
2005-05-17,7.795923196322793,7.96560161023266,7.789753711627521,7.928581,17282373.142394587
2005-05-18,7.910072024225491,8.005708308227115,7.826775637203475,7.987198,14858099.42360262
2005-05-19,8.005707946539633,8.039642893079266,7.8823052802571,7.971773,12233184.204818677
2005-05-20,7.962514837693828,8.116767667434804,7.869963324952268,8.113682,13965411.928049436
2005-05-23,8.169212167293534,8.385165344481605,8.144531460423634,8.301869,19007472.775106426
2005-05-24,8.261765409502559,8.449954124950834,8.22166005768476,8.419103,14105440.365416603
2005-05-25,8.40059378326381,8.443783878206126,8.230915369297438,8.311127,14458756.796761738
2005-05-26,8.38516971009605,8.610378153922408,8.369744144581905,8.545593,21306614.1982657
2005-05-27,8.570267596303328,8.570267596303328,8.40059018061941,8.490056,8717850.307524474
2005-05-31,8.453041628539696,8.523998128487223,8.221662743401605,8.360491,20614888.852771923
2005-06-01,8.304955218187635,8.591865825717008,8.20623422418204,8.437613,21518611.55976222
2005-06-02,8.406764631333957,8.752291,8.406764631333957,8.752291,18485591.79566813
2005-06-03,8.721437848082857,8.801649473203163,8.638141480828569,8.730693,15116445.548652321
2005-06-06,8.573355781518329,8.74303419088231,8.567186296988345,8.647397,13854229.05018701
2005-06-07,8.5887801583627,8.730692165692682,8.406761879547537,8.437613,26313346.928544838
2005-06-08,8.459210642091703,8.576441974169514,8.28953312954831,8.378999,16712850.167901918
2005-06-09,8.31421208924375,8.733777742133986,8.304956011811415,8.730693,16744943.939055007
2005-06-10,8.721436841193428,8.730691992042065,8.573354427615245,8.631971,12563166.3817916
2005-06-13,8.63814104547108,9.066963679696421,8.61346033309753,8.823245,38084627.99101691
2005-06-14,8.82632777375953,8.971325422658417,8.024214518394649,8.301869,65056000.16092762
2005-06-15,8.249425616994289,8.314212609987282,7.950175994768841,8.277192,45104281.11729195
2005-06-16,8.27410623804227,8.375912914349279,8.15378925695217,8.320382,13215341.555231478
2005-06-17,8.422185942028985,8.43761149951204,8.280273959935673,8.301869,12326867.480081895
2005-06-20,8.301870625114546,8.483888907191401,8.166129024545642,8.428358,16370883.278866418
2005-06-21,8.483888290093995,8.548674343771584,8.403676677035772,8.508569,11565776.23525178
2005-06-22,8.598035926607475,8.65665157885073,8.394422589271239,8.499314,18926432.081589174
2005-06-23,8.483888586421816,8.736862401112852,8.453037466582972,8.631971,22608383.528489612
2005-06-24,8.616544186046513,8.619629852890366,8.311124252491696,8.3574,12847766.530260606
2005-06-27,8.304954633625433,8.37282635343147,8.215488796949803,8.28953,9578126.378081748
2005-06-28,8.32346370197817,8.397505819580394,8.230912211869018,8.341974,7085461.284595228
2005-06-29,8.345062712590371,8.360489202303247,8.196981183458455,8.264852,7659840.61178591
2005-06-30,8.3203809517073,8.39750782892972,8.178468941421633,8.243255,16024373.496100754
2005-07-01,8.215490930506187,8.292616895208015,8.113683324357776,8.280277,8513311.647231124
2005-07-05,8.311124098638148,8.443780930534595,8.230912495936959,8.409846,10492537.34693834
2005-07-06,8.437613084496462,8.672076604501607,8.341975905857234,8.635056,19006496.77315353
2005-07-07,8.499315770995278,8.638143075379132,8.47155123563387,8.573357,12584880.242068538
2005-07-08,8.625801091684433,8.709097454157781,8.514739275053303,8.681332,11024455.002988022
2005-07-11,8.758456840304516,8.900369760535819,8.72143623946418,8.810903,10791072.833283944
2005-07-12,8.804735021405847,8.829415737282797,8.582612280574386,8.761544,15241563.655424202
2005-07-13,8.798564713568355,8.823245427136708,8.625801569620254,8.773884,16066186.87915181
2005-07-14,8.866438035320089,9.039200302783664,8.372830102471301,8.38517,50552802.62654186
2005-07-15,8.360485974409967,8.385165756979017,8.150701343968143,8.295699,33045170.009832803
2005-07-18,8.271018330739818,8.27410399771167,8.005704651029749,8.089001,28224826.52678619
2005-07-19,8.138360698267045,8.218572297968398,8.076659396534087,8.200062,13989402.031350493
2005-07-20,8.1044270562599,8.357400860170529,7.993364325294082,8.323465,14221810.942017537
2005-07-21,8.215491872607693,8.252512487992309,8.011878487992309,8.181556,16059376.480464105
2005-07-22,8.221660881971081,8.338893132404182,7.910071337541115,7.968687,18888503.965584293
2005-07-25,7.876131765588914,8.261762355276444,7.8421959108945725,8.014959,26335394.60401482
2005-07-26,7.98102735816154,8.193895896623077,7.9501771538461545,8.181556,20515380.2039612
2005-07-27,8.193895141605765,8.385168611973393,8.055067846705544,8.348148,21821033.120160304
2005-07-28,8.332720385297689,8.45303734459362,8.218573834983498,8.412932,11108409.054061057
2005-07-29,8.378998201472728,8.468464988913526,8.28027718655388,8.348148,9499032.59980537
2005-08-01,8.39750804629632,8.511654605860187,8.34197621199089,8.474634,10508742.1170047
2005-08-02,8.483889586522308,8.616546455818968,8.471549692441165,8.588781,11416668.325807817
2005-08-03,8.588781,8.668992625315411,8.511655042341273,8.588781,13999121.877714658
2005-08-04,8.523994713030662,8.561015319819068,8.480803696605797,8.499314,9627719.0170642
2005-08-05,8.48697492754071,8.733778379670216,8.42835926962512,8.715269,18478787.711635754
2005-08-08,8.773884457142858,8.93739245771143,8.684417675621905,8.746119,19598380.72178071
2005-08-09,8.758458867128526,8.780054839626331,8.628887659717867,8.724523,7884797.270292028
2005-08-10,8.761543820838197,8.804734841360844,8.505485216601391,8.594952,11900290.039001964
2005-08-11,8.594952016294405,8.730693637311054,8.511655642959763,8.715269,18950416.888600916
2005-08-12,9.227381187487067,9.319932653760759,8.912706202156516,9.239722,62003879.906451724
2005-08-15,9.270575749952597,9.569826253017705,9.153344452838018,9.47419,23846288.110825304
2005-08-16,9.384724551525371,9.468020923284472,9.245897265260203,9.313769,17219813.65704904
2005-08-17,9.273662722513235,9.427914645797706,9.267492312396369,9.313769,16411723.237520706
2005-08-18,9.242812409246733,9.2890881707658,9.033028648521885,9.073134,22223621.313638706
2005-08-19,9.088558695304199,9.11632414956684,8.98058162022222,9.008348,11405323.932556778
2005-08-22,8.992920719804784,9.137918387771313,8.829413676145464,8.934306,14781607.113121042
2005-08-23,8.925051194414422,9.039197759607257,8.894200996514648,8.992922,6873469.01919087
2005-08-24,8.934307857816037,9.190366460759906,8.891116837511479,8.999093,13900905.425857918
2005-08-25,9.039197030249031,9.110153497759857,8.962071078965169,9.060793,8008621.210086136
2005-08-26,9.070049439834026,9.070049439834026,8.835585885268568,8.921967,8736646.974820687
2005-08-29,8.838669082199893,8.946646150871413,8.767712617014027,8.937391,9275699.682558367
2005-08-30,8.921968703831014,9.279834976943485,8.90962880666004,9.258239,25630366.972909212
2005-08-31,9.23664088765586,9.582166223578827,9.208875434085751,9.464934,24494575.54448874
2005-09-01,9.437170800196187,9.554403040275073,9.387809369891789,9.468021,15042539.829601139
2005-09-02,9.486531228119826,9.486531228119826,9.282917874930913,9.313769,12690228.609921504
2005-09-06,9.347702984635248,9.440254499334607,9.20579097060128,9.390894,11428662.225960597
2005-09-07,9.378554546636579,9.714825716018623,9.353874756133235,9.690145,15883368.20553253
2005-09-08,9.631528774569535,9.924607979556859,9.631528774569535,9.804291,17452873.29962972
2005-09-09,9.909181956221715,9.952372043778286,9.748759647764958,9.930777,12269816.047626484
2005-09-12,9.940031082915768,9.970882199872744,9.779608791696491,9.896841,15034440.310438452
2005-09-13,9.850567594403696,10.245454433310403,9.850567594403696,10.196093,23087786.73895972
2005-09-14,10.118967768645504,10.254710331844114,10.026416231354492,10.072692,13599125.815084985
2005-09-15,10.226944282968875,10.365771580927728,10.165243878664041,10.251625,20522512.804682184
2005-09-16,10.338004624601643,10.39353553574543,10.174496633284319,10.257793,14041584.838775748
2005-09-19,10.245452789533422,10.279388653800252,10.05726501608679,10.112795,11569664.65367883
2005-09-20,10.189921039497305,10.424384551459065,10.177581146925133,10.310238,14105442.764754802
2005-09-21,10.270130489845775,10.473744708557643,10.13130416999922,10.22077,16900212.878892686
2005-09-22,10.24545155628252,10.24545155628252,9.764183732500504,9.946202,19965963.90859546
2005-09-23,9.924608327715726,10.177583115745515,9.841311954331218,10.091202,8499049.493212007
2005-09-26,10.168326516155929,10.24545246832785,9.98630823245325,10.174496,10987826.877144577
2005-09-27,10.21768615049864,10.307151988308794,10.131305054349681,10.208431,10917164.449659307
2005-09-28,10.239282730514551,10.297898378670132,10.12204958317318,10.270132,9550249.315919211
2005-09-29,10.27321825564396,10.489171484044336,10.189921891409009,10.483002,13867195.89275095
2005-09-30,10.489171890396463,10.671190187058937,10.467576844374378,10.575553,12393961.843205743
2005-10-03,10.698955270868826,10.942674880496762,10.612573238753663,10.865548,14853565.41612075
2005-10-04,10.911824792237491,11.090758357494694,10.698956284840152,10.723637,13897015.75009486
2005-10-05,10.735975303063828,10.735975303063828,10.304067942136683,10.368854,16185149.005550662
2005-10-06,10.356515715333405,10.51693897672765,10.020245480802643,10.331835,18517036.740075696
2005-10-07,10.350345181513067,10.455237526290926,10.118966370260798,10.199178,14909316.809648776
2005-10-10,10.25162444941136,10.270133829296462,9.93694925760503,9.940034,12404333.42582128
2005-10-11,9.977053317503037,10.063434423002343,9.702484439999294,9.816631,14587767.687346099
2005-10-12,9.788866306712155,10.085031177757816,9.776526412256993,9.933864,17764699.714129366
2005-10-13,9.91226611846807,9.92769075218706,9.501953832066116,9.881415,13757312.845538823
2005-10-14,9.952371461858505,10.075773159185648,9.717907959282421,9.881415,8407642.914744498
2005-10-17,9.887586229837568,10.075773995853247,9.887586229837568,9.977053,6588547.139120139
2005-10-18,10.014073584221114,10.032583886594905,9.74875986720685,9.813545,8099057.32346466
2005-10-19,9.687059975477426,9.745676564225636,9.412491040662367,9.730251,17178321.37119587
2005-10-20,9.745674831370438,10.001733413791706,9.702484740042735,9.798121,9711348.022340203
2005-10-21,9.964712896931218,9.995564020176456,9.785781194787813,9.853652,8059511.182899498
2005-10-24,9.940033620849352,10.122051,9.850566839655064,10.122051,7860810.635097571
2005-10-25,10.054180137779948,10.217687196314742,10.010989122527192,10.186837,9040370.70476341
2005-10-26,10.189920244087165,10.21151621129657,9.893755441352571,9.909181,11219267.007152256
2005-10-27,9.927691442278192,9.958542562890775,9.671632879387415,9.702484,6152897.937930122
2005-10-28,9.727164125364844,10.020244228322685,9.48653018886676,10.001733,12550848.163613247
2005-10-31,10.04184120243938,10.421302482900224,10.04184120243938,10.350346,11680519.800642412
2005-11-01,10.350345469999864,10.427471434061877,10.143647368025126,10.223859,10817973.852867102
2005-11-02,10.226941049739935,10.828525817371695,10.180665298383644,10.816185,14145313.275632767
2005-11-03,10.890228684577142,10.951930008955236,10.603319886282854,10.689701,12562516.014245864
2005-11-04,10.695867741647321,10.720548450172299,10.396619125425106,10.50768,15404288.410733862
2005-11-07,10.563213676844784,10.600234286606526,10.418216905621465,10.461407,10016690.76729354
2005-11-08,10.501510512242085,10.51076658857613,10.220771245905176,10.267047,14558595.817141967
2005-11-09,10.288646285751993,10.797679744896142,10.171414029080335,10.729808,22119567.579960424
2005-11-10,11.103098330395143,11.343732296971256,10.131307311530078,10.331835,67627734.48632309
2005-11-11,10.421299313824871,10.624912621910259,10.375023561987284,10.50151,14746599.9557397
2005-11-14,10.504598082433887,10.797678219964292,10.344174822167755,10.723637,13334950.457004467
2005-11-15,10.788422349640422,10.890228094802234,10.714381134602604,10.748317,13403345.68379403
2005-11-16,10.76065449049496,10.819270130802412,10.501509370230222,10.711294,12298018.109483317
2005-11-17,10.800762359052335,11.195648226463426,10.674275899021294,11.186394,18996446.563611116
2005-11-18,11.223413649018255,11.315964235382026,10.945759113381591,11.164798,12581317.974834833
2005-11-21,11.177137974887401,11.380751302511259,11.103096764842363,11.362241,12282457.288945025
2005-11-22,11.42085926952815,11.775639840546466,11.331392478360605,11.664578,19764664.34555112
2005-11-23,11.676916758719475,11.800318473466353,11.568939679868974,11.630641,11127532.30306911
2005-11-25,11.686169360251773,11.763295299448385,11.605957754137116,11.744785,3151650.7965024477
2005-11-28,11.7756368428773,11.877443504128445,11.476387268310791,11.686171,11467235.892551973
2005-11-29,10.99511748829996,11.306706901121169,10.896396511700042,10.945757,28177178.855039448
2005-11-30,10.868634008783983,11.207989916182573,10.865549266390042,11.152459,15543989.894963972
2005-12-01,11.245007731273498,11.337559235234597,11.12469077612407,11.285114,15181600.945032544
2005-12-02,11.337559494737375,11.365324946561222,11.13703184857519,11.288199,9034861.07813124
2005-12-05,11.31288258567477,11.31288258567477,11.04139838512949,11.078419,10472759.605860729
2005-12-06,11.096926545757071,11.27585916459534,11.081500984894841,11.124692,10136300.94208451
2005-12-07,11.167882711605817,11.235753511627909,10.951928567463955,11.143202,9526262.55900234
2005-12-08,11.084588277793621,11.22958599182498,10.927250667541744,11.053739,10444559.29748296
2005-12-09,11.087672353457767,11.226499636681364,10.93342043355281,11.211075,7101341.876813776
2005-12-12,11.241925127599186,11.399262714255006,11.223414823286737,11.374582,7594040.466717809
2005-12-13,11.396175564265704,11.62138298513189,11.312878286943455,11.522662,11977439.32782199
2005-12-14,11.436282971377569,11.491813882608135,11.278944464042448,11.414687,7765188.6209757645
2005-12-15,11.405432457712642,11.49181356428459,11.152457696548463,11.269689,8987535.100090163
2005-12-16,11.309793432304293,11.41777049207243,11.201816372536154,11.36841,28783973.991085824
2005-12-19,11.393090465231788,11.476386821192053,11.152456548013246,11.180222,7895495.456172517
2005-12-20,11.167881591338732,11.337559037130921,11.025968670734695,11.174052,8221260.387243588
2005-12-21,11.226500221576764,11.319051748547718,11.050652320331949,11.152459,7816726.786442344
2005-12-22,11.143202967430792,11.504153894116673,11.140118225280423,11.491814,8598886.359699175
2005-12-23,11.52266136048645,11.596702557983551,11.445535421598626,11.581277,5795044.036352813
2005-12-27,11.568938641779189,11.77872144547339,11.531918038125497,11.652235,9939546.190065684
2005-12-28,11.652238894747143,11.79723661602779,11.578197662691561,11.760216,7142506.753574935
2005-12-29,11.754042502120807,11.791063108426702,11.448622500097196,11.497983,8386248.389200088
2005-12-30,11.433197847030925,11.436283514811597,11.232669238442245,11.278945,6202166.973347241
2006-01-03,11.343729062298822,11.8774420907624,11.3067075370978,11.791061,12771592.14085993
2006-01-04,11.880529982494856,12.139674228824418,11.75712734342305,12.121163,13778056.23922391
2006-01-05,12.124250811952484,12.417330974690543,12.102655762777273,12.395735,17452223.092531424
2006-01-06,12.537646675907313,12.645622836175473,12.047122676470584,12.599348,16838944.871575896
2006-01-09,12.593175778089966,13.018912724391466,12.565410325070303,12.951041,15139785.390942706
2006-01-10,12.889342005772804,12.954129,12.725834925557635,12.954129,9174889.167037012
2006-01-11,12.966468780658902,13.497097220731813,12.944873733117209,13.423056,16917711.345374703
2006-01-12,13.419969773374454,13.626667849884594,13.136145742303995,13.231782,13384545.795056174
2006-01-13,13.200931107632321,13.308908186309104,12.929446965419903,13.11455,11380040.336877743
2006-01-17,12.935618573432345,13.111467410670834,12.76285632980226,13.105297,8893207.68541148
2006-01-18,12.707322766401745,13.216356089163648,12.587005799203475,13.173166,12424108.044019183
2006-01-19,13.349011073167446,14.086338333421862,13.324331290118892,13.904321,24709486.011291023
2006-01-20,13.925920396291449,14.086342738332409,13.512523257533058,13.515608,12468837.743244698
2006-01-23,13.620498456775554,13.706880494865207,13.435395411605194,13.592733,9045880.35523099
2006-01-24,13.623583392953929,13.944428962524933,13.586562785907859,13.660604,10504852.054857897
2006-01-25,13.728475790834176,13.817942572795625,13.376779998626384,13.540288,10811167.162766404
2006-01-26,13.737728371600726,14.01538289242029,13.651347273628552,14.003043,12123951.701069547
2006-01-27,14.185061641584785,14.425695565895403,14.067829421236118,14.268358,10400802.825994415
2006-01-30,14.330060567372241,14.345485203268867,14.04314993779169,14.107936,8529843.938085627
2006-01-31,14.03698073472881,14.114106692301897,13.762410918985521,13.870388,10384918.662967468
2006-02-01,13.620496841969754,13.935171981452413,13.568051602399388,13.879642,12178407.249776326
2006-02-02,14.006130750642091,14.015385903324347,13.435396026731224,13.456992,12796547.400786148
2006-02-03,13.370610167446689,13.746985739359218,13.327419148737375,13.580393,13620845.714693233
2006-02-06,13.543371511128802,13.978363635631847,13.484755859594436,13.962939,9817991.543821827
2006-02-07,13.990704915607008,13.990704915607008,13.460075590234913,13.466246,10788801.86801875
2006-02-08,13.506348055333799,13.854959,13.506348055333799,13.854959,10617656.537273046
2006-02-09,13.898150517674043,14.11410464843056,13.534114903006428,13.620496,11806939.168368025
2006-02-10,13.669859384734837,13.731560706034914,13.225612092610753,13.543372,11209864.614344198
2006-02-13,13.500182146874693,13.68528518853424,13.40763062604492,13.589648,7583343.782009658
2006-02-14,13.589649283609107,13.663690507266484,13.435396425817812,13.61433,9247497.08579122
2006-02-15,13.586563537273534,13.913579534608616,13.552627670432852,13.876558,13324902.32009984
2006-02-16,14.13570300109055,14.592289273147065,14.040065811861616,14.56144,35274622.68599809
2006-02-17,15.631948527109772,15.647374086702841,14.561437644124556,14.644734,63666062.50974582
2006-02-21,14.613881229576382,14.638561937033579,14.206654646864944,14.333142,18477821.241183545
2006-02-22,14.12953045672859,14.422610558247865,13.79017552393273,14.308464,25384673.994357467
2006-02-23,14.265273886924628,14.360910148501382,14.049320650083656,14.089426,10403070.699303152
2006-02-24,14.151128067017082,14.320805553080552,14.012300780551906,14.086342,11248112.95934743
2006-02-27,14.194317432388077,14.746540846061547,14.046234085237128,14.657075,18002622.93492392
2006-02-28,14.592287237859452,14.715689866327178,14.397929069813621,14.539842,15216283.574470757
2006-03-01,14.59228790522441,15.1784481034659,14.499737317913526,15.092067,19014600.045580238
2006-03-02,15.076641322943114,15.326528539273673,14.91930376201231,15.113661,14733957.907352822
2006-03-03,14.974834567639656,15.42833697419982,14.947069114176786,15.166108,16093740.395690178
2006-03-06,15.462277046831188,15.56408466276251,15.06121977060658,15.135261,14289876.176664544
2006-03-07,15.13834399936597,15.255576233742794,14.5768644669488,14.876115,16374771.511473257
2006-03-08,14.879198959254959,14.956325844025132,14.271444586316061,14.802073,18119637.324447732
2006-03-09,14.981004666879812,15.230894683827232,14.86994469949578,14.879198,14497331.513096336
2006-03-10,14.8637686950006,15.051958271326098,14.4873941699242,14.620051,14088913.87222247
2006-03-13,14.768137544573923,14.866859472371695,14.657075722869626,14.795903,10052023.124313535
2006-03-14,14.808241509433962,15.267913389279247,14.752710603773584,15.206213,16957908.191868678
2006-03-15,15.237060565038568,15.471524965484306,15.178444927684602,15.449929,13792322.00646359
2006-03-16,15.477699473270453,15.496210703487831,14.873029828172182,14.925476,15354042.225306584
2006-03-17,14.854516569031437,15.085895346205058,14.632393868459868,15.04579,16709289.621229593
2006-03-20,15.178450379720047,15.181536047620416,14.916221362559243,14.931646,7935363.425566076
2006-03-21,15.668972,15.949712221656704,15.258659653121796,15.668972,33372548.243752044
2006-03-22,15.271000167666736,15.345041380600877,14.876114315694755,15.218554,31295435.449728012
2006-03-23,15.270997253731343,15.564078233024954,15.098235073527404,15.502376,17881720.19566549
2006-03-24,15.542479667434984,16.054597595533043,15.517798961985298,16.026834,18582521.222295057
2006-03-27,16.03917744328355,16.471084818928375,15.986731276625816,16.458744,17596794.723297235
2006-03-28,16.384704007819384,16.93075798333989,16.3507681415136,16.71172,21480035.904544838
2006-03-29,16.782675781497097,17.64031927349809,16.643849423179585,17.60947,26663418.730137814
2006-03-30,17.62798223952936,17.825425200815214,17.310221360199314,17.729788,28722052.699005764
2006-03-31,17.717445168352974,17.964249523201172,17.55702192121982,17.664999,22570132.38857245
2006-04-03,17.757548600134122,18.10924617923141,17.535425907922587,17.86244,26172345.19903776
2006-04-04,17.887123356709115,18.72625838183868,17.86861397800868,18.698492,32430909.454885453
2006-04-05,18.66455108242453,18.942206496030256,18.26657964949444,18.849655,30063695.557016827
2006-04-06,18.800298817934593,19.02859101792135,18.5411536441625,18.886679,21320882.2390003
2006-04-07,18.806469800302484,18.9730625445965,18.467113901568847,18.83732,18440322.914533492
2006-04-10,18.7941269391717,18.9051878256566,18.368389067656597,18.510302,17131757.223626066
2006-04-11,18.572003964734066,18.572003964734066,17.948822264135128,18.059885,18964358.61586051
2006-04-12,18.177117956116252,18.886679931759012,18.07839694987246,18.787958,16161484.661733862
2006-04-13,18.386899700839503,18.59668342523022,18.189456794393283,18.263498,19944569.890499618
2006-04-17,18.232649304345195,18.769448089102625,18.16477757661864,18.31286,11989755.161067141
2006-04-18,17.985845496483435,17.992017757813404,17.393516649741976,17.880955,31482138.621790614
2006-04-19,17.76989433241377,18.189460951571558,17.523088097782303,17.992018,13978051.207868954
2006-04-20,17.8315895570425,18.288177604114782,17.535425663057723,17.967333,14929092.548760574
2006-04-21,18.022860343487558,18.09690153753888,17.109685308349615,17.319469,20799664.561494347
2006-04-24,17.43053838177794,18.02286723517158,17.122032671586023,17.850105,18283004.477587108
2006-04-25,17.64649337595215,17.88095602353781,17.337987651565506,17.837765,19442249.70646827
2006-04-26,17.905638503799818,18.177122730551606,17.523091496200184,17.714365,8928213.895152325
2006-04-27,17.6464911475189,18.164778736945614,17.263944245670682,17.998186,12505575.202117592
2006-04-28,18.01052477058337,18.25733005662279,17.85627285508152,18.029036,7691283.771356382
2006-05-01,18.15243769990917,19.417308773786406,18.15243769990917,19.065613,24377557.647897296
2006-05-02,19.20752068935215,19.43581375775069,18.71391117837644,19.040928,14578370.812336456
2006-05-03,18.82497715445948,19.374114880369497,18.80646685243936,19.164333,10213555.66184328
2006-05-04,18.78795237364406,19.250709844066694,18.68923139696386,19.040928,13806584.244150283
2006-05-05,19.13964971259031,19.367942789766605,18.874335110841802,19.300072,9135022.35545028
2006-05-08,19.25071367949451,19.670282078795566,19.034762309806936,19.213694,13603775.515525542
2006-05-09,19.18901861321728,19.287739632200402,18.602858282496552,18.627539,15171223.46008241
2006-05-10,18.405413458911585,18.621367632832317,18.029036951219513,18.21414,20347152.706633415
2006-05-11,18.399240730965335,18.572005722955954,17.42436505633024,17.566278,32444308.69191527
2006-05-12,17.146707162031507,17.23308917376956,15.881836430722302,16.245872,42359445.70607845
2006-05-15,16.21502633367603,16.622252096906116,16.07311431125471,16.480341,14947890.617766952
2006-05-16,16.57289097776113,16.57906231289631,15.943541589550806,16.048433,13439325.945405386
2006-05-17,15.992900463549846,16.085450114476032,15.116745936525959,15.400569,22719026.22384926
2006-05-18,15.523974793634046,15.672056301525569,14.684841621339368,14.703351,18549884.255718306
2006-05-19,14.83909278679456,15.363551687025382,14.691010360895522,15.011855,25196994.02104537
2006-05-22,14.931644716494937,14.962494914239873,14.4010163175,14.808243,19850673.709230732
2006-05-23,15.116746949850274,15.468441755344127,14.586117686054807,14.647819,14378804.046022143
2006-05-24,14.777389688133217,15.27716781536353,14.444205195494725,14.839091,15653986.386632442
2006-05-25,15.116749193165068,15.338872845712649,14.67867137251941,14.758883,11444004.142942254
2006-05-26,14.814410785159323,14.913132702341866,14.635479103451438,14.789731,7958811.421248973
2006-05-30,14.814413332732375,14.820584668356089,14.166552664376288,14.172724,12122652.884498421
2006-05-31,14.363997054830286,14.499739603544255,14.09251195740235,14.178894,16164509.023059204
2006-06-01,14.339315238683795,14.919306,14.117191589932162,14.919306,14508783.815286044
2006-06-02,15.159938194499023,15.23397941120239,14.555268566593268,14.703351,18198188.25233785
2006-06-05,14.623140840998685,14.894625929318526,14.043150980150196,14.086342,15695365.482394224
2006-06-06,14.265273162904785,14.277613056364626,13.327418122078393,13.709965,22261332.03613576
2006-06-07,13.858045826736806,13.88272653797602,13.358267671369669,13.46316,15272036.038456053
2006-06-08,13.308909526610647,13.481672684788936,12.685729555937396,13.216358,19734196.36483818
2006-06-09,13.38911829684851,13.617412337986167,13.062104184124676,13.173166,11718446.972459013
2006-06-12,12.944871139817103,13.11763333657099,12.37105179410117,12.445093,12512708.143434525
2006-06-13,12.438923021148035,12.691896841545317,12.136588703616313,12.25382,14385178.499439359
2006-06-14,12.32786008493493,12.64870560085566,12.198287981940117,12.611685,12979043.799785675
2006-06-15,13.074443828972875,13.759325013858165,12.969551498962348,13.716134,22618107.113855843
2006-06-16,13.623583246537397,13.660603853185597,13.234866876731303,13.364439,13599128.852322195
2006-06-19,13.512522743633442,13.580393553931994,12.932532874442721,12.963384,10481836.936536016
2006-06-20,12.605515180717717,13.049762411756227,12.556154685774016,12.759768,14473454.308244476
2006-06-21,12.704236169216644,13.105293314203731,12.704236169216644,12.90168,11916931.90344203
2006-06-22,13.043596697229004,13.080617313139319,12.438926945865667,12.525309,14379447.421664407
2006-06-23,12.500623806289365,12.790618218611522,12.383391589364846,12.531474,9054417.700583346
2006-06-26,12.51296694117711,12.648709494606225,12.352543671074892,12.414245,7610246.910077899
2006-06-27,12.488284056785393,12.500624875737477,11.852763348268034,12.019357,16437116.206599073
2006-06-28,12.111907650627904,12.883169908483223,11.797232523552882,12.685727,22511140.508131698
2006-06-29,12.340201358777374,13.259547,12.29701126995197,13.259547,18575169.151495147
2006-06-30,13.389119933054628,13.598904622698091,13.037425065319324,13.136147,12648089.870187964
2006-07-03,13.438479816666666,13.45082063552861,13.23486648611111,13.327418,4718885.533566968
2006-07-05,13.117637452949987,13.234869707582883,12.728921,12.728921,12417622.056818483
2006-07-06,12.728917840346426,12.852319549765294,12.204458955664759,12.334032,12712704.05238125
2006-07-07,12.420414010852195,12.445094724743951,11.815743461868133,11.951486,14619641.007243786
2006-07-10,11.982335565448775,12.06871666456332,11.32830459925269,11.433196,12153232.533055497
2006-07-11,11.396177358847014,11.858934941758637,11.229583703483664,11.815743,16222856.79851026
2006-07-12,11.77255298011229,11.908295513754908,11.235754180704653,11.248095,12453388.508649686
2006-07-13,11.0753302979674,11.352984833440372,10.902568092905405,10.958099,14602138.564362304
2006-07-14,11.16171223089983,11.22341354676197,10.594063271719525,10.902568,15454853.021783492
2006-07-17,10.853205488919413,11.11235061935145,10.797675513380783,10.988948,13581735.316547135
2006-07-18,11.365327338658146,11.704683240879952,10.958100626198084,11.587451,26453696.848426804
2006-07-19,11.538087042732625,12.241478482952232,11.451705946298393,12.093397,28512448.19490339
2006-07-20,12.30935107544774,12.525305220097252,11.834253623146024,11.852763,13657259.344508955
2006-07-21,11.451708338186458,11.501068842813666,10.877888885523573,10.96427,17123326.778837077
2006-07-24,11.371497812083819,12.34637357822086,11.309796486196321,12.068719,26557530.753678165
2006-07-25,12.216799466666666,12.624026115555555,12.037866853690222,12.494454,15507688.451212034
2006-07-26,12.494454,12.642536417777777,12.124247955555555,12.494454,13379468.202452065
2006-07-27,12.654874774509846,13.173164099329206,12.445091991801412,12.673386,18755395.669760235
2006-07-28,13.000402572713142,14.012298785959471,12.926360438289395,13.987619,22022763.053640507
2006-07-31,13.839536625550949,13.981449569571001,13.623583392953929,13.660604,16065646.877692964
2006-08-01,13.494010955435037,13.518691668065255,12.86466065024328,13.111465,16233229.59522067
2006-08-02,13.401459581325604,14.185062729070232,13.370609384348786,14.117191,20441912.490020145
2006-08-03,14.067825289223382,15.388226743295784,13.870382435774312,15.00568,24056016.69358536
2006-08-04,15.400572220807694,15.425252934995976,14.41952702041532,14.802073,22102067.810461413
2006-08-07,14.54292789364291,14.814412031847448,14.345484968177349,14.629309,11781114.432513526
2006-08-08,14.746540941566005,15.332702073529212,14.709520335917292,15.018026,16742135.606350658
2006-08-09,15.314191186897421,15.73375775177298,14.900794106090883,15.011855,15794014.62260327
2006-08-10,14.845262612492267,14.993345023334932,14.592286951444267,14.906963,28960630.60829359
2006-08-11,13.821026563289807,14.814412561194999,13.771666061538463,14.438037,43307554.89821781
2006-08-14,14.616967812628994,14.76505022500013,14.283782384793943,14.363994,21863825.33994375
2006-08-15,14.734199906967088,15.826307689016158,14.5922869792953,15.746097,24369457.335122474
2006-08-16,15.832477736933631,16.943095795046315,15.425250190110596,16.875225,27801925.040252797
2006-08-17,16.665438972784973,17.103516676383418,16.44331537958519,16.609909,21993809.525699392
2006-08-18,16.62842315755477,16.967779034407787,16.048433332236844,16.881397,17987171.085426163
2006-08-21,16.628424171622814,16.65927437121257,16.221197464770952,16.258219,13511933.052076614
2006-08-22,16.20885728545238,16.683954793266317,16.196516465420952,16.233538,12801734.276791666
2006-08-23,16.356937523496626,16.52352931638029,15.863327926456583,16.221195,13111941.632234862
2006-08-24,16.26439125510532,16.47417320335933,16.005246017450318,16.387793,7044723.401131562
2006-08-25,16.264385792826328,16.628421419591845,16.103962560273317,16.338427,6437280.24155569
2006-08-28,16.60991157246999,17.381174785317963,16.57906137714151,16.899906,20652282.91802333
2006-08-29,17.060328469449196,17.745211549081752,16.936926754782686,17.664999,19663643.034115087
2006-08-30,17.76372133557433,18.214139039014373,17.720531243481112,18.029036,18410394.65448957
2006-08-31,17.98584278644853,18.066055331709215,17.572446645526746,17.961163,13810579.20054509
2006-09-01,17.695848222185973,17.837759292149006,17.14053828108504,17.20841,16362241.103565058
2006-09-05,17.263944344027685,17.652660732448737,17.010968643958474,17.584789,14839086.212521514
2006-09-06,17.276283511614086,17.300964226017193,16.659273981173367,16.702465,13332357.715648558
2006-09-07,16.43097934468045,17.4120253896296,16.252044875717957,17.035648,20065474.094052665
2006-09-08,17.30714123946606,17.381182481450875,16.71480945255649,17.091187,12100715.43888672
2006-09-11,16.708631534060505,17.55393590381481,16.517358113620652,17.356493,16160298.93276251
2006-09-12,17.276283181960554,17.924144749937156,17.233094014988463,17.813082,13463636.202471869
2006-09-13,17.856274064003507,18.18946048230227,17.800744074054847,17.954996,12865374.071929617
2006-09-14,17.868613621668683,18.201798165390656,17.652660385297803,17.887123,11583062.157050075
2006-09-15,17.94882560203575,18.32520119009364,17.862443560911597,18.238821,17551412.419404738
2006-09-18,18.28817882347097,18.960719195583135,18.232648841627377,18.929869,21444706.32016524
2006-09-19,18.806466024096387,18.94220854143675,18.28200810696988,18.43626,19125890.82601352
2006-09-20,18.67689562387963,19.133483712368783,18.63987409256889,19.108803,13827002.259937475
2006-09-21,19.090292528557132,19.281565965317384,18.775617382072756,18.95455,14562268.584587868
2006-09-22,18.899014459225338,19.016246656311854,18.183283237442964,18.393066,17647797.810810875
2006-09-25,18.6707249975387,19.133482541669448,18.16477644078405,19.05327,18489271.776372246
2006-09-26,19.03476492125938,19.084125426205805,18.41158310890863,18.652218,13941423.40616006
2006-09-27,18.596684,19.189013663160928,18.41775046391007,18.596684,15616709.030975629
2006-09-28,17.86861540131225,18.319032222760253,17.788402842634934,18.244991,17486042.93303296
2006-09-29,18.36839492188133,18.510307899454077,18.15861297487984,18.257334,10099453.829480251
2006-10-02,18.17094653145774,18.288178755059317,17.646489506445814,17.794571,17488639.2069806
2006-10-03,17.461386,17.597128529428332,17.07266964008333,17.461386,24518561.560010184
2006-10-04,17.48606320594465,19.18284133406039,17.43670271412658,19.17667,39447766.6607654
2006-10-05,19.1026259152571,19.293899296134125,18.58433851563474,18.633699,17900306.740545716
2006-10-06,18.664555574492162,19.28156693054554,18.609025589024366,19.084124,16034528.954024822
2006-10-09,19.040934364869614,20.564947934373134,18.985403449856417,20.311975,25183377.57747339
2006-10-10,20.207084216527072,20.28729492372871,19.620924848099612,19.849218,16872979.1372839
2006-10-11,19.744321869293117,20.311970796791236,19.441985716097452,19.960276,13018264.680548504
2006-10-12,20.071338271495463,20.45388515690009,19.750493631142437,20.040489,11202409.62742975
2006-10-13,19.97261531321838,20.953660366943875,19.645600295309883,20.83643,15780077.924567692
2006-10-16,20.904303417761486,21.243659311246624,20.42920683280971,20.799412,12937874.590329764
2006-10-17,20.460054065137573,20.60196607159109,19.806023087693138,20.003466,14221918.188867869
2006-10-18,20.299630345528406,20.51558448998049,19.330926064956603,19.472839,22224056.21330819
2006-10-19,19.39879296073531,19.991123470563274,19.244541081830455,19.843042,12777751.104190577
2006-10-20,19.997300941995206,20.009641763037177,19.330929924279395,19.614754,9710158.197125489
2006-10-23,19.57156002813075,20.046657480789385,19.435817502150375,19.485178,7570054.6161087155
2006-10-24,19.522198591231525,20.274949617911496,19.466666761238574,20.052826,14027000.052022593
2006-10-25,20.244101484115344,20.546437673282902,19.90474561371022,20.237932,10519438.608910238
2006-10-26,20.287293197131792,20.947493731720733,20.287293197131792,20.879622,9904969.679661825
2006-10-27,20.879620418512705,21.34237798376155,19.74432340096076,19.978786,15315470.847437877
2006-10-30,20.11453051370008,20.577288103347854,19.89857635485433,20.219421,12954730.800985843
2006-10-31,20.663667084557673,21.515141,20.558775678841556,21.515141,26908582.382230267
2006-11-01,21.23131663855602,21.42875954505167,19.55921817749899,19.855383,31780681.85315287
2006-11-02,19.94793207247229,20.379839361078858,19.448154921012563,19.719639,23309833.977751825
2006-11-03,19.94176785384962,20.13921078836777,19.620923200947033,20.114531,14804402.969564639
2006-11-06,20.170054069435714,21.003017465282145,19.917080309572498,20.725363,19978068.76386194
2006-11-07,20.87961884693011,21.26216568908542,20.76238663071928,21.040043,14944435.358530397
2006-11-08,20.891958987995057,21.607689346129316,20.842597571526152,21.348547,17512520.248371
2006-11-09,21.78662881972563,22.335766606544986,21.589184033752336,21.774288,32623883.3036148
2006-11-10,21.58917880092756,21.69407204111041,20.71302431198612,21.249823,35579975.18709686
2006-11-13,21.2930202346565,22.274068250687,21.28685075,22.212366,23021770.846023336
2006-11-14,22.132149711619473,22.477675009275085,21.657051386138615,22.434484,16977790.440823153
2006-11-15,22.366619384388006,22.675125104865774,21.940883267118082,22.064285,13286976.30582636
2006-11-16,22.15683150424462,22.428315613858256,21.96555808297418,22.348104,12349339.813189523
2006-11-17,22.193853768913186,22.47150924533219,22.05811216103698,22.409807,9767749.137089845
2006-11-20,22.132150759720755,22.74299069953909,21.96555804886121,22.619589,16440359.16018633
2006-11-21,22.687463437215023,22.72448312005478,22.113643082197758,22.267895,10464009.566930328
2006-11-22,22.348109620792066,22.675124716359637,22.230877374977897,22.650444,6489790.104388241
2006-11-24,22.539380506546824,22.866396503572783,22.33576715672566,22.817036,3898801.3344765725
2006-11-27,22.681290079621576,22.983626254918935,21.63237324492004,21.786627,15809898.275318157
2006-11-28,21.71258615955567,22.39129793864533,21.373232121041283,22.193855,12991790.655566597
2006-11-29,22.3974702735298,22.792356168440545,22.311088232036926,22.520872,15661330.061429238
2006-11-30,22.52086571568532,23.008303926326036,22.24938162300081,22.8232,15765060.464790212
2006-12-01,22.570230131383923,22.601080328377613,21.731096073313115,21.928539,21204622.833814874
2006-12-04,22.21236543503609,23.100859126922305,22.13215473241972,22.817036,16789783.1993954
2006-12-05,22.576396591221762,22.712140031252748,22.32959319730283,22.582567,17918455.417402282
2006-12-06,22.656609401687973,22.656609401687973,22.24321235301053,22.551718,12918211.847629523
2006-12-07,22.55171721689932,22.675118916100974,21.811306096174345,22.008749,13151920.00110047
2006-12-08,21.848327968913168,22.237044332258467,21.533651892118485,21.93471,15257880.962246595
2006-12-11,21.940883865738467,22.576403779210537,21.891523356342045,22.31109,13924242.531212058
2006-12-12,22.144491466344533,22.218532676988236,21.786627157425183,22.082792,15345940.323257132
2006-12-13,22.261721314046284,22.520866449136474,22.261721314046284,22.341932,13288600.990335124
2006-12-14,22.520865880463727,23.020643060795223,22.50235558024719,22.73682,19323835.692326367
2006-12-15,22.884903186638358,23.137877,22.742991182876718,23.137877,20153426.34935781
2006-12-18,23.162562334851724,23.816593430461964,23.150222439826525,23.538937,18593858.637490723
2006-12-19,23.236602674781654,24.00169372211774,23.205752475631023,23.878292,14738277.191664295
2006-12-20,23.754894462835402,24.038719491775055,23.588301692145578,23.606812,8281655.886309425
2006-12-21,23.736381490994127,23.804251375509633,23.13788131903663,23.403196,9938247.8814432
2006-12-22,23.36617352061271,23.446386073299248,22.736825025184853,22.847885,9998971.217563463
2006-12-26,22.971287127228525,23.174901395531403,22.74916348055105,22.841715,6163918.252197788
2006-12-27,22.94043658577609,23.224261549675035,22.94043658577609,23.144049,7156878.826639193
2006-12-28,23.168728435284663,23.193408221730014,22.872563593819443,22.977455,5778187.551005975
2006-12-29,22.97745911124001,23.458727064731825,22.810867283623526,22.835548,10429109.113921857
2007-01-03,22.87256810602606,23.15022362518958,21.46578483154181,22.261728,31193973.368846294
2007-01-04,22.181516790758657,22.26172749899722,21.61386679506492,22.156837,21536543.141622607
2007-01-05,21.63237495208427,21.71875698770486,20.620479568096364,20.768562,33585185.87293622
2007-01-08,20.842601377726314,21.32387018585327,20.484735207791974,20.922813,17754112.228785872
2007-01-09,20.953663900760404,21.095576853166417,20.490906285339122,20.515587,20641583.588644087
2007-01-10,20.299633518057608,21.718758462703995,19.99112966466036,21.527485,29949371.048220456
2007-01-11,21.527483700877916,21.694077363545226,21.095576296052567,21.447273,24972685.31101367
2007-01-12,21.126425006788534,21.823647030191513,21.02770308321901,21.737265,18859442.94418824
2007-01-16,21.903859202997516,21.91620002272315,21.527483637184986,21.774288,19228857.53748642
2007-01-17,21.471952761578148,21.601523959211637,21.237488302679992,21.317699,19122647.216001123
2007-01-18,21.132595053226616,21.132595053226616,19.287734367186268,19.553049,40562169.77619705
2007-01-19,19.343266040048118,20.077507727959574,19.2075244392333,19.670282,25461604.51809486
2007-01-22,19.85538409879156,20.17622872391306,19.596240790277328,19.670282,19736144.3103561
2007-01-23,19.577733986404986,19.991130197554092,19.213697356538102,19.676455,17027055.33085101
2007-01-24,19.929427799767424,20.55260867650994,19.83687535052956,20.287294,18522655.608973775
2007-01-25,20.47239699508985,20.546438210531353,19.479010070906266,19.577732,16647052.491647143
2007-01-26,19.74432295574538,19.935596386906912,19.065611258341278,19.417307,22408710.332488433
2007-01-29,19.33092908397251,19.343268978962772,18.45477525281276,18.621368,33988742.58094786
2007-01-30,18.744764433809866,19.1026286916056,18.578171733660557,18.979227,17184270.363793
2007-01-31,18.886682208221938,19.090296506240588,18.652219558753707,18.911362,12640957.55772641
2007-02-01,18.7324225324166,19.250709977363773,18.695402860041398,19.151989,17581995.89135102
2007-02-02,19.256883273752017,19.74432150415851,19.096460049533906,19.65177,15844907.258216435
2007-02-05,19.744318936441523,20.139204685820207,19.713466896542542,19.972612,15664361.176194679
2007-02-06,20.423037583156255,20.941325193389478,20.120701369949323,20.68218,20944657.75578783
2007-02-07,20.848769785483324,21.539820420743645,20.72536715913928,21.490459,20557633.923668172
2007-02-08,21.163442510366533,21.515137271588046,20.978338591832372,21.212803,19618159.27862056
2007-02-09,21.31770378085794,21.496637369964144,20.06517328469137,20.145384,25336045.933271863
2007-02-12,20.293461158041207,21.027702853559,20.0775079359513,20.589626,21322179.763925776
2007-02-13,20.922810023881766,21.144932704899784,20.71302538369163,20.97834,22952949.844353747
2007-02-14,21.163448616054282,21.286850338497015,20.651330496125954,20.700691,29222857.778776564
2007-02-15,20.6883464817172,20.928980399050534,20.490902650484934,20.824089,13200217.306024767
2007-02-16,20.737709779759115,20.762389567862666,20.126869753195546,20.188572,24717584.544909865
2007-02-20,20.21941958170002,20.478564739240106,20.077507572667574,20.367502,16898049.266935136
2007-02-21,20.200907588402032,20.416860788507105,19.861551766366883,20.065166,17701819.361972883
2007-02-22,20.379845043079744,20.706860110682218,20.145380571501928,20.194742,17705057.385729413
2007-02-23,20.386018922472,20.398359744454385,20.13921451452418,20.145384,10887123.320617767
2007-02-26,20.200910585534906,20.355164348591067,19.80602472821305,19.836874,13345756.335620217
2007-02-27,19.620925954044434,20.08368361981163,19.20752879745396,19.238379,19303515.98863397
2007-02-28,19.182848847629273,19.540714173130834,18.948384337249223,19.127317,21070638.762310468
2007-03-01,18.7139125557419,19.244541777891403,18.467109170361443,18.892847,22615192.403442424
2007-03-02,18.726254032403123,18.954547114361677,18.33136732568226,18.368387,18441840.572130803
2007-03-05,18.047547364480273,18.405413569443425,17.683511674864217,17.745213,17923961.825231403
2007-03-06,18.1339274999069,18.997741333492886,18.05988628772767,18.794128,21770902.346897926
2007-03-07,18.701574824668047,18.78795499718912,18.183286385421034,18.263498,21924440.407177202
2007-03-08,18.646042990431635,19.226031788412058,18.633702173102673,19.016249,20815977.593083683
2007-03-09,19.28156403883894,19.497518166173453,18.609022798180533,18.824976,14999864.222934468
2007-03-12,18.60902650809424,18.98540300962814,18.584345793488907,18.713917,11561344.068149924
2007-03-13,18.522643081680602,18.63370396974446,17.91180218148115,17.924143,16668231.324024806
2007-03-14,17.97350755575074,18.078398983753615,17.300966113165014,17.837765,26245054.4245089
2007-03-15,17.79456749928066,17.954989779874214,17.38734092695362,17.658825,17713166.30636523
2007-03-16,17.671172573271217,17.7020227744663,17.368836344189106,17.492239,14198792.961838674
2007-03-19,17.584788484212407,17.862442113711104,17.523086237966854,17.578619,12466246.051057823
2007-03-20,17.523088275679793,17.92414644430757,17.424367261649422,17.492239,17733040.350066103
2007-03-21,18.201793693967666,18.781783380517368,17.856268415552403,18.491789,34261358.487272374
2007-03-22,18.510302644466208,19.010081741381928,18.42392061511528,18.899019,21905422.498384707
2007-03-23,18.757106803873143,19.090293190154,18.55349439225372,18.689236,14171566.757892082
2007-03-26,18.70157429033124,18.880506890263362,18.386899175493518,18.726255,12083434.058523715
2007-03-27,18.68306575040201,18.720087282986036,18.356051621980754,18.374561,12669160.155254865
2007-03-28,18.220305904734335,18.374558723582606,17.992013731951435,18.022863,12412115.66501948
2007-03-29,18.29435033411095,18.319031048620907,17.418196537947676,17.708191,19422046.78096142
2007-03-30,17.94882040653394,18.078392505198714,17.664995500953736,17.757547,15700556.068504283
2007-04-02,17.7143562913322,17.86243869230898,17.449042606592144,17.739037,10827161.022675583
2007-04-03,17.739038873596094,17.936481787247374,17.50457628130561,17.671169,12796225.529584376
2007-04-04,17.646491745680404,17.788401922427436,17.584789495885055,17.63415,9770017.436956132
2007-04-05,17.708190406705288,19.084124229398686,17.708190406705288,19.065613,36004271.14512395
2007-04-09,19.065618462992447,19.28157268718875,18.683071456109797,18.720093,17313271.04026139
2007-04-10,18.695409676764037,18.911361083661937,18.491795388611386,18.528816,21453454.44630677
2007-04-11,18.565832117211244,18.750936064089526,18.133926609889013,18.195627,21883705.463955704
2007-04-12,18.096907464503875,18.76944976475602,17.97967522702261,18.713917,20087189.73205877
2007-04-13,18.65221676396539,18.90518968212018,18.423921782860337,18.86817,17252337.030517533
2007-04-16,18.818804488535086,18.960715546005346,18.528809188914735,18.769444,18147627.004609194
2007-04-17,19.244544850149214,19.682621715823213,18.855828484328367,18.94838,28608607.65796865
2007-04-18,18.917526333724567,19.34943176398984,18.818804431438977,19.18284,18470798.503506258
2007-04-19,19.028593524085135,19.559222909793657,18.973063531945954,19.448162,15344316.931728562
2007-04-20,19.73198591721543,19.74432673805127,19.417310719661337,19.676455,15938472.555142682
2007-04-23,19.583899102840324,19.620920631574386,19.30007416965645,19.355606,16079478.675129054
2007-04-24,19.682622866125488,20.262612706735496,19.553051662127896,20.083681,27770694.311575655
2007-04-25,20.052821716036828,20.540259859714308,19.960272079375596,20.429199,13766391.354550904
2007-04-26,20.429207067762142,20.836433774421653,20.244103093765307,20.68218,13507827.237370528
2007-04-27,20.614306813746133,20.842600855721184,20.077508035046385,20.404524,14966151.784957102
2007-04-30,20.68217735204367,20.941322512254576,20.287291516183995,20.293461,15218227.812899929
2007-05-01,20.663666902544676,20.7994094282579,20.342822278880867,20.509415,14709430.181211896
2007-05-02,20.614307351160097,20.700689383086488,20.163890590392427,20.268782,17818616.826605562
2007-05-03,20.46005753885892,20.787071694829155,20.423037854186557,20.651331,13512689.214598324
2007-05-04,20.762390465214217,20.904303417761486,20.564947524276352,20.799412,10946443.291584397
2007-05-07,21.101747586867454,21.33621207623745,20.36133628387808,20.386017,15048373.826162316
2007-05-08,20.262609480960432,20.589624494879793,19.867723670891976,20.540264,19910534.93068541
2007-05-09,20.392177136055114,20.750043190939643,20.157714605205555,20.632811,11287447.059496643
2007-05-10,20.719199920290535,20.990684061731447,20.071338375586123,20.250271,21679385.324542075
2007-05-11,21.342376172446734,21.891516645795353,21.015362088111214,21.681732,41345302.725640185
2007-05-14,21.595351027980843,21.798963406340693,21.262164696125133,21.465778,19761105.602769207
2007-05-15,21.527482762397995,21.657054885645444,21.22514657413372,21.274508,16784165.80275323
2007-05-16,21.293020288501534,21.545996,20.88579542850226,21.545996,14130075.076482888
2007-05-17,21.484293882588304,21.59535663907418,21.064727274093293,21.188129,11984243.266727326
2007-05-18,21.34855555008428,21.669400258055347,21.169621037857567,21.607698,16322365.510458356
2007-05-21,21.545998773508536,22.212368915456874,21.44110548888215,21.67557,17443470.413926832
2007-05-22,21.694074010253555,21.990237905007962,21.342376435153437,21.792795,10851687.236437546
2007-05-23,21.805131652146464,21.93470559828983,21.151101693821943,21.212803,12108070.01790381
2007-05-24,21.31153194424644,21.373233270805212,20.361335957714665,20.447718,16417881.454057612
2007-05-25,20.595798854274026,20.873452488578142,20.534096606960578,20.768562,8346054.181526867
2007-05-29,20.682180297745855,21.058557735763845,20.620480823222486,20.990686,8542268.699555604
2007-05-30,20.743878180532693,21.040043,20.48473303798374,21.040043,8958471.180919163
2007-05-31,21.194300424529434,21.50280614233337,21.09557848377034,21.373234,13008212.796725098
2007-06-01,21.61386559849418,21.934712115747146,21.484293464880995,21.521315,11590408.818020644
2007-06-04,21.3238667477505,21.7619435438111,21.237484729840236,21.63854,8697860.01966861
2007-06-05,21.70024325809674,22.31725267661675,21.663221730449884,22.280233,18870141.482649665
2007-06-06,22.12598447188523,22.804695362426006,22.03343387025788,22.446831,25681261.815781478
2007-06-07,22.34193467876561,22.67512105654012,22.20002266501204,22.206194,21389709.399593644
2007-06-08,22.021088731425355,22.58256819449291,21.749604613548502,22.551718,14404627.374459896
2007-06-11,22.551716315207788,22.767669511554928,22.42831462094014,22.631927,11740274.069963198
2007-06-12,22.51469737356713,22.829372516762373,22.385125255780856,22.397467,14229048.899556365
2007-06-13,22.644273602386985,22.940438484704785,22.35427913028922,22.934269,15862299.281516232
2007-06-14,22.829373907020056,23.427874959643255,22.798523709411562,23.341492,13736889.710662028
2007-06-15,23.606804103005054,24.587851942138304,23.600634619461,24.402748,29226860.257021055
2007-06-18,24.649553457588716,24.735935489548837,24.217646074333583,24.415089,18521036.431958124
2007-06-19,24.260832389375057,24.624868898850693,24.09423969282298,24.569338,13288601.75636804
2007-06-20,24.68040317926678,24.803804889743116,24.427429348859988,24.594023,22225244.146238293
2007-06-21,25.069119070074148,26.735047220672396,24.877845635726228,26.519094,35043295.481942184
2007-06-22,26.531437072123246,27.068235927694086,26.130381689912518,26.913984,23841205.820736162
2007-06-25,26.161230054964633,26.802920310111766,25.92059609359505,26.204422,22141720.851350967
2007-06-26,26.1365477837037,26.210588995555558,24.92720675610326,24.988909,23459367.513803825
2007-06-27,24.988909665918374,25.692301197255336,24.865507951381858,25.661451,16562127.180941561
2007-06-28,25.73549484159643,26.185911654678716,25.48252005152062,25.908258,16140522.504145203
2007-06-29,26.08101676684761,26.08718625079963,25.47634718106568,25.488688,13953526.400189763
2007-07-02,25.85272002214353,26.562283743602066,25.772509332153554,26.549942,15230654.035673598
2007-07-03,26.53143176045091,26.802915876273392,26.31547762408943,26.593134,6449597.753796149
2007-07-05,26.599305528260828,26.9633411803606,26.469733406689624,26.876961,10083249.268107358
2007-07-06,26.83993827964359,27.11142240431196,26.7905777821171,27.006531,7636828.291645454
2007-07-09,27.105256720302858,27.919709208481514,27.099087235694125,27.790138,14499599.119414233
2007-07-10,27.64822390015808,28.228213736807387,27.35205903472272,28.061621,14928225.849818157
2007-07-11,28.055454171017562,28.246726714371174,27.54950457732517,27.938221,15737503.339593455
2007-07-12,28.1356590798626,28.505864194872007,27.93821524123946,28.475014,11851022.186953096
2007-07-13,28.39480551733159,28.73416138938581,28.271403802727864,28.302254,10065421.149849053
2007-07-16,28.32693757645945,28.931607242308427,28.320767166175237,28.814375,14632605.733044704
2007-07-17,28.93160293354839,29.511592722913644,28.666288288054098,28.690969,17390639.54235913
2007-07-18,28.277570736295452,28.363952761690243,27.611200797128358,28.166508,14874311.7764119
2007-07-19,28.567565339206777,28.709477340789476,27.938214168954868,28.135658,11004034.808782507
2007-07-20,28.320766903735393,28.419488839791626,27.69141652809683,27.82716,13658553.856074424
2007-07-23,27.728429650023593,28.67862539881186,27.66672926441782,28.104807,9737064.896784382
2007-07-24,27.993749493080045,28.2282139637784,27.191636000904772,27.364401,12359602.362646272
2007-07-25,27.37057046500674,27.759286853740686,26.605476656335515,27.234827,11809530.374964379
2007-07-26,26.944831100087566,27.753114032829508,26.580794519462398,27.370569,19185747.28343426
2007-07-27,27.302696,28.561397486871055,27.290355181408003,27.302696,16625336.193905538
2007-07-30,27.40141901352635,28.110980015763587,27.395248603984363,28.067789,14536660.928204924
2007-07-31,29.17840942669583,29.573295293839685,28.197363317625765,28.234383,19218809.21363856
2007-08-01,27.82715409529861,28.512034315593286,26.716535095497488,28.024597,19065816.134508554
2007-08-02,28.345444271514292,28.37012498399236,27.524820530906446,27.901197,12657923.549720826
2007-08-03,27.808644901524158,28.012257304513497,26.23526825574724,26.24761,16839595.055904135
2007-08-06,26.46973,26.667173824469227,25.729317046512932,26.46973,14173837.813986015
2007-08-07,26.469734422553174,27.327378806754016,26.118037724990074,26.889301,15282407.20297266
2007-08-08,27.37673604405282,28.968621054838312,27.166952317585704,28.129488,17848007.41818692
2007-08-09,28.32076206761843,29.246277167867397,27.672901497444148,28.462675,33814467.199488446
2007-08-10,26.130375770007884,27.327374937224608,25.538046132537332,27.142271,30821000.41112256
2007-08-13,27.3582291158139,27.543333086263694,26.28463238070863,26.846111,18919407.84246925
2007-08-14,27.031213553761845,28.320764390716423,26.951002855504136,27.888857,29501731.25531462
2007-08-15,27.74077258844208,28.13565934387875,26.673345470085053,26.710367,18777111.051244635
2007-08-16,26.44505347131076,26.636326910586533,24.988909020046123,26.266119,21070103.52383236
2007-08-17,26.994190287983166,27.839494711618176,26.1550571991466,27.814814,19683957.258437894
2007-08-20,27.833327980187303,28.1356623312099,27.364400891677278,27.703754,14037694.771517247
2007-08-21,27.870347125789753,29.425212645701706,27.456950032228733,29.203089,19322643.41529761
2007-08-22,29.943498357292388,30.042219351379117,29.33882972334464,29.869459,15292889.26602253
2007-08-23,30.011371862989872,30.363068559755057,29.486914799265186,29.616486,18043572.083467297
2007-08-24,29.530103206405276,29.826267133277057,29.314150902226675,29.770739,9768721.631491916
2007-08-27,29.770743423630684,30.757959127933983,29.634999945429676,30.443283,17178106.054915298
2007-08-28,30.541998623548473,30.665402180714256,28.518206200452706,28.586077,15127251.68037223
2007-08-29,29.18458170082646,30.245839536943613,29.12288129878944,30.208818,14547571.723461673
2007-08-30,29.918820773316636,30.782631822211616,29.90647810336275,30.036053,12578400.344495997
2007-08-31,30.665410288954355,31.68347625341098,30.49881752514076,31.566244,19471097.81808694
2007-09-04,31.70815335204102,32.676861556893435,31.214545484588598,32.541119,18456420.38308516
2007-09-05,32.3992052714602,33.3185491910446,32.26963035917148,32.294312,17727206.4462745
2007-09-06,32.69536903920233,32.991532985294725,32.300483160735666,32.436222,11493490.033179572
2007-09-07,31.535379816918734,31.862393863195255,30.646886395967844,31.251554,16269429.352588356
2007-09-10,31.930272772289644,32.48558001295133,31.078800682725557,31.337944,23557474.91931187
2007-09-11,31.717410396332543,32.24495413505182,31.384224877141413,32.004322,10951304.272941636
2007-09-12,32.3467562507182,32.5040919792382,30.43093984089931,30.745615,14976847.913476443
2007-09-13,31.32868349654734,31.365705025131938,30.532744232613062,30.754866,12232755.883247873
2007-09-14,30.44945070684428,30.48646853681042,29.755314334751258,29.847864,13163155.494141892
2007-09-17,29.89413989797766,30.208815064540744,29.45914868147918,29.783079,10124847.266462946
2007-09-18,30.097750587428575,32.85578554285714,30.051475758657947,32.393028,22818104.5625003
2007-09-19,32.689188437450866,33.31853861121832,31.486018987601316,31.800695,14082970.609101467
2007-09-20,31.819213268021052,32.16165296399298,31.263902301065603,31.615599,8756528.320086548
2007-09-21,31.930268299201607,32.39302581078424,31.615593191325416,31.921015,12358848.547785839
2007-09-24,32.115380623433836,33.22599986703274,31.88400180716641,32.735474,12327187.276744487
2007-09-25,32.541111031825785,33.29077919100924,32.44856044701147,33.151951,9744519.530690668
2007-09-26,33.31854373158133,34.01268005932261,33.235247372252374,33.938637,13993072.559113085
2007-09-27,34.26256754003719,34.42916117644384,33.67949212640156,34.040443,10218094.122423729
2007-09-28,34.24406985408004,34.364387781785446,33.466636916852266,33.54068,10920725.883154424
2007-10-01,33.82757372764885,35.12329663242528,33.7905522005982,34.956703,10756173.143674335
2007-10-02,34.873405048917405,34.93819109863673,34.11448367772029,34.623516,7697336.111098595
2007-10-03,34.01268004606365,34.01268004606365,32.605897089056384,33.151951,12619891.299911732
2007-10-04,33.1149330339067,33.494394267091806,32.1616533004447,33.300037,10236892.88993883
2007-10-05,33.827579301942166,34.364379963695534,33.46662930300568,34.179276,9314811.993091954
2007-10-08,34.41990586398414,34.79011283187085,34.012680142890495,34.734581,6820093.977465857
2007-10-09,34.734576897771625,34.89191629822764,33.614704677371975,34.123737,10886047.267472493
2007-10-10,34.355135334576595,34.355135334576595,33.33706918341913,34.160778,10511330.977297999
2007-10-11,33.846083498157064,34.27181947198995,32.27270707505205,32.642914,14292150.8784418
2007-10-12,33.00386107490005,33.438854,32.49482880941116,33.438854,11073619.755294245
2007-10-15,33.54992579829419,34.11449099241516,33.392590066270515,33.679497,9613564.481158968
2007-10-16,33.64246966061286,34.58649592153025,33.5221554826459,33.984913,7465032.701687365
2007-10-17,35.308417408481255,36.69669062830237,35.27139586377054,36.594883,19393084.600068264
2007-10-18,36.47455433027356,36.71518643321095,35.55829242375036,36.567104,9200821.261891562
2007-10-19,36.483794257122064,36.50230548000282,34.595746702346794,34.605,13661801.050593847
2007-10-22,34.38288846492196,36.31721506042758,34.105230227621455,36.243172,14523155.53395823
2007-10-23,36.71518283741626,36.71518283741626,35.42871775040451,36.419018,7949410.944726735
2007-10-24,35.63233833508679,35.63233833508679,33.45737927475492,35.188091,15275274.52398597
2007-10-25,34.105238190605064,34.42917133389659,31.08806005423458,32.115383,21776840.716948636
2007-10-26,33.13344351440081,33.35556901530776,31.374967396090558,31.837725,16655047.772069143
2007-10-29,30.74561332980211,31.236135419767784,30.134773348259984,31.088053,21984945.98552055
2007-10-30,31.33794631322343,32.88355488149224,30.819655938356114,32.22644,14187016.809799656
2007-10-31,32.42079979633884,32.763243231379896,31.411988126717915,32.744732,12295528.861854786
2007-11-01,32.23569951423868,33.401846932678154,31.791448471427007,32.744732,15862406.712655336
2007-11-02,33.198221195975385,34.244054042239846,32.73546370891809,34.003422,13285684.558224756
2007-11-05,33.71651050699453,34.81787240067592,33.50364298846315,34.003422,11794406.687415166
2007-11-06,34.32735687823974,35.35467961919965,34.170017451871054,35.077026,14981386.327649329
2007-11-07,35.05851788831396,35.19734332198307,33.133444356116094,33.411098,14769286.919621736
2007-11-08,33.08716906767139,33.68875581084131,30.366155250278805,31.319435,26926191.484616507
2007-11-09,31.97655441541525,32.20793325290389,30.218078027047607,30.875193,23528945.25311631
2007-11-12,30.86592409249557,31.0880495485165,27.793217,27.793217,19333343.703728143
2007-11-13,28.24672321664627,30.273600529809187,27.79322170519694,30.245836,19629499.809494436
2007-11-14,31.01401132080761,31.310179875598443,29.616485273017428,29.773821,18009429.37972254
2007-11-15,29.5794634084483,29.85711702924695,28.690969785759297,29.375851,13409720.998380607
2007-11-16,29.616486236780087,30.116265367540944,29.375852286106248,30.032969,11442059.577586219
2007-11-19,29.60722707005948,29.75531133219339,27.848748438202247,28.006086,15353936.926423779
2007-11-20,28.533628091121276,28.579902916646027,26.94174318086826,27.793217,16818419.63690997
2007-11-21,27.210146220469408,28.15417170158774,27.126848928973207,27.497055,17515974.230283935
2007-11-23,27.691413379596735,28.089384895413133,27.33971854694856,27.969067,3835053.362723898
2007-11-26,27.950558222263112,28.524376684959353,27.265675165948274,27.321207,10423816.488049008
2007-11-27,27.70992510577096,28.579907514240972,27.49705476571394,28.496613,12394610.456737438
2007-11-28,29.394362298591318,30.810401458264078,29.255535946247914,30.403172,15519680.521249557
2007-11-29,30.35689813115444,31.560066985324305,30.227326926549722,30.653063,13211128.028964022
2007-11-30,31.652620403872216,31.652620403872216,29.098198481057437,29.19075,17629532.3798258
2007-12-03,29.616486,30.162539960625,29.162983558125,29.616486,13254455.643387267
2007-12-04,29.746057583901706,29.847865181353303,29.014901501873677,29.58872,10040677.89033118
2007-12-05,30.717843527715864,31.698890404433826,30.33838235791096,31.125072,18008999.45444624
2007-12-06,31.051027739567218,31.856224874815886,30.773374161370615,31.754421,10025553.206553506
2007-12-07,31.883990514240157,31.921012037245628,31.03251492092792,31.356447,8651724.22141131
2007-12-10,31.458256949132203,32.06909685394972,31.365702671857257,31.698889,9085752.185194882
2007-12-11,32.3745225799206,32.966851398577745,31.661874930948013,31.735918,15732750.366978511
2007-12-12,33.07791603659813,33.40184451474924,32.189418642868766,32.828026,16680006.511436295
2007-12-13,32.43006226812414,32.64292989594203,30.98625724173913,31.930283,13515819.76269988
2007-12-14,31.782190926147706,32.809513689986225,31.569323362640915,32.457817,9562674.162590787
2007-12-17,32.115371139318185,32.420789235566446,30.727098651689808,30.801138,13706098.888774822
2007-12-18,31.273159829026515,31.930274701720634,30.95848465805304,31.587835,10720947.53953223
2007-12-19,31.476771517132846,32.18016495180944,31.34720030881854,31.884001,6848509.5812912565
2007-12-20,32.393029280240505,32.62440806081365,31.71740324096692,32.550365,7561734.899224632
2007-12-21,32.939090591865764,33.22600219517174,32.244954094425495,32.541119,11707207.487240987
2007-12-24,32.78175452129325,33.272280473371204,32.54112236168592,33.114941,2809461.5478795506
2007-12-26,33.179712827939255,33.559174,32.855784410137026,33.559174,5816761.140575153
2007-12-27,33.50365404741776,33.688758028855155,32.439309624835055,32.522606,6519827.530604404
2007-12-28,32.46707331906504,32.85578783110699,31.92101938046354,32.198673,7078868.453727891
2007-12-31,31.939527595471667,32.52260309506094,31.47676999700018,31.486027,7461681.907342581
2008-01-02,31.578574699966598,31.69889259005711,30.13477297609203,30.551252,13072828.138165992
2008-01-03,30.727105768263296,31.337945804293827,30.19956210078238,30.310623,12839011.095218994
2008-01-04,29.403618963000003,29.551701400333336,27.580353027818102,27.765457,19883303.19936747
2008-01-07,27.950561222913016,28.181940033321936,24.387326617100378,24.89636,27195662.337787528
2008-01-08,25.035184625456264,27.1083404740532,24.452110989155845,25.423901,29901076.366136733
2008-01-09,25.76634393652973,26.747390077791277,25.386882693211582,26.738134,20016850.557862416
2008-01-10,26.0069702330516,26.599299804195834,25.664529699733837,26.182819,14976311.216175769
2008-01-11,25.562730510089295,26.099529321061528,24.850082887248906,25.035185,15467385.22941612
2008-01-14,25.405394573695496,26.738134684536742,24.99816693760832,26.701115,14564535.78811222
2008-01-15,25.683041301907966,25.988461252525248,24.304023949120836,24.739016,19602383.498195726
2008-01-16,23.184160680733477,23.471072316113133,21.43493743715468,21.94397,39558281.44990172
2008-01-17,22.286403706712605,22.878732447821093,21.50897101926914,21.564501,30628889.657706432
2008-01-18,21.62928779266481,23.110110031811836,20.842599069243157,22.989794,24862588.50340286
2008-01-22,20.796323980840807,22.378955773728812,20.666752788559318,21.842157,19153981.90755611
2008-01-23,20.953658320691456,22.8972407133899,20.750045949644367,22.240126,25117907.75137695
2008-01-24,22.675124152488436,23.952334301684758,22.462255640036503,23.943081,16128637.159407346
2008-01-25,24.859337942776193,25.414645183717468,22.98054125609053,23.091604,18584568.754959594
2008-01-28,23.00830508616414,23.239683848841626,22.323423948638784,22.813946,15602339.463764839
2008-01-29,23.221180088547815,23.609896534828806,22.61959603767591,23.517345,11196032.58786228
2008-01-30,23.13787621524906,23.66541979295674,22.647352313970735,23.313725,14329210.551376922
2008-01-31,22.804695839023136,23.184157108238267,22.055029379015856,22.758421,15902168.388571423
2008-02-01,22.712147407564988,24.98891422230401,22.517788260320614,24.859343,16020912.170832513
2008-02-04,25.396141700303957,25.534968074942352,23.952335927674522,24.081909,15265225.194564102
2008-02-05,23.600637806504217,23.6098929585852,22.56405984791902,22.573315,13368986.151427027
2008-02-06,22.81395314125681,23.443303572739758,22.082796947843434,22.499277,15055936.289219428
2008-02-07,21.851416495430367,23.36000546313668,21.379402781238404,22.721399,17939412.242916908
2008-02-08,22.508528838735494,23.304471881552622,22.212363985594237,23.128624,10640884.51608708
2008-02-11,23.322980885626766,23.702442067517474,23.045325436777023,23.202663,13606801.555493867
2008-02-12,23.55436256974596,24.39658139474596,23.424788591792503,24.063395,16468881.469136005
2008-02-13,24.24850139183653,25.08146422279793,23.9893561865285,25.007423,20051316.603074215
2008-02-14,24.27625720228849,24.29476750133713,20.870361251824182,20.925894,59002180.19872413
2008-02-15,20.842599771890434,21.407163049788014,20.278035568477772,20.611221,22078624.405608963
2008-02-19,20.990679139896123,21.0276988125115,20.12995023336599,20.305799,15089113.310202666
2008-02-20,19.71347285256222,20.453885938756386,19.630176484485837,20.157722,20502526.573955134
2008-02-21,20.361330748645805,20.46313832790407,19.58389812006115,19.704216,17403066.841471896
2008-02-22,19.861553089717876,20.69451852945775,19.713470673947267,20.657497,19531069.809667647
2008-02-25,20.638979851669422,20.879613708264397,20.102181248496024,20.648235,18146224.566186894
2008-02-26,20.527924178666666,21.138764122666668,20.213249056000002,20.824089,15273117.109708857
2008-02-27,20.722286048664156,21.314617674749403,20.592714835886213,21.148024,14527475.001919802
2008-02-28,20.962919024556616,20.99994055762069,20.352079,20.352079,13603450.438650519
2008-02-29,20.01889365694828,20.287294001276017,19.713473628644394,19.79677,14602028.638287963
2008-03-03,19.769005190841778,19.907831542470745,19.30624760036129,19.56539,12129136.540304078
2008-03-04,19.43581906354515,19.47284059680043,18.61211146684343,19.371033,21039308.848423313
2008-03-05,19.556137462297638,20.055916652338215,19.352525020784128,19.593159,17413434.352265503
2008-03-06,19.352520125504032,19.482091309867993,18.334452622367994,18.362219,29045556.204290997
2008-03-07,18.029035862354775,18.806468620279723,17.584788572111947,18.093821,20731696.517418846
2008-03-10,17.871695348494683,18.093818968679162,17.029477547476937,17.057243,20964001.91988823
2008-03-11,17.584783477689943,17.797651909261976,16.881392138582342,17.621805,23174666.92251447
2008-03-12,17.788400695435154,17.9457382748088,16.992459497869387,17.140541,20078547.11236944
2008-03-13,16.872140832378637,18.49179231107653,16.77033509351847,18.232649,32968882.937043324
2008-03-14,18.32520061378608,18.34371184388646,16.82586686790393,16.955439,31198081.984193984
2008-03-17,16.215026895015292,17.103521519399692,16.020667770415972,16.529703,21635300.284814555
2008-03-18,16.9184125964907,17.584782371364383,16.437143942917448,17.557016,29044806.4248845
2008-03-19,17.14979607896925,17.39043000988658,16.344597,16.344597,23783404.02030102
2008-03-20,16.53895706320416,17.177560681396276,16.242790356882235,17.140541,17111010.673467074
2008-03-24,17.520003320519056,18.639875824366108,17.45521817987283,18.538071,23971512.580030575
2008-03-25,18.62136688417662,19.15816570405851,18.445518069389763,18.806469,19864287.336447902
2008-03-26,18.556579870112607,18.68615385637443,18.001272570151755,18.204885,19493249.80630199
2008-03-27,17.927223554046186,18.436255795577917,17.649568173778658,17.945732,16242527.079268765
2008-03-28,18.269670914634148,18.68615369990549,18.084568791368905,18.21414,15175006.6706416
2008-03-31,18.408490639998398,18.750932082317732,18.084562272429444,18.315941,15396618.511153756
2008-04-01,18.861999626865714,19.48209483638952,18.593601133333333,19.43582,18283653.583949637
2008-04-02,19.491345672159493,19.491345672159493,18.69540459469953,18.843487,16653862.38828302
2008-04-03,18.686148068157607,18.71391166607663,17.945734245155705,18.491789,22743662.49798762
2008-04-04,18.121593473823562,18.214145023740947,17.33490529952581,17.381182,41477641.416343264
2008-04-07,17.806912151846074,18.06605640353614,17.65882972230889,17.797657,19705133.209388178
2008-04-08,17.584791235105065,18.269672577945997,17.584791235105065,17.695854,17273511.86254701
2008-04-09,17.899461587692308,18.232647940899692,17.732868873846154,18.047544,18239357.11141638
2008-04-10,18.24190143524459,18.982314430196904,17.853186949820216,18.399239,29502058.24791993
2008-04-11,18.04754473569645,18.1586074749697,17.038733260726755,17.149796,29882818.2945733
2008-04-14,17.08500736594221,17.12202889447236,16.474167416193467,16.575975,21069456.909774538
2008-04-15,16.659277226309207,16.835126078102316,16.298327145254575,16.77034,11883000.523418128
2008-04-16,17.408940617478397,17.658830656050952,17.103521515923564,17.436707,17472321.80938752
2008-04-17,16.63150488180463,17.26085605489774,16.62224973110495,17.19607,16125291.185718596
2008-04-18,17.723612954784436,17.88095051104101,17.362662090431126,17.603296,15492454.93571204
2008-04-21,17.46446899876774,18.510300024645193,17.46446899876774,18.389984,18365234.46661509
2008-04-22,18.05679915076923,18.251156391408,17.658827667692304,18.047544,15874079.597755795
2008-04-23,18.297435877816252,19.1211444226446,18.056801920900106,18.917532,27565619.104669675
2008-04-24,19.028589354756075,19.121141789416452,18.186371547049045,18.464027,17713487.496205457
2008-04-25,18.639871924112757,18.695404677376082,18.056798376178666,18.649128,14916235.225582663
2008-04-28,18.56582817474638,18.843484498860864,18.2418979561476,18.315941,14470323.331599507
2008-04-29,18.11233443503295,18.926788825179266,18.11233443503295,18.69541,15488884.936741158
2008-04-30,18.91753018670877,19.222949254158117,18.787956217451157,19.019335,28857442.875473823
2008-05-01,19.25070962332228,19.944845820996697,19.158159981328883,19.898571,27407013.297588054
2008-05-02,20.44462654618117,20.842598,20.139206593250442,20.842598,30550990.236437898
2008-05-05,20.703777104193584,20.79632677832481,20.27803916293439,20.324314,25482886.38008643
2008-05-06,20.268780565078536,20.898130829199697,19.954104507502866,20.851856,19692709.61903343
2008-05-07,20.907392933212176,21.18504662832376,20.194746073602907,20.370594,19330634.541142985
2008-05-08,20.527927575037467,20.592713640423067,19.445074767878143,20.31506,36736294.84727094
2008-05-09,20.370587225451082,21.684818659351148,20.333565696164154,20.851856,54843838.11008478
2008-05-12,21.120252899965873,21.120252899965873,20.05591061973096,20.259523,27191670.891446948
2008-05-13,20.36132946075889,20.36132946075889,19.694959603921752,19.843042,23071155.589586515
2008-05-14,20.092932626365247,20.953661700674264,19.8430453913058,20.426119,20289997.77197029
2008-05-15,20.379841572756874,22.101298654749893,20.287290066976873,22.008749,31481497.523398533
2008-05-16,22.37895552314625,22.638098830322654,21.86992128341565,22.591824,29485093.76666532
2008-05-19,22.601077832635987,23.424785312978667,21.962472439330547,22.11981,31294250.267068293
2008-05-20,21.518229616914535,21.768118735046446,21.29610595635284,21.545996,20837149.848403387
2008-05-21,21.601526822000867,22.434490581203985,21.323873161115117,21.370148,28812598.069044724
2008-05-22,21.675568479492604,22.064284908245245,21.333126890552347,21.888437,18722218.722149964
2008-05-23,21.85141255245532,22.027258571358132,21.073978938815277,21.388655,21681763.9102038
2008-05-27,21.42567589145223,21.64779860368863,21.01844829672589,21.620035,22497092.387750525
2008-05-28,22.212361323155218,22.26789130094805,21.573755009599452,21.823645,20305882.541619424
2008-05-29,21.832902059523807,21.86992173945085,21.370144491496596,21.768116,18731730.389529347
2008-05-30,22.388216193603757,22.934270224532742,22.323430122137605,22.860229,22426533.468063682
2008-06-02,22.86022832310509,23.12862682857366,22.610338272191058,22.952778,19844621.057786558
2008-06-03,23.026816973767698,23.063838506838003,21.90694452074059,22.175343,22708865.562196713
2008-06-04,21.684816836633665,22.4807606763401,21.564498958973434,22.434484,22466518.240401693
2008-06-05,23.21191645231388,23.46180550503018,22.739903797183096,22.999048,22362144.076572217
2008-06-06,22.721397452348395,22.74916383412983,22.13832379627281,22.267895,21201056.24613822
2008-06-09,22.138322560644895,22.443742562526698,21.481205873505242,21.925455,17231376.35902653
2008-06-10,21.33311953957606,21.36088591472023,20.490900900824094,20.62973,33095304.137775924
2008-06-11,20.629730537750305,21.129507718588233,19.639427624132047,19.667194,26996536.71998151
2008-06-12,20.11144727742971,20.50016369972702,19.620925098617448,19.787516,22311678.90654896
2008-06-13,19.81527542211522,20.046654163615866,19.139649496933338,19.722723,19063657.151008006
2008-06-16,19.509860913415793,19.694964883650332,19.296992411988583,19.45433,17030946.22122684
2008-06-17,19.731982242808385,19.741237393954165,18.93603831875597,18.982315,18581868.333762243
2008-06-18,18.78796004886941,19.435821697639376,18.12158994475138,18.42701,28775104.479782667
2008-06-19,18.528814508116085,18.787957841455647,17.93648384807569,18.380733,21202460.83892302
2008-06-20,17.973501889676115,18.491790306680162,17.96424673937247,18.288177,20016098.488110654
2008-06-23,18.427004421705423,18.445514722480617,17.75137844341085,17.908716,20977941.132128067
2008-06-24,17.806910669334666,18.926784874989846,17.806910669334666,18.501047,29143986.715995044
2008-06-25,18.787960139161296,18.926789288699403,18.306694022032737,18.602858,24337144.324812885
2008-06-26,18.04754142632407,18.186368668065022,17.64957,17.64957,22839501.528932434
2008-06-27,17.72361510510295,17.94573781536977,17.316387513987525,17.843933,15778780.081919158
2008-06-30,17.640317138604438,17.797655633421773,17.20532596075459,17.325642,17664217.21350932
2008-07-01,17.122026266666666,17.371915298666664,16.807351189333332,17.353405,23810096.63521367
2008-07-02,17.270110546305574,17.381173275976913,16.65927062344589,16.687037,20615440.36127564
2008-07-03,12.0131853755004,12.152012633306645,11.476386645316254,11.559683,80698849.61378266
2008-07-07,11.735531771900828,11.809572981818183,10.884057857851241,11.198733,59499081.726477444
2008-07-08,11.272774269326682,11.55042880798005,10.921078520365752,11.133947,48764410.859868474
2008-07-09,11.161712634517766,11.328305360406091,10.939589,10.939589,38172471.01330773
2008-07-10,10.99511835114504,11.12469045292621,10.70820869720102,10.911822,28551454.74330501
2008-07-11,10.689700179948588,11.069161398457585,10.47683169151671,10.800762,21819199.42315181
2008-07-14,10.884057350089765,10.96735370736086,10.236196793536804,10.310238,23833107.05339683
2008-07-15,10.217685698046179,10.634167452042629,9.903010595026641,10.421299,30320523.957713913
2008-07-16,10.458321696113074,10.754486558303885,10.171411985865724,10.476832,27940978.341544468
2008-07-17,10.643424119718311,10.643424119718311,10.10662533802817,10.513852,23286491.00253646
2008-07-18,10.43981173702422,10.763742065743946,10.143646865051904,10.698956,24303219.865564454
2008-07-21,10.865548674118658,11.022886261392948,10.671190478073946,10.763742,15441021.068695256
2008-07-22,10.661936140597538,10.70821190509666,10.328750636203864,10.532364,15016607.667566372
2008-07-23,10.60640698464164,10.95810285324232,10.560131212457337,10.847041,16068775.622771224
2008-07-24,10.735974578422484,10.837781233907526,10.180665548504079,10.208431,19060413.98526375
2008-07-25,10.310239605536333,10.73597660899654,10.097371103806228,10.698956,28081655.817633048
2008-07-28,10.56012619947962,11.022883701647876,10.513850449262794,10.671188,19848624.72669397
2008-07-29,10.689698497854076,11.050649356223174,10.569381545064376,10.78225,20654337.91648311
2008-07-30,10.995116958188154,11.013627256097562,10.384277127177702,10.624911,15896340.590523534
2008-07-31,10.59714715034965,10.81927075874126,10.476830195804197,10.587892,13161212.44908807
2008-08-01,10.310237511070111,10.347258112546125,9.90301089483395,10.032583,23799181.128130212
2008-08-04,10.03258393194707,10.088114839319472,9.7641845463138,9.79195,14101660.445570085
2008-08-05,9.977051844504022,10.356513,9.865990042895444,10.356513,18526009.57484435
2008-08-06,10.384281864229767,10.726722531766754,10.051096349869452,10.634171,22011088.96969966
2008-08-07,10.541619223695843,11.013632024756852,10.347261011494252,10.467578,22129077.80577322
2008-08-08,10.550873072727272,10.64342459090909,10.143646392727273,10.180667,23061858.324213926
2008-08-11,10.254708715939447,10.643425111308993,10.217688106856633,10.393536,32318106.850257702
2008-08-12,10.476832816621501,10.504598274616079,10.09737155736224,10.245454,38110338.39984055
2008-08-13,11.05990629690049,11.513408730831975,10.791506897226755,11.346816,56597127.3351044
2008-08-14,11.263519422307692,12.485199425384614,11.263519422307692,12.031697,44172804.55117844
2008-08-15,12.244565083333333,12.383392351851851,11.911379638888889,11.994676,21005923.628116343
2008-08-18,12.077974402420574,12.346373833585476,11.948402263237519,12.235312,24147845.514687326
2008-08-19,11.985423785394932,12.494457228017882,11.985423785394932,12.420416,27393927.063312534
2008-08-20,12.60551797585227,13.068275610795453,12.512966448863635,13.031255,30893385.479756173
2008-08-21,12.799875191629956,12.901681863436124,12.346372744493392,12.605517,27594360.469308794
2008-08-22,12.698067664952243,12.846150086700955,12.327861610580456,12.596261,12405631.798197893
2008-08-25,12.522220825503355,12.818385693512305,12.37413839149888,12.411159,12738850.57793555
2008-08-26,12.475941839572194,12.485196989304814,11.985418903743316,12.114991,16561374.41620881
2008-08-27,11.837337965125094,12.355626413949963,11.726276154662624,12.207544,12280188.791455513
2008-08-28,12.226055060121768,12.355627180365298,12.040952031202435,12.161269,9864560.35139096
2008-08-29,11.994676860759494,12.031697468354428,11.661491392405061,11.698512,13938290.955294145
2008-09-02,11.892870044642857,11.994676714285715,11.245009419642859,11.402347,18744371.136924703
2008-09-03,11.245007354202402,11.291283104631217,10.689698349056606,10.791505,19309681.45777628
2008-09-04,10.671189453913042,10.782251269565219,10.578637940869566,10.643424,19344038.159148786
2008-09-05,10.55087290488432,10.828527455012853,10.54161775321337,10.800762,21369179.785648458
2008-09-08,10.902566857908846,10.902566857908846,10.180665147453084,10.356513,35516441.6826397
2008-09-09,10.319493126734505,10.948843380203515,9.967797396854763,10.004818,29667155.764352735
2008-09-10,10.125135818853973,10.328749153419594,9.949287939001849,10.014074,17403388.670784738
2008-09-11,9.440254485436892,9.736419332038835,9.218130850485437,9.532806,28821138.288138874
2008-09-12,9.449509302257116,9.514295360157016,8.89420023454367,9.430999,32662891.810294963
2008-09-15,9.097812978494623,9.23664023655914,8.496228193548387,8.60729,23337924.015572846
2008-09-16,8.301870625651722,8.940476058394161,8.144533055265903,8.87569,33517550.74816718
2008-09-17,8.672076486999998,9.458764322,8.588780127999998,9.255151,37616350.07359686
2008-09-18,9.366214262626261,10.569384078971533,9.34770395775941,10.078861,43517921.816760845
2008-09-19,10.560126,10.643422348816827,10.088113356704646,10.560126,29911563.17642422
2008-09-22,10.476829242614144,10.782249176365264,10.282471102954341,10.338002,18910337.41336092
2008-09-23,10.25470951889401,10.63417079170507,10.004820388018434,10.041841,22189476.511328947
2008-09-24,9.912266840000001,10.615658324444446,9.856735933333335,10.412045,23393351.162043575
2008-09-25,10.412043700959023,10.865546048823017,10.236195851787272,10.615657,15891908.903989645
2008-09-26,10.35651251497006,10.89331119760479,10.162154371257486,10.81927,17472758.975420706
2008-09-29,10.532364643564357,10.661936792079207,9.255153465346535,9.347705,26343161.235832755
2008-09-30,9.495787109243697,10.004820531279178,9.3939804248366,9.912269,17802082.55042312
2008-10-01,9.76418309798271,9.940030945244956,9.458763152737752,9.634611,15051295.999392193
2008-10-02,9.699398379421222,9.699398379421222,8.58878024437299,8.635056,21278096.63307337
2008-10-03,8.773881727574752,9.023770764119602,8.301869102990034,8.3574,24738336.20503984
2008-10-06,7.959432560509555,7.9779428687898095,6.765517676433121,7.265296,45310968.74786656
2008-10-07,7.524436276243095,7.542946574585636,6.645197104972375,6.700728,28632277.567452375
2008-10-08,6.460095786197566,7.23752851691475,6.395309725304466,6.839557,32939925.20275801
2008-10-09,7.089446228323699,7.191252897398843,6.330523786127167,6.404565,24571072.040021457
2008-10-10,5.849256516886932,6.784026941262849,5.812235906020558,6.302759,32421183.00890134
2008-10-13,6.8395560795031045,7.459651150310559,6.756259726708073,7.450396,24757458.529721107
2008-10-14,7.72805125794155,7.774327013977128,7.080190673443456,7.283804,32657813.279983923
2008-10-15,7.237528079772081,7.274548683760685,6.497116,6.497116,23069963.96555025
2008-10-16,6.6914739194805195,7.163486602597402,6.386053948051948,7.126466,27547363.588067356
2008-10-17,6.922853422222222,7.487417671895424,6.793281299346405,7.080191,22674290.848933313
2008-10-20,7.320824664102565,7.376355571794872,7.043170125641026,7.219018,16092767.742094561
2008-10-21,7.0801908125,7.154232023611111,6.626688394444444,6.663709,17804030.758245897
2008-10-22,6.571157575757576,6.848812121212123,6.237972121212122,6.41382,16234094.03444437
2008-10-23,6.395310657492355,6.552648256880734,5.793725718654434,6.05287,22479153.195095878
2008-10-24,5.553091679273827,6.4323311951588495,5.525326220877457,6.117656,21564635.867070656
2008-10-27,6.080633974175036,6.830301176470589,5.88627581061693,6.45084,18879649.472006746
2008-10-28,6.7932816558603495,7.4318871521197005,6.67296467830424,7.422632,22958023.515108924
2008-10-29,7.376356282608697,8.14453391304348,7.339335673913045,7.663266,26398377.402011096
2008-10-30,8.098259849362687,8.144535619930476,7.496674831981459,7.987198,17751622.283559266
2008-10-31,7.73730692694064,8.26485058105023,7.718796623287672,8.107513,16441437.466705263
2008-11-03,8.283361795023696,8.431444240521326,7.681776860189574,7.811349,19554620.33510473
2008-11-04,8.07974818596882,8.311127,7.866879677060134,8.311127,16735542.604510795
2008-11-05,8.005705105757933,8.237083866039955,7.876133,7.876133,21275180.98031102
2008-11-06,7.413376937007873,7.691031503937007,7.033915695538057,7.052426,21553832.397532426
2008-11-07,8.0334733853211,8.394424378440368,7.496674472477064,8.070494,30579395.015968043
2008-11-10,8.375913633578431,8.422189399509802,7.376357089460784,7.552205,15569596.429122357
2008-11-11,7.441141630769231,7.496672538461539,7.14497678974359,7.219018,15571976.6871339
2008-11-12,6.996894326975477,7.1634870490463225,6.7099846389645785,6.793281,17452226.98722458
2008-11-13,6.478606675062972,7.357846152392947,6.349034541561712,7.348591,21534707.537812352
2008-11-14,7.052425841004185,7.089446449093446,6.608178543933055,6.635944,20016526.962855622
2008-11-17,6.571157207977208,6.747005076923077,6.432329943019944,6.497116,10486700.868508426
2008-11-18,6.626688612665685,6.663709219440354,6.071379511045655,6.284248,15247940.246788478
2008-11-19,6.228718704654896,6.38605632423756,5.738195537720706,5.765961,13511930.621799212
2008-11-20,5.719683223728812,6.006592899999999,5.395752944067796,5.460539,22880124.104964733
2008-11-21,5.636386636363636,5.904786,5.321711520376176,5.904786,16181908.70930801
2008-11-24,6.265737545588236,6.367544211764707,5.9232969411764715,6.293503,16215509.867874851
2008-11-25,6.571157668097281,6.589667971387697,6.284247967095851,6.469351,14269242.154274827
2008-11-26,6.358289720105125,7.061681304862023,6.321269110381078,7.043171,16228581.983881976
2008-11-28,6.932108302543508,7.033914966532798,6.821046487282464,6.913598,4733796.208573307
2008-12-01,6.6359441771595895,6.700730243045388,6.312013847730601,6.321269,14778579.111251239
2008-12-02,6.441585220527046,6.756260360610264,6.358288859916782,6.672964,12965428.406327384
2008-12-03,6.413820138522428,7.0246601517150395,6.35828922823219,7.015405,15792069.595411811
2008-12-04,6.876579388418079,7.219020084745763,6.395311382768361,6.552649,12595468.489156066
2008-12-05,6.349034391304348,6.839557456521738,6.237972565217391,6.811792,11844321.729142642
2008-12-08,6.941363764044944,7.080191039325843,6.432330421348315,6.589668,19124267.86903377
2008-12-09,6.506370314980795,7.48741619462228,6.432329116517286,7.228272,22413467.56181837
2008-12-10,7.367099167251462,8.098255994152046,7.246782221052632,7.913153,25961870.69806435
2008-12-11,7.866879731379732,8.144534310134311,7.487418473748474,7.57997,15739880.896626238
2008-12-12,7.35784609883721,8.005706761627907,7.209763661627908,7.959431,18348374.40012986
2008-12-15,8.00570391826923,8.051979663461537,7.450394975961538,7.700284,12884611.528613752
2008-12-16,7.774326756756756,8.2370843018018,7.700285549549549,8.218574,14098635.602721348
2008-12-17,8.070489115879829,8.746114924892703,7.959427339055793,8.625798,18210945.81625955
2008-12-18,8.57027119858156,8.598036656028368,7.728052322695035,7.829859,14878415.05191856
2008-12-19,7.931666768779343,8.237086842723006,7.857625538732394,7.885391,16021343.773568109
2008-12-22,8.005706583541148,8.024216887780549,7.135722284289278,7.422632,14112788.024517447
2008-12-23,7.468907427307206,7.626245006321113,7.209763179519596,7.320825,10195726.984322121
2008-12-24,7.172742454663212,7.348590334196891,6.9968945751295335,7.144977,3960388.955765708
2008-12-26,7.1449761597869506,7.237527664447404,6.756259840213049,6.950618,6108922.832473313
2008-12-29,7.043169886451614,7.172742,6.589667489032259,7.172742,12430051.157562895
2008-12-30,7.265294413965088,7.53369382543641,7.098701675810474,7.422632,11071130.833375545
2008-12-31,7.330079732342006,7.6540100235439885,7.200507615861214,7.468907,11927952.108655257
2009-01-02,7.468906374282432,8.116766902411019,7.4411409230769205,8.061236,13428306.899835214
2009-01-05,7.968682160090191,8.394418953776777,7.91315127395716,8.209316,19063337.067302562
2009-01-06,8.449953393675028,8.727607941112321,8.264850362050163,8.486974,17771291.864450157
2009-01-07,8.292617206496521,8.292617206496521,7.691032252900233,7.977942,23503014.68724641
2009-01-08,7.8761356892857135,7.8761356892857135,7.293061014285714,7.774329,27403543.122499708
2009-01-09,7.774328171500631,7.774328171500631,7.320825694829761,7.339336,20565625.28272312
2009-01-12,7.339335877792378,7.376356487516425,6.9413643232588695,7.043171,17437098.005997583
2009-01-13,6.802536450980392,7.348590397385621,6.672964328104575,7.080191,49281310.34883099
2009-01-14,6.830302062927497,6.913598429548563,6.6637093296853624,6.765516,26334197.864582688
2009-01-15,6.80253568692206,7.1172108071334215,6.663708428005284,7.006149,26963472.658089343
2009-01-16,7.200507819774719,7.459652060075094,6.969129033792241,7.394866,22455710.35364265
2009-01-20,7.376355489597781,7.404120943134536,6.6174330929264915,6.672964,19064734.501789607
2009-01-21,6.802536805555556,7.0431707605820115,6.5526476984127,6.996895,17516513.82506097
2009-01-22,6.774770490566038,7.0524250188679245,6.617432924528302,6.867322,14793275.748537784
2009-01-23,6.672963477302205,7.348589460440986,6.6637083268482495,7.135721,17115226.8985853
2009-01-26,7.172742659974906,7.5892244918444165,7.052425686323715,7.376356,15714166.859625537
2009-01-27,7.4966738033175355,7.8668799170616115,7.468908344786731,7.811349,19591788.819063134
2009-01-28,8.089004232081912,8.264852150170649,7.829859931740615,8.13528,19549972.71144939
2009-01-29,7.866879347826088,7.959430869565218,7.626245391304349,7.663266,11159405.924314775
2009-01-30,7.607735109433962,7.811348457861635,7.265294477987421,7.357846,13688591.742746452
2009-02-02,7.2467827303102625,7.8391123532219575,7.209762128878282,7.755816,15612712.318084907
2009-02-03,7.774327783018868,7.913155064858491,7.561459284198113,7.848369,10722352.121823018
2009-02-04,7.8668806192660545,8.468465607798166,7.8668806192660545,8.070494,21048597.025163516
2009-02-05,7.8576228942307695,8.755372506410257,7.774326538461539,8.662821,24829201.480672404
2009-02-06,8.690586753799392,9.190364905775075,8.54250433839919,9.134834,31276637.320393562
2009-02-09,9.097814367556468,9.227386494866531,8.764628897330596,9.014518,19344036.80817987
2009-02-10,9.00525907081545,9.125575995708154,8.459205334763949,8.625798,30514476.689577013
2009-02-11,7.940919489570552,8.22782916809816,7.274548623312883,7.542948,53575571.51394919
2009-02-12,7.376353783653845,7.7465597451923065,7.274547144230769,7.700284,27660818.74382815
2009-02-13,7.524437292418773,7.783581504211792,7.468906389891696,7.69103,20645369.475869942
2009-02-17,7.404122605363985,7.579970517241379,7.219019540229885,7.246785,21057890.08505151
2009-02-18,7.246783813432837,7.681775945273634,7.2375286616915435,7.441142,17456547.933099512
2009-02-19,7.589223773584905,7.654009830188679,6.867322,6.867322,20096592.820316274
2009-02-20,6.774771579500657,7.154232829172142,6.7099855124835734,7.043171,20800737.906264096
2009-02-23,7.163487272727273,7.200507878787879,6.672964242424243,6.71924,18355939.36218977
2009-02-24,6.756260745891277,7.3300801517067,6.747005594184577,7.320825,17815051.035914667
2009-02-25,7.302314336249999,7.62624463,7.0524252525,7.404121,18972137.27328335
2009-02-26,7.663266305084746,7.903900271186441,7.552204474576272,7.644756,30187400.879766468
2009-02-27,7.450397500000002,7.83911389130435,7.394866586956523,7.663266,20406039.409306683
2009-03-02,7.478162585751979,7.6355001649076515,6.987639544854881,7.015405,18910116.807226382
2009-03-03,7.144976583756345,7.570713530456853,6.913597808375634,7.293059,28129524.798853263
2009-03-04,7.487418358156027,8.051982659574467,7.422632290780141,7.829859,29947318.591560844
2009-03-05,7.718797220338984,8.033472406779662,7.60773538983051,7.644756,25803248.396678716
2009-03-06,7.644756016686531,8.042727576877235,7.542949338498213,7.765073,26330090.006880812
2009-03-09,7.709542459036145,8.292617098795182,7.663266693975903,7.681777,18442914.966159523
2009-03-10,7.959431138121547,8.523995439779007,7.885389918232044,8.375913,33894633.33728514
2009-03-11,8.37591123655914,10.967353387096773,8.237083978494624,8.60729,23363099.186852075
2009-03-12,8.57952522639594,9.208875512690357,8.468463411167514,9.116324,43343537.921644725
2009-03-13,8.986750650000001,9.1996191,8.83866825,9.070047,32283539.434801165
2009-03-16,9.162600286624205,9.171855438428876,8.644311785562634,8.718353,18890667.99658146
2009-03-17,8.746119282103134,9.171856305358949,8.635057449949445,9.153346,27157412.60081286
2009-03-18,9.01451514509804,9.708651321568627,9.005259996078433,9.440252,36724422.18703484
2009-03-19,9.505040883928572,9.505040883928572,9.2644069375,9.329193,22221353.551159248
2009-03-20,9.468018503672614,9.477273653725078,8.579524098635886,8.820158,29542254.68523353
2009-03-23,9.097815046966732,9.477276305283757,8.894201688845401,9.458766,22043072.426149458
2009-03-24,9.227388933537833,9.310685323108386,9.005265228016361,9.051541,30114786.642407075
2009-03-25,9.32919109859155,9.625355895372234,8.847923303822938,9.199619,33598915.56378584
2009-03-26,9.34770303030303,9.791950303030303,9.245896363636364,9.77344,36024909.96005501
2009-03-27,9.671634847036326,9.912268824091777,9.53280755258126,9.68089,19769851.532245487
2009-03-30,9.310682081716038,9.430999046986722,8.931220883554648,9.060793,21070752.526848365
2009-03-31,9.199621217038539,9.34770365111562,9.060793935091278,9.12558,21751992.530885708
2009-04-01,9.014517400593473,9.440254362017804,8.672076801186943,9.356958,23984480.853713352
2009-04-02,9.7086536389414,9.967797873345935,9.569826370510397,9.79195,27089238.609265774
2009-04-03,9.801205908127208,10.504597455830387,9.634613173144876,10.476832,27098636.687120687
2009-04-06,10.300984646696035,10.597149524229074,10.162157360352424,10.504598,23967406.463341102
2009-04-07,10.300984590328467,10.412046418795619,10.07886093339416,10.143647,16417990.09764437
2009-04-08,10.2547060543383,10.587891449605609,10.171409705521473,10.560126,19763375.266545113
2009-04-09,10.828526860465118,11.180222604651165,10.745230500000002,11.143202,24429962.949608196
2009-04-13,11.004373605150214,11.013628755364806,10.5416160944206,10.78225,20735157.782466557
2009-04-14,10.634172447952219,11.106185324232081,10.587896675767917,10.847041,19231445.70026056
2009-04-15,10.467575791922739,10.587892755048287,10.097369751536435,10.541617,28237464.70773886
2009-04-16,10.735976780821916,10.939590133561643,10.328750075342466,10.810018,28059289.44799167
2009-04-17,10.810016789115645,10.985864664965986,10.550872551020408,10.884058,18793966.000548694
2009-04-20,10.467576952941176,10.560128473303168,10.171412087782805,10.226943,15954897.274777029
2009-04-21,10.088116170598912,10.624915012704175,9.94003373139746,10.199178,25180136.281570926
2009-04-22,10.106626445814978,10.930335011453744,9.940033702202642,10.504598,24753887.297733814
2009-04-23,10.60640133572068,10.698952830796777,10.014071767233661,10.338002,20365743.39993357
2009-04-24,10.439811716535434,10.65268021784777,10.189922606299215,10.578639,20515815.975949265
2009-04-27,10.43981196370236,10.735976842105263,10.134391932849365,10.199178,21259077.153080374
2009-04-28,10.069605415384615,10.439811496832577,9.977053895022623,10.226943,17136185.270613126
2009-04-29,10.273218336397056,10.319494094669116,9.949288028492646,10.069605,23221337.48046721
2009-04-30,10.263960190766552,10.921075766550524,10.180663850174216,10.624911,29990765.287351582
2009-05-01,10.597148663239075,11.050651095115681,10.587893511568124,10.800762,22704868.32317942
2009-05-04,10.985867392682925,11.467135382926829,10.837784934146342,11.383839,25059119.335753083
2009-05-05,11.13394748898305,11.207988702542373,10.68970020762712,10.921079,22611082.659506444
2009-05-06,11.041396633217992,11.143203307958476,10.486087498269896,10.698956,25258579.622161265
2009-05-07,10.93958845666356,10.93958845666356,9.791949735321529,9.930777,34823743.09683925
2009-05-08,9.717907783783783,9.717907783783783,8.431441896216215,8.561014,79160357.05583474
2009-05-11,8.422188960763519,8.940477512195121,8.348147739130434,8.727609,28054534.40913772
2009-05-12,8.921967069042317,8.921967069042317,8.14453425389755,8.311127,32451761.11494867
2009-05-13,8.255596985714284,8.301872753571429,7.709542924999999,7.774329,35267053.915521204
2009-05-14,7.765074001173709,8.051983767605634,7.7095430786384975,7.885391,27494518.91478812
2009-05-15,7.9409186018306634,8.366655496567505,7.848367102974828,8.089001,21077670.530637838
2009-05-18,8.292615318230855,8.63505590614887,8.274105016181231,8.579525,25345885.69880034
2009-05-19,8.635057171428572,8.847925676190478,8.496229885714286,8.746119,23224036.855661348
2009-05-20,8.903455338129495,9.486529856115109,8.86643473381295,9.005262,35370465.29018256
2009-05-21,8.89420009410548,9.07004796277146,8.699841923474665,8.949731,26082772.7671368
2009-05-22,8.949729754582485,9.218129095723015,8.783137060081467,9.088557,19401631.084010366
2009-05-26,9.005262595169082,9.65312321352657,8.91271107826087,9.579082,23379951.75320558
2009-05-27,9.532804946962392,9.884500663452267,9.44025344262295,9.597591,21991862.95811105
2009-05-28,9.74567530447193,9.810461370123692,9.310683149381541,9.727165,26884700.9380431
2009-05-29,9.73641936337488,9.754929666347076,9.31993754650048,9.653123,22534261.088354513
2009-06-01,9.764184117915907,10.180665904936015,9.727163514625229,10.125135,27626886.357564613
2009-06-02,10.125137376958525,10.347261048847926,9.856737940092167,10.041841,24526444.901886016
2009-06-03,9.912268044719315,9.949288653663178,9.48653104186489,9.727165,19872390.56806377
2009-06-04,9.754930664830118,10.097371304866849,9.745675512396692,10.078861,18183925.247108776
2009-06-05,10.26396293721145,10.26396293721145,9.903012031394274,10.023329,15126494.800280426
2009-06-08,9.949287697307335,10.106625270194986,9.717908913649026,9.967798,12802275.788494108
2009-06-09,10.10662533802817,10.62491381690141,10.032584126760565,10.513852,19584552.64540532
2009-06-10,10.569386366894198,10.91182708105802,10.338007505972696,10.847041,22509618.982725337
2009-06-11,10.87479967588591,11.29128136560069,10.6434209593777,10.708207,22559227.048935458
2009-06-12,10.550874317984361,10.68970161164205,10.310240342311033,10.652681,16072127.758261044
2009-06-15,10.458321696113074,10.597148975265016,10.29172896113074,10.476832,12024762.065479336
2009-06-16,10.47683170208901,10.606403825613079,10.041839573115348,10.189922,16069752.840110064
2009-06-17,10.347259484042555,10.541617667553194,9.949287965425533,10.439811,21583006.818801604
2009-06-18,10.402789717902351,10.597147888788426,10.1251351880651,10.236197,15298940.026261706
2009-06-19,10.3380058470483,10.606405282647586,10.208433705724508,10.347261,20193183.29749293
2009-06-22,10.384282288151658,10.384282288151658,9.72716638578199,9.764187,15528213.460065853
2009-06-23,9.856737285714285,9.87524759047619,9.338448752380952,9.71791,15930693.94550886
2009-06-24,9.838227634101385,10.273219824884793,9.838227634101385,10.041841,13913762.426630734
2009-06-25,9.949287850262698,10.587893302977232,9.847481183887917,10.569383,23512419.031460967
2009-06-26,10.52310402679343,10.745227594641312,10.430552540190146,10.708207,13882975.273077931
2009-06-29,10.735972445980984,10.902565121866896,10.597145216076058,10.708207,13777628.504940184
2009-06-30,10.67119167759079,10.81927412931798,10.25470978210806,10.449068,15932853.437263494
2009-07-01,10.513853305114639,10.634170288359789,10.319495101410935,10.495343,18811683.429498207
2009-07-02,10.152901059633027,10.282473178899082,9.949287729357797,10.088115,14919042.853892922
2009-07-06,10.07886222085308,10.088117374407583,9.597594236018956,9.764187,20325324.57643427
2009-07-07,9.801205581764123,9.856736491575818,9.310682545094153,9.338448,28983749.869357307
2009-07-08,9.393978605341248,9.421744059347182,8.986751946587539,9.356958,32572671.05398998
2009-07-09,9.514294249757986,9.717907550822845,9.486528799612778,9.56057,19301794.035292875
2009-07-10,9.560570398264224,9.662377053037607,9.356957088717454,9.597591,14046449.155835042
2009-07-13,9.791949355576739,9.791949355576739,9.20887486653956,9.708653,15018988.421977798
2009-07-14,9.78269685620915,9.94928961251167,9.671635018674134,9.912269,12224757.217545247
2009-07-15,10.273216251121076,10.523105295067264,10.180664753363228,10.319492,27628078.01004158
2009-07-16,10.430556980392156,10.893314610400681,10.375026064791134,10.856294,25717458.18600712
2009-07-17,10.85629090140845,11.207986599834298,10.745229101905549,11.170966,22969806.102713052
2009-07-20,11.263518247135842,11.430110957446807,11.115435837970539,11.309794,21143794.3078362
2009-07-21,11.282032381787802,11.328308150375939,10.819274695906431,11.078419,25426265.96809527
2009-07-22,10.85629185819071,11.457876658516708,10.78225065199674,11.35607,16231718.279299088
2009-07-23,11.37458124076923,12.068717606153845,11.25426427076923,12.031697,28257776.105897617
2009-07-24,11.661490555555554,12.031696604938272,11.587449345679012,11.994676,17573780.900792986
2009-07-27,11.883617235023042,12.226057918586791,11.77255539170507,12.05021,18300182.486446295
2009-07-28,11.966912321319018,12.198291136503068,11.865105642638039,12.068719,15212607.071222719
2009-07-29,11.92988966118936,12.003930869327075,11.707766036776214,11.828083,10101726.036247801
2009-07-30,12.031697826086955,12.189035413043477,11.818829326086956,11.920636,12653600.697144013
2009-07-31,11.920635242072699,12.133503728538281,11.642980694508893,11.966911,14628609.672120066
2009-08-03,12.253819397590362,12.429667259036144,12.02244063253012,12.29084,12746956.269872522
2009-08-04,12.077973141361259,12.587006492146598,12.059462837696335,12.374138,18783592.44094417
2009-08-05,12.300095341791044,12.494453507462687,12.152012929850747,12.401902,16498056.507784048
2009-08-06,12.448179005335366,12.670302645579268,12.068717786585365,12.142759,25866350.802152954
2009-08-07,12.799873811816193,13.1700798512035,12.512964131291028,12.688812,37867345.50090269
2009-08-10,12.781365378582205,12.966468425339368,12.198290781297136,12.272332,18727730.63831715
2009-08-11,12.189034329729731,12.374137356756759,11.920634940540543,11.985421,13016642.886386717
2009-08-12,11.994678790766942,12.559243147431127,11.985423637379004,12.429671,17150985.331791967
2009-08-13,12.52221946637744,12.846149755603761,12.300095839479392,12.799874,15235515.677732453
2009-08-14,12.781366986587184,12.799877293591654,12.25382323695976,12.420416,11538112.250024477
2009-08-17,12.040950251166407,12.07797085147745,11.772550898911353,11.902123,12561438.660985103
2009-08-18,11.902124877719428,12.475944273068267,11.892869726181544,12.337117,17185023.859301977
2009-08-19,12.152015237481033,12.272332220030348,12.031698254931715,12.198291,14937517.230897345
2009-08-20,12.142757278832116,12.735086902189781,12.114991827737226,12.679556,22145507.303252574
2009-08-21,12.781364182340274,12.910936302943288,12.522219941134242,12.892426,16405025.943139018
2009-08-24,12.818383670605613,12.957210930576071,12.457432794682424,12.531474,12464843.002507128
2009-08-25,12.596261242313323,12.772109121522695,12.383392756954613,12.642537,11995697.698966593
2009-08-26,12.614772112879885,12.81838545586107,12.568496353111433,12.79062,11731519.973230382
2009-08-27,12.846149042112778,13.021996903640257,12.707321783012135,12.966466,14885549.23137885
2009-08-28,13.318162852681601,13.910492541751525,13.299652549898164,13.632838,23878377.634942926
2009-08-31,13.475500606060606,13.540286666666667,13.262632121212121,13.43848,11663666.426560147
2009-09-01,13.429224253029224,13.808685448325019,12.910935791161796,12.984977,19903942.995047275
2009-09-02,13.003487280393536,13.299652115249472,12.92944607167955,13.17008,10930561.697423251
2009-09-03,13.17007888949897,13.503264300617706,13.133058288263554,13.484754,14424941.307791006
2009-09-04,13.429223946393119,14.077084508934483,13.429223946393119,13.984533,13858445.040674578
2009-09-08,14.086341289117836,14.373251,13.975279465550546,14.373251,14848810.752696102
2009-09-09,14.34548405388471,14.798986453007519,14.141870731829574,14.771221,15442319.629501177
2009-09-10,14.817496973132785,15.261744227792605,14.650904252635351,15.243233,16421990.059536584
2009-09-11,15.206215678308823,15.261746593749999,14.993348094632905,15.104409,19252302.82098426
2009-09-14,14.882283379581516,15.002599421687377,14.72494580653868,14.854517,13249810.326185632
2009-09-15,14.993349093607392,15.345043989318922,14.85451994472405,15.15994,14752213.949830936
2009-09-16,15.122917047678795,15.150683426769822,14.530587371392722,14.752711,19099201.767051492
2009-09-17,14.71569309055118,14.71569309055118,13.854963872047245,14.104853,24934650.2228701
2009-09-18,14.2436795913272,14.345486268068331,13.975280170827856,14.086342,16335225.284179527
2009-09-21,13.919748330033,14.262188947194717,13.799431356435642,14.021555,15904007.08052709
2009-09-22,14.123360206851121,14.20665656455863,13.938257189723322,14.049319,9761807.387247737
2009-09-23,14.132615991967873,14.25293295850067,13.808685697456493,13.827196,12937011.668887893
2009-09-24,14.0585758385346,14.0585758385346,13.595818240162822,13.642094,14934276.658700636
2009-09-25,13.56805343862069,13.632839505517243,13.318164323448277,13.419971,10198535.451380633
2009-09-28,13.46624575185435,14.067830613621037,13.46624575185435,13.72539,12633720.499016786
2009-09-29,13.808687489010989,13.975280233516484,13.447736542582417,13.475502,12720698.048948381
2009-09-30,13.753153443779109,14.077083706586828,13.44773348170326,13.910491,23661311.955127966
2009-10-01,13.864218563037248,13.864218563037248,12.9109378474212,12.920193,27010899.914575584
2009-10-02,12.79061854729242,13.096038527075812,12.716577340072202,12.818384,16544192.700109467
2009-10-05,12.957214368650217,13.00349013425254,12.531477325108852,12.753601,20374487.3310683
2009-10-06,12.910935096359744,13.188589614561028,12.818383590292648,12.966466,20563468.720004354
2009-10-07,12.873914150359711,13.012741405755396,12.725831744604315,12.864659,12414925.261524616
2009-10-08,12.938701848463188,12.975722454610436,12.4851994231594,12.947957,33536025.722050205
2009-10-09,12.873916055045871,13.13306030345801,12.855405751587861,13.11455,16707991.886873739
2009-10-12,12.892424795146324,13.216355066381157,12.883169644539615,12.966466,13479197.184491131
2009-10-13,13.040509983524354,13.1885924247851,12.799876016475643,12.920193,16264561.682631213
2009-10-14,13.419968436154951,13.419968436154951,12.83689394548063,12.90168,29765803.9883178
2009-10-15,12.88317090909091,13.003487878787881,12.438923636363638,12.52222,29502380.32872765
2009-10-16,12.364884139183054,12.401904750378215,12.013188332829047,12.235312,27520669.35440633
2009-10-19,12.337115436496351,12.781362654014599,12.235308782481752,12.679556,18789213.91253763
2009-10-20,12.89242532166302,12.984976831509845,12.587005339168488,12.688812,17832772.28790213
2009-10-21,12.642537248131537,12.836895434230192,12.318606937967115,12.383393,13612850.855981072
2009-10-22,12.318606576837418,12.53147506013363,12.105738093541204,12.466689,10246401.751098467
2009-10-23,12.633281566539925,12.633281566539925,12.096482789353612,12.170524,11602403.479094245
2009-10-26,12.263075077041602,12.448178097072418,11.948399942989212,12.013186,13010376.597848399
2009-10-27,11.957654727272727,12.13350259090909,11.485642040669857,11.605959,15986665.643054571
2009-10-28,11.346815633943427,11.605959873544093,11.069161091514143,11.124692,20897335.045320805
2009-10-29,11.30054082549801,11.67074691314741,11.198734151394422,11.615216,17209333.42952899
2009-10-30,11.559684020903008,11.605959777591972,11.013630091973242,11.069161,16319128.07122419
2009-11-02,11.050649050538524,11.41159989892295,10.85629090140845,11.170966,16021782.538770596
2009-11-03,10.810017971690257,11.170968914238134,10.698956143213987,11.115438,23675245.006089732
2009-11-04,11.198732813021701,11.319049777128548,11.04139524457429,11.087671,24765668.101082727
2009-11-05,11.217242738386307,11.467131809290954,11.180222135289323,11.35607,25800660.1755713
2009-11-06,12.068717185410332,12.429668082826746,11.920634765957447,12.179779,44329691.69637643
2009-11-09,12.346373172362556,12.633282893759286,12.337118020059435,12.457435,22099150.10594075
2009-11-10,12.503709759329778,12.503709759329778,11.994676423457731,12.152014,21109108.66297554
2009-11-11,12.355626733333333,12.790618835555556,12.337116431111111,12.494454,23541268.79013681
2009-11-12,12.605517436849924,12.818385939821693,12.420414390787519,12.457435,13664388.856935637
2009-11-13,12.448179328908553,12.61477206342183,12.39264841740413,12.549986,10494803.42049784
2009-11-16,12.661047936000001,12.873916432000001,12.596261872000001,12.725834,10880966.622698361
2009-11-17,12.735087452294247,12.735087452294247,12.466688080116533,12.707322,9457544.477113275
2009-11-18,12.587005207100592,12.633280961538462,12.300095529585798,12.512964,12304391.50947769
2009-11-19,12.24456477503852,12.24456477503852,11.791062375963019,12.013186,22523673.570025474
2009-11-20,11.73553265736434,11.994676911627906,11.707767201550386,11.939146,11527309.40722226
2009-11-23,12.114993363846153,12.337117000769231,11.97616609076923,12.031697,10559632.610428937
2009-11-24,11.976162297213621,12.059458634674922,11.763293879256967,11.957652,11304626.694270749
2009-11-25,12.096482,12.263074713083396,12.013185643458302,12.096482,11932814.846498346
2009-11-27,11.661494073494918,11.976169310398749,11.596707995308835,11.837342,7561516.512744161
2009-11-30,11.883615647779479,12.09648415237366,11.754043514548238,12.087229,13771680.34129245
2009-12-01,12.152012147147147,12.466687252252253,12.087226096096096,12.32786,12477809.449490828
2009-12-02,12.355627390670552,12.725833454810495,12.281586177842565,12.698068,16269101.409757769
2009-12-03,12.846149755603761,13.07752853362256,12.781363697758497,12.799874,17828882.29993514
2009-12-04,13.040507436886394,13.25337590462833,12.836894119915847,13.197845,22273110.95106815
2009-12-07,14.669416345556247,15.224726407180858,13.975279925419516,14.89154,73801703.11465436
2009-12-08,14.650905913781843,14.71569197909863,14.08634163030699,14.169638,29051710.283636037
2009-12-09,14.317717690885916,14.63239280497132,14.178890434671766,14.521331,18140926.13135807
2009-12-10,14.623139922128487,14.715691440622972,14.215913240752757,14.262189,11264320.855655469
2009-12-11,14.382507033530572,14.401017338593032,14.040066389875083,14.077087,11257080.815086246
2009-12-14,14.280700339502234,14.549099762603703,14.123362746649649,14.502824,10953033.974624528
2009-12-15,14.401015637060702,14.724945937380191,14.363995031309903,14.484312,12051450.562512048
2009-12-16,15.002598518600827,15.817052714370195,14.919304012445888,15.65046,45471976.54254252
2009-12-17,15.69673604418182,16.17800484848485,15.345041212121213,15.57642,27447740.815925606
2009-12-18,15.705989330727528,15.761522084254636,15.382060917191616,15.567163,21956099.129944228
2009-12-21,15.65971545120551,16.187259056831227,15.641205149253729,16.122473,11555511.117928373
2009-12-22,16.122472006849662,16.71480070730384,16.103961706038124,16.548208,21421694.009037115
2009-12-23,16.705545795695464,16.825863678205387,16.49267825883498,16.779587,11944592.315955097
2009-12-24,16.82586536318408,16.853629892063626,16.677782939745715,16.742569,3695563.506412905
2009-12-28,16.714802942732245,16.862885369029012,16.307578121446465,16.474169,12581101.259553669
2009-12-29,16.418641711431743,16.72406176581576,16.381622024294455,16.677786,12853596.034869375
2009-12-30,16.835124572542632,17.381178610571556,16.714805730081896,17.279371,19016649.043532893
2009-12-31,17.31638853058758,17.538514030440258,17.270113695931478,17.288624,18917571.462020345
2010-01-04,17.131290308274746,17.233097929301245,16.761085068295298,17.11278,21615091.119035013
2010-01-05,17.04798787100213,17.547765091542484,17.04798787100213,17.362663,19682229.160354033
2010-01-06,17.353411936091735,17.510749537645633,17.186819181505253,17.473728,17535312.428509817
2010-01-07,17.38117703896742,17.45521825776807,17.001715792614096,17.131287,14796947.129541408
2010-01-08,16.992456994111052,17.288620880249105,16.890649414590268,17.168303,12916267.731633114
2010-01-11,17.260855488744916,17.334896691913794,16.687037089701143,16.927671,15035195.976770815
2010-01-12,16.677785348047536,16.742571417657043,16.002160119063664,16.353855,16948180.474878863
2010-01-13,16.46491411646985,16.631504979007538,15.826307788944725,16.575975,13745535.149516093
2010-01-14,16.372364762858577,16.49268081297112,16.03917836637427,16.316832,16437439.435970169
2010-01-15,16.19651600254144,16.33534328256322,15.6226956529362,15.835566,22100987.641035374
2010-01-19,15.715245235800346,16.23353457898606,15.668969484222606,16.131727,14730392.846345589
2010-01-20,15.928114875860663,16.131729135269058,15.715247315941975,16.066944,19441280.80568402
2010-01-21,16.057688481389356,16.344598189125993,15.631950570200443,15.780033,16440356.923474114
2010-01-22,15.594930847201146,15.881840554182293,15.141429332649352,15.233979,28846528.36281972
2010-01-25,15.483868848267624,15.789287929920912,15.372807952994268,15.493124,17386965.082058337
2010-01-26,15.419080697043844,15.520887352306437,14.993344700551678,15.002598,19303738.001518138
2010-01-27,14.99334416875826,15.465354975385887,14.82675054054054,15.409825,21947347.87708491
2010-01-28,15.530146432041018,15.585676420136732,14.678671497824736,14.89154,18577868.30643439
2010-01-29,15.058130265756985,15.224723904722353,14.021553382066276,14.243677,20926185.352279473
2010-02-01,14.299209034399517,15.36355145443573,14.178892065178033,15.335786,25656846.411393587
2010-02-02,15.28025551015532,15.687483111895103,15.233978825978257,15.493124,22955107.18174075
2010-02-03,15.354299477150441,15.68748592477393,15.280258250015299,15.622698,15188727.19312631
2010-02-04,15.483869632704403,15.483869632704403,14.549099260377359,14.715692,21163347.26222865
2010-02-05,14.697180770479703,15.048876531989922,14.438036525156381,15.011855,16338360.107968003
2010-02-08,14.96557977173689,15.345040978070351,14.68792523051728,14.984091,12024654.757435737
2010-02-09,15.22472679878585,15.29876801883823,14.71569248541049,14.863774,25125031.68753777
2010-02-10,14.956323904928292,15.289509338453922,14.854516319169257,15.150683,14473778.006951895
2010-02-11,15.391316705248968,16.011411883397614,15.280255807812162,15.844821,18799799.46756735
2010-02-12,15.73376161383285,16.381623311682535,15.557912764398155,16.057692,21075068.26012107
2010-02-16,16.27055862478777,16.418641069609503,16.07620134147453,16.353855,12345123.03062489
2010-02-17,16.55746382840869,16.56671990470852,16.039176309977577,16.511189,23677626.123715255
2010-02-18,15.604188831934014,15.687485208658668,15.002602037892022,15.42834,40936870.654911675
2010-02-19,15.363550301568157,15.530143941196622,15.270998793727383,15.34504,13790915.240364313
2010-02-22,15.40982768152753,15.64120647554446,15.271000405117373,15.372808,12373757.120501343
2010-02-23,15.419080697043844,15.483866750392767,14.845262292896996,15.002598,13229498.567908037
2010-02-24,15.132170917351718,15.46535540653066,15.085894239795845,15.317273,12043780.49887209
2010-02-25,14.965580507926832,15.215470532832256,14.58611928292683,15.178449,15585157.613930117
2010-02-26,15.104404875036735,15.21546760110348,14.900791574025213,14.993344,10626407.947079718
2010-03-01,15.002598427007179,15.668970205934716,14.882282392878334,15.594929,15015098.497723203
2010-03-02,15.733757422802851,15.928114677216449,15.474612257382722,15.585675,14549951.028749155
2010-03-03,15.678228565817532,15.761524934626694,15.26174579625651,15.391317,10785884.340989143
2010-03-04,15.456102528156123,15.576418561224488,15.22472376164952,15.419081,15056372.94466512
2010-03-05,15.308024275544435,16.002160763605005,15.308024275544435,15.891098,17094044.476976987
2010-03-08,15.900351964539006,15.946627726950354,15.594931932624114,15.659718,11866687.254521443
2010-03-09,15.817052007809233,16.400125556543454,15.807796857424322,16.242788,22442423.014398757
2010-03-10,16.19651563388289,16.45566080954019,16.187260482092096,16.279812,11305054.996949596
2010-03-11,16.150237903395354,16.205767878663885,15.844817949085867,15.909604,14604301.182889277
2010-03-12,16.08545707912226,16.131733775652172,15.881844612173913,15.965141,14055735.555357765
2010-03-15,15.94662606060606,16.103963636363634,15.733757575757576,15.88184,9694708.925414184
2010-03-16,15.872582829391888,16.52969942889341,15.863326753539017,16.437147,17962647.16741902
2010-03-17,16.529702279106353,16.973948646408836,16.529702279106353,16.751825,17589338.475061674
2010-03-18,16.77959331959309,16.77959331959309,16.011415535619562,16.159498,20014901.915635005
2010-03-19,16.400132322020813,16.446409018550725,15.76152853305165,15.965141,15791525.110864978
2010-03-22,15.761519553494436,16.28906211699589,15.761519553494436,16.224277,11759292.1326109
2010-03-23,16.344602378121987,16.640767313625897,16.233541452823445,16.55747,13333435.280855108
2010-03-24,16.41864197347357,16.464918665543223,15.974394614552077,16.002161,11784029.538654186
2010-03-25,16.23353695896384,16.33534270184544,16.011411467795096,16.048433,13375901.8092296
2010-03-26,16.187260275086505,16.353853005190313,15.918861802101096,16.048433,9310382.265981982
2010-03-29,16.15024018520986,16.289066531268023,15.92811469966228,16.252045,10655039.051307082
2010-03-30,16.437149901142934,16.520446268885213,16.03917836637427,16.316832,8754691.468135482
2010-03-31,16.252043483680346,16.326084688278048,16.02066471931253,16.103962,10530352.716927672
2010-04-01,16.17800791045342,16.363110975790413,15.770782092227355,15.937373,9174996.62638253
2010-04-05,16.03917376029748,16.205766447940505,16.020662536155548,16.178001,11173131.464140719
2010-04-06,15.974392114627104,16.011411796561806,15.502379369641018,15.780033,21859716.945363805
2010-04-07,15.678227592181816,16.150240319454547,15.548653619939394,15.88184,22081432.126252376
2010-04-08,15.78003560766218,15.900353527272127,15.539403470503641,15.622698,28027628.394276075
2010-04-09,15.585674731018248,15.780031982077576,15.502378369629195,15.724502,22084241.968362495
2010-04-12,15.743015484567369,16.076201922983575,15.71525002515896,16.011414,14760965.917095143
2010-04-13,16.076198541030404,16.40012698161965,16.011410631676274,16.344597,17522566.264558252
2010-04-14,16.696292257522384,16.779586760144223,16.289064714153508,16.548208,24330236.692818947
2010-04-15,16.603742864437976,16.77033559292215,16.437149210438644,16.668528,25866567.161779378
2010-04-16,15.992904202942157,16.057689343944276,15.437594135849597,15.789289,51801848.45920548
2010-04-19,15.66896625795053,15.76151866756431,15.187698540636042,15.715242,29564409.76219138
2010-04-20,15.826311993761035,15.992905677105417,15.567167703804714,15.770782,18319199.704535894
2010-04-21,15.854075152195602,15.872586382530116,15.178449951807226,15.363553,24200249.772952914
2010-04-22,15.11366479904019,15.474614839331734,14.900796280743853,15.42834,17745033.555132955
2010-04-23,15.3820627270929,15.419082407598394,14.947069680835178,15.21547,20337754.589434303
2010-04-26,15.233979940749817,15.548655122677527,15.206215409036142,15.363553,13265367.71800117
2010-04-27,15.252488196682465,15.409825756963775,14.882282172491141,14.928557,16388280.048259187
2010-04-28,14.919305319079516,15.169192561489789,14.65090499690594,14.956325,18156482.69210518
2010-04-29,15.00259746787838,15.428335300300303,14.780474789789793,15.409825,26664289.179143824
2010-04-30,15.224724089105155,15.252488616168044,14.530586849140672,14.539842,28850096.995551948
2010-05-03,14.613884796653796,14.697181163449164,14.160382355212356,14.382506,29145172.753621656
2010-05-04,14.16038131525424,14.18814676881356,13.447734673898307,13.651348,35422868.129945844
2010-05-05,13.373695237931035,13.762411639310345,13.253378256551725,13.419971,35948624.62817542
2010-05-06,13.327417014084508,13.605071535211268,12.06871651830986,13.142314,27089996.480071925
2010-05-07,13.262633645415471,13.262633645415471,12.457435371060171,12.920193,31164045.924081787
2010-05-10,13.69762565934066,13.864218403846154,13.32741956043956,13.475502,26448942.978153985
2010-05-11,13.345928302777777,13.595817390277777,13.22561133472222,13.327418,22396284.111446045
2010-05-12,13.419968290190734,13.660602204359671,13.336671935286104,13.586561,24344174.51185771
2010-05-13,13.53103054744027,14.151125654607506,13.429223888054606,13.558796,33819005.7583284
2010-05-14,12.642536586419753,12.679557191358024,11.661490555555554,11.994676,67342713.71731925
2010-05-17,12.013186848344882,12.17052442648191,11.642980782140107,12.022442,23123878.243704565
2010-05-18,12.124249211783438,12.198290428343947,11.559684935509553,11.624471,18209101.128128756
2010-05-19,11.568938087774294,11.828082300940437,11.48564173354232,11.809572,22325947.12153836
2010-05-20,11.467135921348314,11.809576622792937,11.115440065810592,11.531922,30500194.50357018
2010-05-21,11.19873154752553,12.105736251374704,11.19873154752553,11.781806,28892022.156874765
2010-05-24,11.744788019417475,11.883615300970874,11.40234739158576,11.439368,17951190.660183325
2010-05-25,11.078414219858157,11.800315898345154,10.96735242316785,11.744785,26111192.925200418
2010-05-26,12.216800847058822,12.448179650980391,11.76329839137255,11.800319,26877678.0526018
2010-05-27,12.096482502222221,12.494454,12.068717048888887,12.494454,19274671.786378182
2010-05-28,12.475944149162864,12.475944149162864,11.97616597108067,12.161269,14724664.50663989
2010-06-01,11.99467676947536,12.13350404689984,11.633725848171702,11.642981,14248604.717297055
2010-06-02,11.661490188679243,11.791062301886791,11.587448981132074,11.772552,17533155.427981973
2010-06-03,11.531918371653544,11.781807453543308,11.494897766929133,11.754042,15838747.215638671
2010-06-04,11.411601478512399,11.615214805785126,11.133946941322314,11.198733,18137358.931586277
2010-06-07,11.24500883478261,11.319050045217391,10.59714824347826,10.643424,15592613.805482145
2010-06-08,10.597150129695885,10.597150129695885,10.078861564400716,10.347261,26137763.60720001
2010-06-09,10.402791021081578,10.680445585701191,10.060350391384052,10.097371,18831457.019851997
2010-06-10,10.300984646696035,10.550873762114538,10.273219189427312,10.504598,16525065.499888716
2010-06-11,10.393534272179156,10.791505753660637,10.365768819982772,10.74523,11942106.962810475
2010-06-14,10.90256835915493,10.921078661971832,10.486086545774649,10.513852,10131654.88728584
2010-06-15,10.634171398489933,11.08767392114094,10.615661091442954,11.032143,14279395.762001997
2010-06-16,10.958099058623619,11.05990572217502,10.745230580288869,10.893313,9899352.01531435
2010-06-17,11.272773397708674,11.337559451718493,10.884057073649753,11.309794,23205133.002422504
2010-06-18,11.374583846341462,11.522666304878047,11.291287463414632,11.383839,25197636.755052492
2010-06-21,11.624471380516235,11.652236837635304,11.013631323896751,11.115438,15662519.011846408
2010-06-22,11.254265134948097,11.393092418685121,10.64342508650519,10.698956,22100230.714099582
2010-06-23,10.800759700598803,10.930331796407186,10.495339760479043,10.81927,16586981.838885618
2010-06-24,10.754484666066606,10.810015567956796,10.245451398739876,10.282472,19584446.911209676
2010-06-25,10.356513657942237,10.365768808664258,10.08811428700361,10.254707,13701019.444046525
2010-06-28,10.328747902702704,10.421299407207208,10.088113990990992,10.273217,10048675.113160755
2010-06-29,10.051093729007633,10.060348879770991,9.634611944656488,9.699398,17849736.24136261
2010-06-30,9.717909402546521,9.819716072477961,9.44951,9.44951,16830410.042425483
2010-07-01,9.477274882466281,9.671633058766858,9.190365193641618,9.606847,19908048.499158986
2010-07-02,9.643866554146342,9.662376854634147,9.162598741463416,9.486529,19910427.723353818
2010-07-06,9.449508049309665,9.754927996055226,9.301425650887575,9.384722,19233075.843908858
2010-07-07,9.421745142050797,9.893757914393225,9.403234837253056,9.838227,16434413.334841738
2010-07-08,9.903012938894275,9.912268091173617,9.421745020368572,9.542062,21157728.59157696
2010-07-09,9.588337151690821,9.643868061835748,9.458765028019325,9.579082,15437780.467898699
2010-07-12,9.579082115749525,9.875246973434535,9.56982696394687,9.75493,15272466.94748194
2010-07-13,9.91226780769231,10.171412064102565,9.856736895604396,10.106626,19538198.80145956
2010-07-14,10.550871568449683,10.624912772438803,10.060348592021757,10.208431,36619177.618970044
2010-07-15,10.217685805970149,10.226940956156717,9.801204047574625,9.921521,25744801.023955904
2010-07-16,9.921524266666667,9.94928972636816,9.264408387064677,9.301429,34807743.5198398
2010-07-19,9.431000869980878,9.717910611854684,9.36621479923518,9.68089,21567444.728738785
2010-07-20,9.43099804011194,9.977051901119403,9.347701688432835,9.921521,31360593.199369334
2010-07-21,10.014072769527484,10.023327919961428,9.505039495660558,9.597591,16880870.939384684
2010-07-22,9.699399089184062,9.856736669829223,9.643868178368121,9.75493,12496067.321856743
2010-07-23,9.745672543436294,9.754927693050194,9.495783503861004,9.588335,22085110.292871494
2010-07-26,9.560573621800946,9.801207614218008,9.412491164928909,9.764187,18463983.227687057
2010-07-27,9.791951835564053,9.810462141491394,9.560573011472274,9.68089,18461931.49596783
2010-07-28,9.523550416584401,9.690143135241856,9.347702546890423,9.375468,35677645.745257735
2010-07-29,8.699842081051479,8.884945104052573,8.394422093099672,8.449953,71972784.58235212
2010-07-30,8.385168019586509,8.653567437431992,8.255595886833515,8.505485,26587568.845280427
2010-08-02,8.653565555555556,8.690586156862746,8.459207398692811,8.496228,24770532.28797532
2010-08-03,8.431441548098434,8.440696697986576,8.209317950782998,8.274104,25808442.0983831
2010-08-04,8.348143557939913,8.653563444206007,8.311122965665236,8.625798,23108652.440040912
2010-08-05,8.653567627118644,8.755374305084747,8.496230033898305,8.736864,21623198.438249696
2010-08-06,8.6998407539267,8.931219497382198,8.625799556020942,8.838668,19986278.475444492
2010-08-09,8.931222152489626,8.940477304979254,8.709098492738589,8.921967,12599900.447961755
2010-08-10,8.773884662337663,8.792394967532468,8.51474038961039,8.551761,20868375.531074826
2010-08-11,8.375911565315315,8.375911565315315,8.190808547297296,8.218574,21505538.065362677
2010-08-12,8.070493330357143,8.477720058035715,8.005707260044643,8.292617,36292863.39885226
2010-08-13,8.561018823216187,8.810908021299253,8.542508512247071,8.690591,48551102.22078107
2010-08-16,8.570271683060108,8.746119590163934,8.357403163934425,8.468465,21987967.122731216
2010-08-17,8.551759546925567,8.736862567421792,8.468463187702266,8.579525,12998815.435586467
2010-08-18,8.551756815450643,8.699839184549356,8.496225927038626,8.625798,9533072.766137116
2010-08-19,8.718352062753036,9.171854452429148,8.672076308704451,9.144089,43627057.87312438
2010-08-20,9.079304560682045,9.44951065897693,9.070049408224675,9.227387,35258954.566444434
2010-08-23,9.255149694501018,9.486528436863544,9.060791550916496,9.088557,20221715.0643386
2010-08-24,8.792395627572017,9.08856053292181,8.773885320987654,8.996009,17323646.07460931
2010-08-25,8.89419934375,9.255150201612903,8.847923592741935,9.181109,20462444.787443437
2010-08-26,9.30142575,9.4032324,9.070047,9.070047,17762975.20839749
2010-08-27,9.12558004347826,9.440255217391304,8.894201239130435,9.366214,28643937.454343878
2010-08-30,9.255152489626555,9.329193709543569,8.921967,8.921967,16282929.986179058
2010-08-31,8.792393569131832,9.07004810289389,8.607290546623794,8.635056,25161339.54429479
2010-09-01,8.764629064893617,8.875690890425531,8.653567239361701,8.699843,22999081.707566448
2010-09-02,8.72761083490073,8.884948463949842,8.6443144430512,8.857183,16107024.208487058
2010-09-03,9.070049474747476,9.190366457575758,8.958987644444445,9.162601,15301854.789922642
2010-09-07,9.13483221021021,9.458762430430431,9.11632191191191,9.245894,24305929.204898953
2010-09-08,9.264407283914727,9.61610306492248,9.162600610465116,9.551317,33066879.468035668
2010-09-09,9.671632057956778,9.680887208251473,9.30142604616896,9.421743,18847559.947241183
2010-09-10,9.486530734856009,9.514296190665343,9.236641632571997,9.319938,16458184.700370323
2010-09-13,9.486530098684211,9.967797967105263,9.486530098684211,9.847481,27438557.33258079
2010-09-14,9.764185151802657,9.884502125237193,9.671633633776091,9.75493,18868842.31870449
2010-09-15,9.662378181818182,9.782695151515151,9.532806060606061,9.77344,15007101.696025146
2010-09-16,9.643867729422896,9.865991362346263,9.643867729422896,9.782695,9866937.485018188
2010-09-17,9.875248842654027,9.88450399620853,9.736421539336492,9.764187,11260861.247331705
2010-09-20,9.764186549953315,9.94928961251167,9.671635018674134,9.912269,11970844.6169086
2010-09-21,9.856738193091232,10.615660758193092,9.856738193091232,10.449068,48071165.19865695
2010-09-22,10.412044885864793,10.634168510096575,10.34725882879719,10.541617,27011876.92552291
2010-09-23,10.661934485370052,11.087671452667815,10.569382970740104,10.754486,33518414.176186565
2010-09-24,10.995120234910278,11.38383660685155,10.91182386949429,11.346816,29361377.1475628
2010-09-27,11.4301133375,11.43936849,10.95810056,11.106183,26998582.68137667
2010-09-28,11.115439614870509,11.235756613199666,10.884060771929823,11.078419,19534845.72121708
2010-09-29,10.976608698653198,11.319049273569025,10.874802041245792,10.995119,26334093.15533556
2010-09-30,11.133948333904108,11.263520467465753,10.717466476027397,10.810018,21275500.558833484
2010-10-01,10.967355621145375,10.985865925991188,10.421301628193833,10.504598,26988210.305620454
2010-10-04,10.402789,10.578636856761566,10.189920541814946,10.402789,20245484.167755395
2010-10-05,10.624914431095407,10.643424734982332,10.44906654416961,10.476832,20355905.678357735
2010-10-06,10.476831165120593,10.523106921150278,9.875246336734694,9.977053,28567982.750016462
2010-10-07,10.023327956074766,10.032583106542056,9.60684618504673,9.903011,20569303.618869048
2010-10-08,9.865991961325967,10.134391367403316,9.727164682320442,10.051095,19095634.654731646
2010-10-11,10.09736950786309,10.18066586493987,9.958542246068456,10.004818,11957665.796619188
2010-10-12,9.921523426497279,10.245453762250454,9.838227054446461,10.199178,16347866.857505575
2010-10-13,10.36577086419753,10.643425440917108,10.2547090335097,10.495343,26167369.851561785
2010-10-14,10.504596877240143,10.523107180107527,10.282473242831541,10.328749,16184824.318995457
2010-10-15,10.495343766164748,10.615660758193092,10.328751007971658,10.449068,17286045.51142743
2010-10-18,10.458321091549298,10.560127757042254,10.273218063380282,10.513852,12105582.61615248
2010-10-19,10.282475241806909,10.523109225863596,10.199178862710363,10.449068,23396046.996727362
2010-10-20,10.458323153232952,10.735977750221435,10.273220088573959,10.449068,20624509.956294667
2010-10-21,10.4583242380523,10.476834546438234,10.106628378719568,10.263966,27401704.467844106
2010-10-22,10.328749291525424,11.004375365254239,10.21768747118644,10.921079,35728101.591427
2010-10-25,11.004373699412259,11.106180352644836,10.90256704617968,11.022884,18182740.923337307
2010-10-26,10.89331150042123,11.152455699241788,10.80076000084246,10.985863,18239790.902180374
2010-10-27,10.884057767441861,11.180222604651165,10.85629231395349,11.143202,13419445.864842078
2010-10-28,11.29128629045643,11.328306901244813,11.050652320331949,11.152459,19028535.321223777
2010-10-29,11.133947151414308,11.245008968386022,11.013630183028287,11.124692,14982574.97825558
2010-11-01,11.198732906976746,11.374580779069769,11.050650488372094,11.143202,12801519.706813175
2010-11-02,11.189478956875508,11.559685043124492,11.124692891781937,11.374582,15694933.756686619
2010-11-03,11.448621848949918,11.531918208400645,11.152457015347334,11.457877,18145246.80270176
2010-11-04,11.568940524193547,11.68925750564516,11.45787869516129,11.476389,18908818.793089014
2010-11-05,11.559684182394925,11.772552666137987,11.504153273592387,11.670746,19856941.36433095
2010-11-08,11.661493080568722,11.818830685624013,11.568941548183256,11.717024,16346460.841933923
2010-11-09,11.717021056393962,11.809572565528196,11.587448943606034,11.652235,17124626.219776724
2010-11-10,11.735530100470957,11.791061,11.56893740188383,11.791061,14073678.017610122
2010-11-11,11.513408425059477,11.865104180808883,11.356070850118954,11.670746,29442521.92619049
2010-11-12,12.114994410256411,12.661048398190047,12.059463496229261,12.272332,57874790.21916942
2010-11-15,12.327863358778627,12.503711259541985,12.096484541984733,12.12425,19814583.994886283
2010-11-16,11.920635581431943,12.087228314712824,11.744787696302124,11.763298,19971471.35097657
2010-11-17,11.754038730650153,12.096479229102167,11.642976947368421,11.957652,14904244.74637663
2010-11-18,12.114991546546547,12.44817695195195,12.114991546546547,12.32786,26826145.008136045
2010-11-19,12.300097008,12.772109760000001,12.281586704,12.725834,19353652.970799398
2010-11-22,12.64253847383721,12.809131220930233,12.53147664244186,12.73509,12497578.894220615
2010-11-23,12.587005416666667,12.716577531250001,12.346371489583333,12.438923,12366951.061599143
2010-11-24,12.568496116194627,12.79061975889615,12.559240964415396,12.744344,10744934.537234714
2010-11-26,12.735089435294118,12.809130652941176,12.587007,12.587007,3865522.5980250905
2010-11-29,12.531475808,12.772109760000001,12.475944896000001,12.725834,12646793.915432181
2010-11-30,12.531474940484937,12.661047059515063,12.364882216017634,12.596261,19473911.66315147
2010-12-01,12.846148053483462,13.234864349049964,12.82763775369458,13.151568,16923983.056621082
2010-12-02,13.151572399165508,13.392206376912377,13.14231724617524,13.30891,14297872.77846195
2010-12-03,13.244121730223124,13.688369,13.216356275862069,13.688369,16370450.635864653
2010-12-06,13.734642957960029,13.762408408683667,13.373692098552722,13.429223,11842703.483291624
2010-12-07,13.743897056074767,14.188144233644861,13.716131607476637,13.864214,27736234.74075054
2010-12-08,13.845705736598282,14.13261541429517,13.743899076770353,13.984533,16565154.01694143
2010-12-09,13.651348334454914,13.8457065141319,13.456990154777927,13.753155,25456309.624955144
2010-12-10,13.753155633444816,13.96602412575251,13.716135026086958,13.836452,12206714.915066376
2010-12-13,13.891980613589567,13.919746064516128,13.447733398764584,13.484754,16453217.389060268
2010-12-14,13.74389892049349,13.99378799177519,13.484754698423579,13.503265,20398371.060628667
2010-12-15,13.531034371408548,13.69762713384723,13.188593693062368,13.207104,16860228.25291601
2010-12-16,13.345929983205039,13.419971203638909,13.188592389783064,13.225613,17068114.120683856
2010-12-17,13.234864947807935,13.37369220250522,13.077527392484344,13.299651,16022322.164694395
2010-12-20,13.345927660377358,13.410713716981132,13.234865849056604,13.244121,9294499.95209195
2010-12-21,13.373693644922662,13.76241,13.364438493611297,13.76241,12613299.996148929
2010-12-22,13.73464314304724,13.929001300731871,13.605071037924152,13.910491,12911405.571521522
2010-12-23,13.910492666219838,13.910492666219838,13.753155091152813,13.808686,7395448.922511527
2010-12-27,13.771667168,13.984535679333332,13.521778045999998,13.882729,6901560.925089008
2010-12-28,13.882726907630524,13.97527842034806,13.743899638554218,13.827196,5247348.052345537
2010-12-29,13.817940848728247,13.929002663989293,13.697623882195451,13.827196,4798949.1144842375
2010-12-30,13.808686935290194,13.956769368912608,13.762411174783189,13.873473,4713266.678069724
2010-12-31,13.882726948051948,14.271443302597403,13.864216645454546,14.252933,10568492.814777141
2011-01-03,14.363994467762325,14.780476266118837,14.345484165613147,14.641649,22080892.937673893
2011-01-04,14.669416217501585,14.734202282815472,14.271444673430565,14.595375,17595172.580355078
2011-01-05,14.863767420774913,15.733752296819787,14.71568597173145,15.715242,38578959.96765433
2011-01-06,16.122474949818937,17.899464152095188,16.0762001148582,17.890209,94361280.1840381
2011-01-07,17.686592599063484,18.445513974558935,17.288620223018608,18.389984,69690496.54962179
2011-01-10,18.056798099699375,19.130395526437013,17.917971771756946,19.093374,47280377.85471023
2011-01-11,19.352525110907195,19.5376290982198,18.389990115076568,18.797215,73231851.85799067
2011-01-12,18.8064680633833,21.62929022872715,18.741682002141328,21.610779,92702317.20938888
2011-01-13,21.379401512586643,22.064282773163008,20.713029630834956,21.6478,72802476.6775469
2011-01-14,21.277588047053836,22.193847819415005,21.148015958033067,21.832897,43093632.604047
2011-01-18,21.536739579134565,21.684822017151824,20.796326463533056,21.323872,48982121.695989355
2011-01-19,21.33312789867028,21.842162266845158,20.69452415800085,20.740799,32357540.034981295
2011-01-20,20.537183276830405,20.87962205085573,20.16697719568908,20.759306,30021332.89041551
2011-01-21,20.981425688182973,21.277590497191287,20.527923324388986,20.564943,19968449.390737433
2011-01-24,21.50897146623534,23.184152913951113,21.268337534169028,22.887989,55560950.54921601
2011-01-25,22.78618780103416,23.02681993000496,22.03651855076836,22.184601,29358131.38260183
2011-01-26,22.415972349302717,23.137874974006724,22.25863479947947,22.712139,29028702.970975123
2011-01-27,23.03607034935498,23.091603107435926,22.212362820284543,22.647354,17757570.55614974
2011-01-28,22.70288552736692,23.082346704976345,21.47195048780463,21.990238,29572614.17543548
2011-01-31,22.02726025341459,22.44374300794314,21.666310260451503,22.138323,20263309.01396642
2011-02-01,22.33267886004597,22.81394764666725,22.18459644124407,22.647354,17668647.103206847
2011-02-02,22.517790697810792,24.22073911063331,22.517790697810792,23.674685,43397871.270515315
2011-02-03,23.711701860176614,23.711701860176614,22.721398682054463,23.230433,27843301.06976482
2011-02-04,23.55436258309213,23.943078964081607,23.461810138293725,23.757975,23578759.342915382
2011-02-07,23.43404803414634,23.535854719918696,22.68438062073171,22.767677,25235562.67949515
2011-02-08,22.79543664526671,22.94352091657001,21.990239410547158,22.092047,29080670.02186805
2011-02-09,22.17534127734696,22.397466756452605,21.157276499698217,21.555248,34508350.44616513
2011-02-10,21.073977248466257,21.48120293644816,20.916639693251536,21.120253,28155998.699447397
2011-02-11,21.046218730558955,22.406725348311944,20.70377898191832,21.721844,36716733.58017395
2011-02-14,21.980983741627703,22.675120070310683,21.305357715042938,21.388655,34786790.43613075
2011-02-15,21.42567704991916,21.499718266506356,20.777817330296426,20.870367,23959087.678022142
2011-02-16,21.14801797040282,21.943959953183057,21.073976769631166,21.63854,35611632.07133661
2011-02-17,21.027703236478626,24.072648998831777,20.92589842123166,23.767229,93734176.24747083
2011-02-18,23.637658485314535,24.017119706908808,23.350747855667105,23.720953,37665832.99329078
2011-02-22,22.94352501226773,23.00831108270229,21.407167776646222,21.481209,37726227.00537013
2011-02-23,21.48120896859552,21.684823258036033,20.157723954112164,20.463144,40291176.58020195
2011-02-24,20.564944581769673,21.323868814256823,20.41686216587563,20.962917,33660174.7743408
2011-02-25,21.52748219431306,21.74960582830425,21.23131827450661,21.397911,20951899.24807613
2011-02-28,21.749610900264784,21.758866053839366,20.490909088606443,20.972178,24410616.007550575
2011-03-01,21.00919693013418,21.277595424942263,20.037405,20.037405,26699938.440132342
2011-03-02,20.009644342382888,20.389105665274457,18.741687289156626,19.204445,46410355.77961248
2011-03-03,19.648682457657767,19.759744252048673,18.73242265393279,19.315498,43049115.37060033
2011-03-04,19.334010040766184,19.52836914258189,19.00082644670973,19.213694,25925022.01815018
2011-03-07,19.352520565829046,19.41730662224263,18.46402700338642,18.945293,27528994.64376191
2011-03-08,19.14891016535709,19.250714985007363,17.695851320187842,18.093821,52597300.00205042
2011-03-09,18.038296336901585,18.214144274511195,17.557027371612456,17.714365,35628146.02869479
2011-03-10,17.307136851854576,17.436708066964286,16.566723694196426,16.585234,46534509.43170293
2011-03-11,16.724060230141845,17.168306615665244,16.344598985296344,16.705549,40162277.98494978
2011-03-14,16.83512084886017,17.260856875777094,16.566720540290078,16.844376,27102744.86178651
2011-03-15,16.020665782865404,16.62225061015872,15.743012172706683,16.344597,33934615.82442198
2011-03-16,16.196510627694774,16.983198286754238,16.011406723577654,16.224277,39883745.0145236
2011-03-17,16.659274207207492,16.687040589734735,15.918862945735727,16.529703,33454770.782203406
2011-03-18,16.788847119385462,16.84437989007952,16.289069767930208,16.307581,23958544.322054878
2011-03-21,16.659270608108105,16.825863314189185,16.270554293918916,16.437147,20308476.160735197
2011-03-22,16.390870053804697,16.54820760696587,16.07619679851239,16.150238,19403574.916871194
2011-03-23,16.1224749928397,16.52970261162985,15.770780137799278,16.483425,21134066.460101586
2011-03-24,16.835122133523505,18.00127126612881,16.798100600624025,17.797657,48097320.00116644
2011-03-25,17.954987329843654,18.0012639958993,17.21457548119031,17.24234,32316932.857732773
2011-03-28,17.649576182712217,18.177118960613093,17.49223858695652,17.880955,32530095.400385495
2011-03-29,17.880950253521124,17.945735379649292,17.501489093896712,17.742123,19334208.0313613
2011-03-30,17.880949092631486,17.954990289702423,16.85362655775726,17.075752,31774742.887341067
2011-03-31,17.103518226626125,17.288621237736795,16.770333732141967,17.085007,17695876.368221562
2011-04-01,17.307133556991342,17.32564200824077,16.61299722150433,16.844376,22962131.767410085
2011-04-04,16.844374626049156,16.89064945245866,16.122471970511228,16.242788,24967935.73195685
2011-04-05,16.48342659382486,16.613000587062515,16.23353931345614,16.270559,22178887.769006584
2011-04-06,16.390876850594434,16.409388084157392,16.02067068964334,16.159498,23148831.3916311
2011-04-07,16.1965158839779,16.853630745755524,16.131729820441986,16.751825,27584852.39667917
2011-04-08,16.881394302073748,16.881394302073748,16.196513173590496,16.242788,20165852.767160416
2011-04-11,16.307574411658138,16.390868906471187,15.854070233261028,16.029919,14754164.634269206
2011-04-12,15.872584742510952,16.187259891925162,15.576419896003458,16.076199,22710487.349584315
2011-04-13,16.24278791739037,16.538954579231245,16.039175535472967,16.437147,20247861.262054786
2011-04-14,16.289068136142625,17.14054215235008,16.196516612641812,17.131287,33892040.685559705
2011-04-15,17.001715673335365,17.529259353588902,16.918419302769017,17.316389,26194058.45855045
2011-04-18,16.909161726368158,17.020222618431784,16.47416868200282,16.742569,20085678.84653783
2011-04-19,16.75182722530522,16.816613297447283,16.224284420520867,16.677786,17824124.257260524
2011-04-20,17.288623670436188,17.538513696112926,16.909162444264943,17.186817,17571726.80665652
2011-04-21,17.371919793196543,17.48298068841571,17.103520393088555,17.140541,11380148.38621488
2011-04-25,17.214579766856982,17.695848513811033,17.205324616444692,17.408937,16736951.113655014
2011-04-26,17.55702002562591,18.03828878954864,17.381174012622484,17.86244,18260102.37683094
2011-04-27,17.95499243290116,17.95499243290116,17.492234895970718,17.86244,12155501.641987322
2011-04-28,17.862445845371347,18.41775599692465,17.658833388006148,18.056805,18476192.216729373
2011-04-29,18.1771156384849,18.917529569515096,18.1493520365151,18.510302,22582019.46137886
2011-05-02,18.899015316776484,18.908270466294983,18.16785757930005,18.26041,16580607.335760808
2011-05-03,18.047543770753393,18.10307374914834,17.16830353332983,17.390429,21825684.7027753
2011-05-04,17.445962045576408,17.640319317916408,16.93692774472606,17.260859,17270272.296413522
2011-05-05,17.12202859056806,17.47372338745386,16.890649825830653,17.270111,14694520.492659254
2011-05-06,17.631064951813922,18.047547748447204,17.49223858695652,17.880955,22719236.192921463
2011-05-09,17.93648345423165,18.371476518987343,17.890208620253162,18.278925,19079319.489521403
2011-05-10,18.427008053235188,18.445518357658326,18.12158803025339,18.306692,18664630.90515752
2011-05-11,18.39923729898232,18.58434122474377,18.14009402415229,18.389984,16639384.536713028
2011-05-12,18.325197523265413,18.991569301463414,18.27892269512195,18.973059,33062670.600455098
2011-05-13,17.769891133620263,17.816165963855422,16.770334809414347,16.899906,54704455.042531006
2011-05-16,16.853635017217,16.89065655984991,16.372368845720626,16.381624,19669796.364798754
2011-05-17,16.326087151971365,16.335343229457923,15.844821100490815,16.316832,38366847.03813215
2011-05-18,16.38162179682235,16.835124295519552,16.326089027583922,16.696297,17796680.334034543
2011-05-19,16.825863082909837,16.83511915863548,16.205768018798203,16.455658,17581670.345366925
2011-05-20,16.418638698728575,16.779588680344446,16.344597487009395,16.742569,15554040.422350956
2011-05-23,16.501936347537356,16.844377903932486,16.289067847260657,16.72406,15883045.145736141
2011-05-24,16.807354227527796,17.464470874493596,16.76107939801116,16.788843,19458677.646261863
2011-05-25,16.705544504466204,17.10351687235747,16.53895365868749,16.992456,14729961.43893502
2011-05-26,16.992459935079488,17.566278431455896,16.94618232421913,17.418196,19082236.644943025
2011-05-27,17.49223495384615,18.075310377822767,17.473723726792617,18.047544,17796144.45045819
2011-05-31,18.399240721229255,18.55657830070343,17.954994363523234,18.547325,32433720.01180224
2011-06-01,18.464034374524523,18.49179891284216,17.677345307071334,17.714365,20588743.031138852
2011-06-02,17.742125745518415,17.871696943340368,17.418195437175616,17.631063,16412264.808434976
2011-06-03,17.427448496069797,17.58478605551387,17.001712496030308,17.085007,14837684.073966138
2011-06-06,17.057245478693968,17.21458306585501,16.705548770112895,16.72406,11776899.807821784
2011-06-07,16.853627250211918,16.946178750353198,16.640759725401978,16.7148,11722014.212021682
2011-06-08,16.631508175793797,16.733315779169036,16.131730864541833,16.261303,15377596.37096732
2011-06-09,16.252045026583534,16.289066557912115,15.493123532923226,16.076199,20032951.47943864
2011-06-10,16.103964328039467,16.205770999078798,15.71524794770748,15.844821,13331709.858931191
2011-06-13,15.84482276080941,16.0484352,15.62269723919059,15.73376,15525405.24324764
2011-06-14,15.87258307599668,16.215023643817016,15.798541872143634,15.863327,14439959.703005554
2011-06-15,15.650462128801431,15.743013649373884,15.196959677996425,15.52089,25280946.066881474
2011-06-16,15.530144931065228,15.77077886678889,14.761966441509175,14.984091,27684798.405368734
2011-06-17,15.159938763289311,15.169193915724478,14.169638378241618,14.632396,39650454.44368783
2011-06-20,14.502820752240718,14.80824071702945,14.34548319462228,14.456545,20149861.5333055
2011-06-21,14.512076771929824,14.882282812030073,14.373249506892229,14.771221,19023892.74386999
2011-06-22,14.669414663278271,14.86377191311258,14.539842546378653,14.567608,17604250.471319657
2011-06-23,14.382503843461063,15.104405580777643,14.252931736763216,15.002598,20097566.26148351
2011-06-24,14.92855797156239,15.058131013977126,14.475056487928843,14.567608,14290744.369288357
2011-06-27,14.567609011031797,14.66016052952628,13.753155648280336,14.262189,30851789.861991033
2011-06-28,14.262188635483872,14.512077729032258,14.160381967741937,14.345485,18697694.77992553
2011-06-29,14.43803588310038,14.71569041931385,13.938257717916137,14.567608,25946199.540789403
2011-06-30,14.60462858092848,14.910049495778608,14.382504952321204,14.752711,17619917.45110441
2011-07-01,14.752709840247679,15.002597977271332,14.456545025386998,14.947068,14608190.382220779
2011-07-05,14.928559884308438,15.06738902123312,14.56760986649874,14.697182,14459405.347229151
2011-07-06,14.687927050414805,14.715692507977026,14.326976102105936,14.502824,14305004.66667733
2011-07-07,14.576863302606485,14.650904513032422,14.299208763509219,14.558353,26637489.96881721
2011-07-08,14.354741218405703,14.456547893713545,14.160383020090732,14.2807,16734354.548446504
2011-07-11,14.01230182807253,14.067832746809938,13.743902387508394,13.780923,19297033.5150991
2011-07-12,13.71613396460177,13.845706080326753,13.364438221919674,13.595817,23435705.923373345
2011-07-13,13.780919467257846,13.873470974761256,13.438478889495226,13.568051,17135539.36375976
2011-07-14,13.623584772727272,13.706881147017045,12.966468931107954,13.031255,29415938.219304282
2011-07-15,13.10529290212766,13.18858925531915,12.781362639716312,13.049762,22358793.976472523
2011-07-18,12.947955863768115,13.021997069565217,12.605515286956521,12.772108,22101206.78591193
2011-07-19,12.809130227848101,13.188591455696203,12.809130227848101,13.160826,16267264.07597821
2011-07-20,13.207099456552706,13.281140658831909,12.957210398860399,12.994231,17907758.912397355
2011-07-21,13.012744247619048,13.697625523809526,12.818386047619049,13.605074,30886039.28210901
2011-07-22,13.725391404666667,13.929004763333333,13.549543503999999,13.882729,19913015.66140202
2011-07-25,13.669859151761516,13.725390062330623,13.46624581300813,13.660604,15313633.277123032
2011-07-26,13.271887091666665,13.605072541666665,13.133059820833331,13.327418,18861820.046463616
2011-07-27,13.142315151515152,13.207101212121213,12.790619393939396,12.82764,17617539.781284787
2011-07-28,12.781363697758497,13.068273382501808,12.577750373101953,12.799874,17508520.161995344
2011-07-29,12.670301884309472,12.920190964569777,12.605515826464208,12.799874,18304833.469454464
2011-08-01,13.09603768702814,13.521774601235414,12.984975883321894,13.484754,27541962.20413068
2011-08-02,13.392203755894592,14.234422513176145,13.345928,13.345928,36639920.131443836
2011-08-03,13.373693555030385,13.753154756245781,13.244121437542203,13.706879,20670542.798254803
2011-08-04,13.456989185074626,13.456989185074626,12.401902,12.401902,26464506.81516432
2011-08-05,12.688812502702705,12.846150075675679,11.661490702702704,11.985421,34321102.696350835
2011-08-08,11.402346917015928,11.80957359262364,10.967354786253145,11.041396,29285851.626008157
2011-08-09,11.254264327919566,11.985421303170918,11.106181902552203,11.966911,35921399.76640589
2011-08-10,11.615215182333875,11.948400637763372,11.356070939222041,11.420857,30795065.729305603
2011-08-11,11.420857722595079,12.577751738255033,11.420857722595079,12.411159,29140309.78089959
2011-08-12,13.734645826086956,13.75315613043478,11.726277804347825,11.920636,86324458.52721281
2011-08-15,12.040952534031415,12.401903455497385,11.97616647120419,12.374138,23342458.763592258
2011-08-16,12.235310488067745,12.401903217859893,11.800318360277137,12.022442,19364026.293493453
2011-08-17,12.059462331772052,12.263075663544104,11.698511425448867,11.855849,14946486.91966303
2011-08-18,11.319052444723619,11.430114283919599,10.92108085427136,11.050653,21678841.422312327
2011-08-19,10.86554915260017,11.467134071611254,10.782252779198636,10.856294,20565085.00967273
2011-08-22,11.161714839195982,11.291286984924623,10.93033600753769,11.050653,16527981.287621643
2011-08-23,11.319048958427816,12.253819150415723,11.300538657596373,12.244564,25345671.270941127
2011-08-24,12.216801441717791,12.25382205214724,11.754043811349694,12.068719,18570736.46341422
2011-08-25,11.82808354326923,12.040952026442307,11.531918697115385,11.550429,18664416.360639073
2011-08-26,11.504156083781707,12.161271998462723,11.300542701767872,12.040955,19790595.098146282
2011-08-29,12.3833902994012,12.411155748502994,12.096480658682635,12.36488,16248467.595318353
2011-08-30,12.281585796052632,12.762853664473683,12.198289434210526,12.661047,18496726.218613673
2011-08-31,12.75359913298272,12.883171257700976,12.216800330578511,12.318607,19065273.532957096
2011-09-01,12.485198162650603,12.753597530120482,12.28158484939759,12.29084,20591561.19516648
2011-09-02,12.013182891640867,12.179775566563467,11.865100513931889,11.957652,12732264.494735254
2011-09-06,11.568940629742034,12.226056457511381,11.45787879969651,12.198291,18807037.47762699
2011-09-07,13.188593,13.549543966315788,12.827642033684208,13.188593,43397986.04748816
2011-09-08,13.05901893864598,13.373694093794077,12.910936512693937,13.123805,23774975.16916778
2011-09-09,13.01274272334294,13.364438472622478,12.73508818443804,12.84615,23495780.13646112
2011-09-12,12.670300205489092,13.262629798733286,12.670300205489092,13.151568,24755946.971494198
2011-09-13,13.26263197178252,13.512521059876118,13.05901864074329,13.447735,23063804.201971557
2011-09-14,13.799430406413613,14.3177188723822,13.790175255235603,14.141871,41792726.29484458
2011-09-15,14.45654681935484,14.530588032258065,14.215912877419354,14.345485,20337538.256810416
2011-09-16,14.373250059508408,14.900793686934025,14.234422789133248,14.308464,37589552.72907001
2011-09-19,14.067829907529722,14.169636571334214,13.651348101056804,14.012299,26153111.20609116
2011-09-20,14.18814676881356,14.243677675932204,13.586561941694915,13.651348,21405268.915567897
2011-09-21,13.725388423635106,13.966022340704907,13.38294784934347,13.392203,19320377.01340101
2011-09-22,12.86466297557365,12.883173282013324,12.263078016284235,12.503712,35510811.34946166
2011-09-23,12.429669517766499,13.123805939086296,12.355628299492386,12.762855,27320998.318949793
2011-09-26,12.920192127351665,12.957212735166426,12.2168005788712,12.79062,26258996.201904207
2011-09-27,13.114550007225432,13.22561182803468,12.707323330924854,12.80913,21106839.262307435
2011-09-28,12.836897907600594,13.160828280178837,12.21680262295082,12.420416,33401174.8076715
2011-09-29,12.64253453475936,12.855402978609627,11.80031590909091,12.114991,23403619.202028297
2011-09-30,11.920634589928058,11.985420647482014,11.559683697841727,11.578194,18308291.085811827
2011-10-03,11.430113230313292,11.79106417442845,10.930335,10.930335,25658572.587207988
2011-10-04,10.661935032558137,11.939146,10.615659272868216,11.939146,36778110.42766376
2011-10-05,11.911377664670658,12.475941796407186,11.67074377245509,12.36488,23141386.895788718
2011-10-06,12.429668045356369,12.892425604751617,12.41115774298056,12.855405,20885450.283363305
2011-10-07,12.91093696113074,13.29039819081272,12.642537554770318,13.09604,21798021.386617634
2011-10-10,13.31816308930988,13.679114,13.290397634641408,13.679114,14434555.629845615
2011-10-11,13.568052607387141,13.790176251709987,13.484756240766075,13.531032,22043938.703271117
2011-10-12,13.790176406570843,13.799431558521562,13.512521848049282,13.521777,16533061.88972056
2011-10-13,13.45699007503234,14.336229454075033,13.419969469598964,14.308464,23090708.26889595
2011-10-14,14.558354152035625,14.706436584605598,14.19740322264631,14.549099,18974620.765175905
2011-10-17,14.382505076305222,14.382505076305222,13.75315478982597,13.827196,16525391.699083457
2011-10-18,13.753154627906975,14.363994604651161,13.669858267441859,14.326974,15961813.848479101
2011-10-19,14.345482959789058,14.595372017798287,14.003042398813449,14.040063,15061019.597988984
2011-10-20,13.660603294934072,13.716134202637058,12.809129376821652,13.336673,26750184.022656925
2011-10-21,13.503262640883976,13.725386220994475,13.179332419889503,13.401456,16975091.06473207
2011-10-24,13.456989745672438,14.114105476031959,13.429224292276965,13.901237,14458326.838108003
2011-10-25,13.706878431141869,13.817940241522491,13.345927547404845,13.373693,15612819.510661714
2011-10-26,13.632838670314637,13.70687988508892,13.142315622435019,13.531032,13590160.602679824
2011-10-27,14.03080864262295,14.252932262295083,13.716133514754098,14.114105,15605688.423034972
2011-10-28,13.993789707692306,14.567609126923077,13.9567691,14.438037,13240085.199947888
2011-10-31,13.97527854054054,14.0585749027027,13.697624,13.697624,14045799.475879906
2011-11-01,13.197845015647225,13.23486561877667,12.88316988904694,13.012742,21361726.529274154
2011-11-02,13.142315774240231,13.207101837916063,12.52222059334298,12.79062,25974938.196897414
2011-11-03,12.92944574197952,13.586561452559724,12.587005160409555,13.558796,20242025.545631044
2011-11-04,13.438479465587045,13.762409755735492,13.225610989203778,13.716134,17688527.97734405
2011-11-07,13.614328544097695,13.845707343283584,13.327418833107192,13.642094,16572823.497624338
2011-11-08,13.817939742042439,14.040063354774535,13.595816129310343,13.956767,14849245.244260365
2011-11-09,13.632837184357541,13.808685050279328,13.197845094972065,13.253376,14376967.19688629
2011-11-10,13.577306013130615,13.716133272978576,13.059017576364893,13.392203,26754939.9452801
2011-11-11,13.771662504672898,13.975275794392523,13.021995392523365,13.864214,47313119.950398915
2011-11-14,13.86421638257318,14.003043649421375,13.558796395507148,13.595817,13513879.820535978
2011-11-15,13.466245010080646,13.873471663306452,13.429224405241936,13.771665,13658880.026489172
2011-11-16,13.512522304526748,13.873473242798354,13.447736238683127,13.494012,13841479.46511386
2011-11-17,13.466244388335703,13.503264991465148,12.772108079658606,13.012742,17760488.60416967
2011-11-18,13.086784180904523,13.086784180904523,12.753598727925342,12.892426,13542512.014418388
2011-11-21,12.688813976760082,13.66986013397129,12.494455775803145,13.540288,35947219.955735065
2011-11-22,13.688367634615384,14.030808204244032,13.614326430371353,13.956767,34777392.21411377
2011-11-23,13.808686279778394,13.910492948060941,13.355183848337951,13.364439,22294070.1064968
2011-11-25,13.188589155982907,13.494009115384616,12.957210398860399,12.994231,10983614.19002017
2011-11-28,13.419969993256911,13.929003337828727,13.419969993256911,13.72539,18654907.583682504
2011-11-29,13.706880477531858,13.975279892689468,13.577308346076457,13.799432,16840349.660768647
2011-11-30,14.215912905950095,14.502822606525912,14.095595934740883,14.465802,19727499.58833945
2011-12-01,14.345484165613147,14.678669604298356,14.280698108091023,14.641649,14309869.059147641
2011-12-02,14.798988104961833,14.854518091660369,14.41027171946565,14.549099,14761075.720221575
2011-12-05,14.789731558139534,14.808241860465115,14.206657034883719,14.326974,17414518.37631589
2011-12-06,14.4102717129751,14.438037169069464,13.975279567496724,14.123362,15500339.650006846
2011-12-07,14.030807849703363,14.141869653263019,13.743898190507581,14.040063,13776545.589574633
2011-12-08,13.901236987066032,14.132615765146358,13.549541244383935,13.595817,13276066.30774745
2011-12-09,13.494010167785234,13.901236812080535,13.308907147651006,13.790175,15014341.732429069
2011-12-12,13.49401075705437,13.549541665519616,13.1978459119064,13.447735,15483485.211450106
2011-12-13,13.62358293559802,13.790175661712668,12.994232636942675,13.077529,13954282.724205773
2011-12-14,12.966467522827687,13.040508736377024,12.429668724594992,12.568496,17180161.41310782
2011-12-15,12.781365330609212,12.864661701337296,12.429669543090638,12.457435,11754209.59451123
2011-12-16,12.559242919319024,12.79987690303479,12.448181080680977,12.503712,16723548.095157662
2011-12-19,12.559240199848023,12.70732261930091,12.133503243920972,12.179779,12514004.071830861
2011-12-20,12.457432384172662,12.91093475179856,12.457432384172662,12.864659,12025952.65059105
2011-12-21,12.790619516034985,12.929446790087463,12.448178906705538,12.698068,14814019.896570094
2011-12-22,12.735087698113208,13.281141603773584,12.735087698113208,13.244121,15574030.16780049
2011-12-23,13.308908186309104,13.327418489767114,13.003488179251942,13.11455,6724579.112512439
2011-12-27,13.059017753911805,13.216355317211947,12.975721396870552,13.012742,5286569.732958665
2011-12-28,13.012742284463895,13.040507737417942,12.679556849015317,12.688812,6319724.021445034
2011-12-29,12.818384187544739,12.957211453113816,12.63328116678597,12.929446,5702554.154292458
2011-12-30,12.88317090909091,13.021998181818184,12.809129696969698,12.82764,5050052.386877087
2012-01-03,13.234864907407408,13.327416410256411,12.9664655491453,12.994231,12642798.48495844
2012-01-04,13.003486739436623,13.197844904225354,12.883169780281692,13.142314,9383207.553859996
2012-01-05,13.077531128484024,13.679116070700204,13.022000210740993,13.61433,15222546.904621823
2012-01-06,13.605074442916093,13.61432959559835,13.29965440440165,13.456992,14404192.407931877
2012-01-09,13.466247152682257,13.716136275103164,13.36444047317744,13.456992,13728676.809795234
2012-01-10,13.66060017679558,13.66985532596685,13.308904508287293,13.401456,14757406.65790344
2012-01-11,13.281142424242425,13.401459393939396,13.077529090909094,13.13306,13081147.27260821
2012-01-12,13.160823804255319,13.170078954609929,12.762852339007091,13.049762,17621647.812427536
2012-01-13,12.957211070648215,12.98497652294246,12.64253594464676,12.707322,13622144.382585095
2012-01-17,12.901680337278107,12.901680337278107,12.494453698224852,12.512964,16941268.91118683
2012-01-18,12.753599952789699,13.040509675965664,12.688813886266095,12.938703,17089832.11068374
2012-01-19,13.049761254355401,13.299650299651567,12.910934006968642,13.28114,16431716.705041885
2012-01-20,13.262632670886076,13.419970253164557,13.114550240506329,13.160826,14755889.63793002
2012-01-23,13.170081225872691,13.531032151950718,13.003488490759755,13.521777,15202127.501437126
2012-01-24,13.429224495314593,13.882726907630524,13.419969344042839,13.827196,19743599.497685574
2012-01-25,13.456991282154881,13.780921608754209,13.068274890235688,13.743901,34417370.29392165
2012-01-26,13.947515506458192,14.104853106730115,13.540288776342624,13.61433,21600723.50236846
2012-01-27,13.531032584842386,13.873473217974512,13.419970757880616,13.799432,12155283.565294573
2012-01-30,13.558796729729728,13.762410059459457,13.355183399999998,13.697624,10779834.517285626
2012-01-31,13.734643052132702,13.743898202437373,13.429223092078537,13.669857,9667590.158404728
2012-02-01,13.827200154052244,13.975282618888144,13.632841918955124,13.817945,11561666.007499667
2012-02-02,13.891980779857974,14.391758902517754,13.75315352356359,14.336228,18806717.568944912
2012-02-03,14.549097489254109,14.761965963969658,14.52133203603034,14.641649,13377199.248527266
2012-02-06,14.567611614012739,14.586121921019108,14.401018850955413,14.530591,7532776.196095534
2012-02-07,14.549097697585768,14.65090436086404,14.308463766200763,14.567608,11082909.15021876
2012-02-08,14.567611191147222,15.382065601301017,14.493569965270996,15.095154,22895677.103373706
2012-02-09,15.28025510676412,15.363551470156533,15.058131471051011,15.085896,15179222.099330394
2012-02-10,14.937814727314967,14.993347491552957,14.632395630188679,14.715692,11892511.069136268
2012-02-13,15.085894331450898,15.14142708526737,14.641648034674924,14.947068,16495355.81158793
2012-02-14,14.947068642241378,15.159936186553882,14.817496530172416,15.030365,12256850.449074257
2012-02-15,15.169194435028938,15.641208150896718,14.928560463476684,14.965582,30006419.9307451
2012-02-16,13.93825985907235,15.345043058659995,13.882728943299153,15.224727,51014501.75196573
2012-02-17,15.23397831107792,15.335785902208205,14.530587728706626,14.669415,27561947.766833235
2012-02-21,14.660160632768362,15.104407924670433,14.632395177024481,14.743457,13996960.956985869
2012-02-22,14.669414453223766,15.030365345132742,14.623138697850822,14.641649,13301565.691132195
2012-02-23,14.669411106222501,14.808238340666248,14.438032382149592,14.724942,8751020.683137495
2012-02-24,14.771220562381254,14.789730863837873,14.549096944901837,14.613883,9904430.807335736
2012-02-27,14.42878081512605,14.49356687394958,14.114105672268908,14.317719,20131167.471578397
2012-02-28,14.317720127853882,14.484312863666014,14.040065568166993,14.188148,18905254.089540087
2012-02-29,14.234423491749174,14.475057438943892,14.012299848184817,14.021555,18616550.375475474
2012-03-01,14.077084396721313,14.280697714754098,14.021553491803278,14.114105,12153880.816388996
2012-03-02,14.067830273081922,14.438036332899868,14.067830273081922,14.234423,18478249.662806846
2012-03-05,14.132616207940782,14.16038166218035,13.651348334454914,13.753155,13907065.833257895
2012-03-06,13.59581854347826,13.706880369565217,13.38295004347826,13.623584,12733448.11468113
2012-03-07,13.697623848750846,13.762409907494936,13.512520823767725,13.706879,11938864.857565314
2012-03-08,13.74389984858681,13.891982271197847,13.669858637281292,13.753155,11638167.242352754
2012-03-09,13.79017520917679,13.891981871794872,13.642092790823213,13.716134,9935980.357147284
2012-03-12,13.771664372858123,13.864215880740234,13.466244396847157,13.503265,8102191.062680026
2012-03-13,13.558796879648412,13.76241021162948,13.494010819472617,13.688369,14945406.42497291
2012-03-14,13.688367313152401,13.71613276409186,13.253375248434239,13.299651,19872934.93641299
2012-03-15,13.336674411522633,13.568053218106996,13.290398650205761,13.494012,10328841.414992072
2012-03-16,13.503268846575343,13.568054920547947,13.429227619178084,13.512524,11570310.624425162
2012-03-19,13.586561603825135,13.651347660519125,13.484754943306012,13.549541,10950658.771393068
2012-03-20,13.475500422222222,13.475500422222222,13.207101031944443,13.327418,12145020.138184307
2012-03-21,13.327417095435685,13.50326495988935,13.179334683264177,13.382948,12637287.389893468
2012-03-22,13.281142635041551,13.4755008199446,13.244122028393353,13.364439,11490141.26219589
2012-03-23,13.327418721649483,13.503266607560136,13.23486720274914,13.466246,8521091.921237739
2012-03-26,13.59581854347826,13.68837006521739,13.466246413043478,13.623584,7795657.882683441
2012-03-27,13.679113395411607,13.882726720647774,13.651347941970311,13.716134,11344169.136871949
2012-03-28,13.891982724274406,14.215913034300792,13.79017605540897,14.03081,24106790.128296226
2012-03-29,14.012298640840445,14.206656812212737,13.836450771503609,14.095595,10067366.790830754
2012-03-30,14.215912394805194,14.33622936168831,14.012299066233766,14.252933,14241798.512628945
2012-04-02,14.215913455968689,14.336230431833007,13.984534656229615,14.188148,11014838.018323462
2012-04-03,14.289952419098142,14.30846272015915,13.882725795755967,13.956767,11628011.845436698
2012-04-04,13.743899017064845,13.919746883276447,13.475499642320818,13.558796,13395135.526782762
2012-04-05,13.577308609706083,13.743901353383459,13.494012237867395,13.540288,9978874.009179125
2012-04-09,13.3274183933518,13.41071475831025,13.105294753462605,13.364439,9872987.859797182
2012-04-10,13.308910371468928,13.494013436440678,13.040510927259888,13.105297,12705354.178543225
2012-04-11,13.281144152719664,13.558798734309624,13.234868389121338,13.271889,10074388.054330472
2012-04-12,13.290396182561306,13.660602204359671,13.234865279291553,13.586561,10396049.154749315
2012-04-13,13.466247976694916,13.540289202683617,13.096041846751413,13.105297,8409477.17552681
2012-04-16,13.197846091493924,13.234866697641174,12.735088514653324,12.947957,12519189.938613482
2012-04-17,12.984978151925821,13.142315734664765,12.9294472403709,12.975723,12444312.19747832
2012-04-18,12.892428921413122,12.957214996395098,12.679560389329488,12.836898,10825428.152502263
2012-04-19,12.670302454612006,13.151570334553442,12.577750939238653,12.642537,18022071.202955548
2012-04-20,12.716580358476476,12.753600970873785,12.364884540702015,12.39265,13765088.338652346
2012-04-23,12.179777947089947,12.300094902494331,11.948399186696902,12.244564,19077053.53984021
2012-04-24,12.281586844773791,12.383393517940718,11.80031893525741,11.865105,19730631.96659448
2012-04-25,12.040953929663608,12.198291529051987,11.818830259938837,12.10574,19640734.39541903
2012-04-26,12.09648070053476,12.216797647058824,12.013184352941177,12.114991,14565080.40327888
2012-04-27,12.096482359013866,12.170523567026192,11.883613885978427,12.013186,12840309.140306327
2012-04-30,11.948400636153846,12.09648306076923,11.865104272307692,12.031697,7084378.870245819
2012-05-01,11.966909487528344,12.374136105820105,11.966909487528344,12.244564,11039258.727383025
2012-05-02,12.198291033463034,12.24456679610895,11.82808493229572,11.892871,18476410.78424209
2012-05-03,11.920634780680919,11.994675990498813,11.615214790182106,11.689256,11332499.861411197
2012-05-04,11.615215399673737,11.680001461663949,11.346816,11.346816,14724015.794386724
2012-05-07,11.550428150761828,11.744786316760225,11.448621492381715,11.541173,16327124.634558376
2012-05-08,11.43937045906902,11.60596323274478,11.235757069020867,11.531922,12487960.636570383
2012-05-09,11.32830492086331,11.670745510791367,11.217243107913669,11.578194,14062655.367495138
2012-05-10,11.68925516183575,11.707765462962962,11.30979398872786,11.494897,16128640.909092095
2012-05-11,12.448179651778954,12.661048151400454,12.179780239212718,12.226056,38765975.307163656
2012-05-14,12.12424854531607,12.3371170312262,11.8743594531607,12.152014,11816986.385960385
2012-05-15,12.15201397,12.420413364615383,11.97616609076923,12.031697,16205569.339054998
2012-05-16,12.050205197802196,12.189032446624802,11.75404040031397,11.791061,12708708.232448295
2012-05-17,11.83733811383399,11.9483999256917,11.707766,11.707766,9058847.349699337
2012-05-18,11.735531039735099,11.791061943708609,11.12469109602649,11.180222,15323575.506819095
2012-05-21,11.198734109031733,11.430112912937348,11.124692891781937,11.374582,11244007.472098755
2012-05-22,11.365328144975287,11.38383845140033,11.06916324217463,11.235756,11078692.880123064
2012-05-23,11.1154374670418,11.53191930385852,10.948844732315113,11.513409,13397943.215601912
2012-05-24,11.578193011560693,11.596703312138727,11.124690647398843,11.207987,14057578.314464498
2012-05-25,11.198734427419353,11.568940524193547,11.198734427419353,11.476389,10581997.525528284
2012-05-29,11.661490188679243,11.84659320754717,11.615214433962263,11.772552,8373715.401724283
2012-05-30,11.642982152744631,11.7262785274463,11.430113639618138,11.633727,10258933.873899568
2012-05-31,11.633725117457764,11.68000087369268,11.356070580048272,11.504153,9675476.67351086
2012-06-01,11.263518870617695,11.374580683639397,11.069160697829716,11.087671,11911853.08438535
2012-06-04,11.143203730605284,11.207989798806478,10.763742473998295,10.856294,11692297.758332632
2012-06-05,10.800760001657,11.198731449875723,10.800760001657,11.170966,9865426.32033792
2012-06-06,11.254265491525423,11.494899457627119,11.170969118644068,11.467134,9966556.421159813
2012-06-07,11.63372529436501,11.698511354079058,10.995119848612278,11.004375,14229372.863065828
2012-06-08,11.041394146864688,11.254262600660066,11.022883846534654,11.217242,10002755.044421792
2012-06-11,11.578194792822186,11.781808130505711,11.319050544861339,11.346816,22665214.62937268
2012-06-12,11.476387338129497,11.689255812949641,11.457877035971224,11.578194,13401401.980308846
2012-06-13,11.568938834154352,11.596704287356323,11.217243093596059,11.272774,13351375.801555144
2012-06-14,11.254263966749791,11.346815479634246,11.022885184538653,11.133947,15933937.264116671
2012-06-15,11.217244413344181,11.383837152156225,11.115437739625712,11.374582,10407392.377144057
2012-06-18,11.2912859516129,11.568940524193547,11.198734427419353,11.476389,8223095.261061647
2012-06-19,11.94840001510574,12.429667870090634,11.892869108761328,12.25382,25944363.145533394
2012-06-20,12.374138780669146,12.679558810408924,12.30009756133829,12.44818,26275094.029809978
2012-06-21,12.438924112149534,12.438924112149534,11.855849544392525,11.883615,13948339.457311599
2012-06-22,12.031697,12.170524273076923,11.865104272307692,12.031697,23375089.981072497
2012-06-25,12.04095133836378,12.077971942017474,11.605959245432881,11.652235,13360560.0985562
2012-06-26,11.717019949725058,11.865102350353494,11.550427249018067,11.781806,11808344.493195696
2012-06-27,11.791062942161341,12.2445653630137,11.791062942161341,12.161269,13669792.519185292
2012-06-28,12.05020667673716,12.327861208459215,11.94840001510574,12.25382,14745734.473005153
2012-06-29,12.540730897250363,12.81838545586107,12.531475745296671,12.79062,16653103.133389937
2012-07-02,12.855406706319705,12.864661858736062,12.346373323420076,12.44818,15712437.079155345
2012-07-03,12.44817772463768,12.799873452173912,12.438922573913043,12.772108,5923296.29533355
2012-07-05,12.688812757686676,12.744343666910687,12.448178817715958,12.642537,7565408.272089692
2012-07-06,12.549984411940299,12.587005014925372,12.26307473880597,12.401902,10339107.662679482
2012-07-09,12.327863527987896,12.383394444780635,12.133505319213311,12.235312,8274741.829223481
2012-07-10,12.105738954758191,12.466689886895477,11.772553478939159,11.865105,13830891.003493017
2012-07-11,11.90212478667724,12.050207210150674,11.615215091197463,11.670746,13106646.653093126
2012-07-12,11.541175066935482,11.559685371774192,11.374582323387095,11.476389,12753976.8824497
2012-07-13,11.485643718949044,11.68000191242038,11.411602502388535,11.624471,8758905.243946156
2012-07-16,11.550429180952381,11.754042515873016,11.439367361904761,11.661491,9034427.930356419
2012-07-17,11.698513125303155,11.763299194826194,11.254265791430882,11.448624,12087212.664159466
2012-07-18,11.420858029096477,12.253821742725881,11.365327114854518,12.087229,16639596.387228206
2012-07-19,12.170523396512511,12.364881564821836,12.087227038665658,12.207544,10886802.537840534
2012-07-20,12.133503543325524,12.216799906323182,11.72627687978142,11.855849,12182404.651071385
2012-07-23,11.541173298921416,12.096482359013866,11.411601184899844,12.013186,12198180.232954023
2012-07-24,12.031697429906544,12.105738644859814,11.744787721962618,11.883615,9485635.810315294
2012-07-25,11.846591657754011,12.235307946524065,11.79106075935829,12.114991,11211163.838256255
2012-07-26,12.337116723954372,12.47594399391635,12.077972486692016,12.170524,9141935.877206273
2012-07-27,12.216799762611275,12.512964605341246,12.124248249258159,12.475944,10170444.176408615
2012-07-30,12.475944273068267,12.633281849212302,12.235310333083271,12.337117,9820260.600592505
2012-07-31,12.33711583604136,12.707321862629247,12.318605534711965,12.531474,10474924.01931329
2012-08-01,12.605518521284539,12.725835511575802,12.337119081404033,12.39265,9073647.847716186
2012-08-02,12.327861187500002,12.624026020833334,12.124247864583333,12.438923,9938033.381185815
2012-08-03,12.633281938775509,12.827640122448978,12.337117087463556,12.698068,8820709.103148606
2012-08-06,12.818383590292648,13.031252054246966,12.79987328907923,12.966466,9733066.897333475
2012-08-07,13.123805455830388,13.234867279151944,13.021998784452297,13.09604,11003060.848928379
2012-08-08,13.086783640196767,13.308907266338721,13.049763035839774,13.17008,13966924.878208788
2012-08-09,13.188592963970088,13.642095458871516,13.170082658055744,13.61433,22211950.569730572
2012-08-10,13.975279288645691,14.086341110807114,13.355184114911081,13.531032,34541410.58863803
2012-08-13,13.54954142876435,13.716134151249157,13.494010521269413,13.706879,12080947.894849002
2012-08-14,13.753154071281699,13.771664372858123,13.447734095270734,13.503265,10503016.344565555
2012-08-15,13.549538386740332,13.66060017679558,13.336669955801105,13.401456,16056035.10543929
2012-08-16,13.521776423545333,13.725389757780786,13.475500665764548,13.679114,10021661.929274073
2012-08-17,13.679112961092148,13.679112961092148,13.438479038907849,13.558796,8370041.853273698
2012-08-20,13.512520245733787,13.577306301706484,13.355182681228667,13.558796,8492352.123300625
2012-08-21,13.605073367556468,13.688369735112936,13.382949720739221,13.521777,9190772.928735623
2012-08-22,13.438479188524589,13.605071905737704,13.39220343374317,13.549541,8469770.009183338
2012-08-23,13.521775528301886,13.531030679245282,13.188590094339622,13.244121,10238622.85764378
2012-08-24,13.244124550684933,13.577310073972605,13.21635909041096,13.512524,9392713.01201759
2012-08-27,13.503263595818815,13.540284195121952,13.271884850174217,13.28114,9209575.38283611
2012-08-28,13.17933723722883,13.355185135759271,13.151571779566131,13.225613,8394351.097374465
2012-08-29,13.216355396648042,13.336672357541898,13.188589944134076,13.253376,6764125.306638853
2012-08-30,13.225613672597863,13.271889437722418,12.938703928825623,13.00349,8305859.426969222
2012-08-31,13.096038813257307,13.188590324305062,12.855404884533145,12.984977,13102541.34450912
2012-09-04,12.772107831325302,12.818383584337349,12.170523042168675,12.29084,18758527.814209606
2012-09-05,12.337115150150149,12.512963003003001,12.198287897897897,12.32786,12972669.060161294
2012-09-06,12.420412326292789,13.040507427530954,12.411157175528041,12.707322,17754870.14494478
2012-09-07,12.383391698507463,12.485198356716419,11.985420216417909,12.401902,21098089.63173552
2012-09-10,12.374136355421687,12.54998421686747,12.26307454819277,12.29084,10024364.160626939
2012-09-11,12.281585432291667,12.633281171875002,12.235309677083334,12.438923,10340403.907958912
2012-09-12,12.540730393671817,12.642537061074318,12.420413423105224,12.577751,8714281.909381097
2012-09-13,12.688812453947369,12.735088210526316,12.420413065789473,12.661047,11718771.125326365
2012-09-14,12.65179242052023,13.031253641618497,12.65179242052023,12.80913,9169703.797213394
2012-09-17,12.836896244427933,12.836896244427933,12.318607715453195,12.457435,13326306.900256755
2012-09-18,12.318605386715868,12.68881140885609,12.309350236162363,12.540729,9723018.494379394
2012-09-19,12.568495037199124,12.864659868708971,12.4204126214442,12.688812,12207688.473909141
2012-09-20,12.661047059515063,12.725833119030126,12.49445433504776,12.596261,8659934.007401085
2012-09-21,12.61477239136796,12.725834217264081,12.568496630577908,12.651793,9187747.380944345
2012-09-24,12.448178817715958,12.661047303074671,12.429668514641287,12.642537,9665752.055936242
2012-09-25,12.809130541387024,12.864661454138703,12.392648695749442,12.411159,13007457.72413358
2012-09-26,12.364883745068285,12.374138897572077,12.050208559939302,12.198291,11799157.275392102
2012-09-27,12.226053945783134,12.30935030120482,12.124247289156626,12.29084,15096674.922137136
2012-09-28,12.235311173913045,12.522220891304348,12.077973586956523,12.346373,13114533.150747996
2012-10-01,12.40190324695122,12.475944460365854,12.096483241615854,12.142759,13620414.273230655
2012-10-02,12.226055607441156,12.226055607441156,12.050207722095672,12.189035,7981824.730177573
2012-10-03,12.216801441717791,12.25382205214724,12.003932931748468,12.068719,11638705.98031158
2012-10-04,12.096483640969165,12.67955821585903,12.031697577092512,12.605517,13576438.316651352
2012-10-05,12.642538494736842,12.772110631578947,12.263077236842104,12.309353,13048623.270451339
2012-10-08,12.26307621488231,12.318607126044041,12.096483481397115,12.189035,6498974.939361483
2012-10-09,12.170522913110938,12.207543515128004,11.89286839798293,11.929889,9896111.355269108
2012-10-10,11.874358411996845,11.929889316495661,11.680000246250987,11.726276,8821250.156486169
2012-10-11,11.837336749607532,11.874357349293563,11.698509500784928,11.791061,8657774.393669918
2012-10-12,11.707766302454473,11.80031781472684,11.615214790182106,11.689256,7041916.269093602
2012-10-15,11.707769843627835,11.846597154026584,11.568942533229086,11.837342,6741649.012083963
2012-10-16,11.939145068389058,12.21679960486322,11.82808325379939,12.179779,9932198.605574043
2012-10-17,12.03169808575804,12.142759914241958,11.911381104900459,12.087229,10581997.57777403
2012-10-18,12.059460551321928,12.059460551321928,11.855847249611198,11.902123,6881898.128594369
2012-10-19,11.72627541618497,11.809571768786126,11.143200947976878,11.207987,19162627.776067194
2012-10-22,11.25426692063492,11.319052996658312,10.985867462823725,11.078419,12988439.054345211
2012-10-23,10.97660794809408,11.485641200324412,10.948842497972425,11.4116,15503476.374916751
2012-10-24,11.485644668036155,11.531920432210354,11.152459165981924,11.263521,8992720.215996401
2012-10-25,11.356070359605912,11.476387323481118,11.226498244663384,11.272774,8302295.601774682
2012-10-26,11.29128629045643,11.3560723593361,11.152459,11.152459,10517816.743374713
2012-10-31,11.198732813021701,11.291284323873121,11.059905546744574,11.087671,9376184.051637175
2012-11-01,11.143203238247011,11.624471152191235,11.133948086055776,11.615216,12782609.89722447
2012-11-02,11.735530859887911,11.754041160928743,11.485641795836669,11.559683,6933976.909228393
2012-11-05,11.531921397849464,12.096485768049156,11.531921397849464,12.05021,12016008.019777248
2012-11-06,12.077975614911608,12.077975614911608,11.837341617986164,12.040955,9475909.59354968
2012-11-07,11.948400544012689,12.022441755749407,11.615215091197463,11.670746,8768630.12869957
2012-11-08,11.800322082018928,12.105742182965301,11.707770536277604,11.735536,22663694.951811317
2012-11-09,11.800318498769485,11.939145775225596,11.245009392945038,11.28203,22859700.7807992
2012-11-12,11.300542452181208,11.346818219798658,10.921081157718122,11.032143,17385557.09439227
2012-11-13,10.976611459002536,11.22650059002536,10.939590846999154,10.948846,13293135.18520582
2012-11-14,11.013631490467938,11.124693320623917,10.671190847487,10.680446,16728519.576804189
2012-11-15,10.74523230543572,11.022886886971527,10.652680778257118,10.726722,12606166.916603226
2012-11-16,10.726722210896307,10.763742822495605,10.31949548330404,10.532364,16870385.793730643
2012-11-19,10.726719345299147,10.865546601709402,10.59714723931624,10.828526,10915327.718657183
2012-11-20,10.786608746736293,10.833183050478679,10.590996671018278,10.702775,9044042.876730567
2012-11-21,10.70277752284264,11.038112588832487,10.693462659898477,11.010168,11334358.93076291
2012-11-23,11.056742410924368,11.21509508235294,11.00085323277311,11.084687,7432530.120155851
2012-11-26,11.10331463583815,11.308241583815029,11.084684913294797,11.280297,9785438.273478083
2012-11-27,11.233724373355264,11.494540527960526,11.140575746710526,11.326873,12115154.464961335
2012-11-28,11.280298067699837,11.475910172920065,11.140575135399674,11.420021,10690764.754285479
2012-11-29,11.438647631229236,11.494536789036545,11.177831561461794,11.215091,13115817.60682994
2012-11-30,11.205780177944861,11.289613944862154,11.084686959064326,11.149891,12359387.369795812
2012-12-03,11.289612898723403,11.289612898723403,10.917018413617022,10.944963,10504181.238438174
2012-12-04,10.963593527272728,11.289613725619834,10.898389487603305,11.270984,14172726.179009747
2012-12-05,11.177834448160535,11.252353344481605,10.982222345317725,11.140575,16989623.60560384
2012-12-06,11.11262869699499,11.233721884808013,11.075369254590985,11.159203,11081647.318361357
2012-12-07,11.168519586120402,11.224408758361204,11.010166931438127,11.140575,9079254.16776064
2012-12-10,11.140572598705502,11.597000740291262,11.112628018608413,11.513167,13785607.03583992
2012-12-11,11.55042747826087,11.932336773913043,11.522482895652173,11.783299,21919919.45549375
2012-12-12,11.820559650958467,11.88576368370607,11.61563269089457,11.662207,10719536.36219971
2012-12-13,11.643574421388667,11.895075628890663,11.55974068555467,11.671519,10133164.072302843
2012-12-14,11.718095138999207,11.848503193010327,11.634261389992059,11.72741,9089239.226734633
2012-12-17,11.699467725677831,11.76467176555024,11.503855606060606,11.680838,11949504.992706858
2012-12-18,11.680837275477707,11.829875071656051,11.643577826433122,11.699467,11176654.799744295
2012-12-19,11.783299,11.923021913043478,11.736724695652173,11.783299,12306786.070692088
2012-12-20,11.829877183544301,11.839192047468353,11.643579905063289,11.773988,8973077.940966139
2012-12-21,11.615634357894738,11.615634357894738,11.373447915789475,11.503856,12404154.311389154
2012-12-24,11.494540765714286,11.531800217142857,11.373447548571429,11.410707,3418622.5270704087
2012-12-26,11.38276127614379,11.569058514705882,11.354816690359478,11.401391,5280271.503713889
2012-12-27,11.420021626644736,11.438651351973684,11.196464922697368,11.326873,8046388.08963427
2012-12-28,11.224409685950414,11.44796639338843,11.20577996033058,11.270984,5920645.437878361
2012-12-31,11.233723756933117,11.466595310766722,11.205779170473082,11.420021,8761804.378468305
2013-01-02,11.699467201257862,11.857819862421383,11.652892889150943,11.848505,12851397.539183214
2013-01-03,11.848504138256086,11.988227064414765,11.718096073841318,11.857819,8021804.515653344
2013-01-04,11.876446596958175,12.286300440304181,11.839187156653992,12.249041,14089529.947691416
2013-01-07,12.239730958496477,12.276990413469068,11.811247226311668,11.895081,16391329.407508869
2013-01-08,11.923023730984788,11.960283180144115,11.550429239391514,11.634263,12518274.170009738
2013-01-09,11.72741177149877,11.783300945945946,11.2989281007371,11.373447,18653522.98208274
2013-01-10,11.475909756336875,11.531798927228127,11.32687196729354,11.392076,13590325.064544866
2013-01-11,11.438651036855036,11.447965899262899,11.261668651105651,11.373447,13772935.592876988
2013-01-14,11.447963745901639,11.447963745901639,11.233721950819673,11.36413,8204202.169457759
2013-01-15,11.308240769616026,11.308240769616026,11.093998975792987,11.159203,10088395.739373144
2013-01-16,11.140575784946236,11.354817626964433,11.140575784946236,11.261669,9054776.516695704
2013-01-17,11.298928645714286,11.457281314285716,11.270984057142856,11.410707,15586273.488575248
2013-01-18,11.410705895645028,11.410705895645028,11.19646407066557,11.336187,10657377.476218414
2013-01-22,11.326871306358381,11.429334780346819,11.224407832369943,11.280297,8272372.26112043
2013-01-23,11.317555721352019,11.326870582028029,11.17783281121187,11.298926,11320834.918292236
2013-01-24,11.261666394585726,11.401389302707138,11.205777231337162,11.354815,10654480.500122635
2013-01-25,11.373449707493956,11.5690618646253,11.317560519742143,11.559747,10572349.031514272
2013-01-28,11.61563194290246,11.820558889770025,11.5876873592387,11.74604,11339192.017054258
2013-01-29,11.699464933549434,11.727409515397083,11.447963696920583,11.494538,10436871.146974327
2013-01-30,11.503855588474025,11.662208256493505,11.438651548701298,11.475911,7718632.185279234
2013-01-31,11.475910172920065,11.606318243066886,11.345502102773246,11.420021,12628850.332236692
2013-02-01,11.513170137429265,11.559744450282944,11.420021511721908,11.522485,7751483.121913372
2013-02-04,11.457281077302632,11.690152643914475,11.317558137335526,11.326873,13734609.366592174
2013-02-05,11.382762024115756,11.652893037781348,11.345502573954983,11.587689,9857794.423029477
2013-02-06,11.308240787682335,11.587686606158833,11.243036763371151,11.494538,14243047.262969594
2013-02-07,11.45728086248983,11.550429487388122,11.336187650122051,11.447966,11809084.68805725
2013-02-08,11.522485,11.615633625707359,11.447966099434115,11.522485,8245746.98947319
2013-02-11,11.615632553157475,11.77398520223821,11.503854212629896,11.652892,10958509.441261448
2013-02-12,11.550430410297666,11.708783085277554,11.531800683829445,11.578375,7455933.410344716
2013-02-13,11.58768903799515,11.80193087712207,11.485225549717057,11.522485,22984665.460618954
2013-02-14,11.364131327572661,11.86713386174391,11.224408401413982,11.857819,23674425.45716038
2013-02-15,11.82987441476826,11.913708170463469,11.597002871170462,11.857819,19695944.507164434
2013-02-19,11.867134520700638,11.876449382961784,11.624948101910828,11.699467,11636028.205387475
2013-02-20,11.736725961227785,11.923023198707591,11.494539552504037,11.531799,19136408.291542374
2013-02-21,11.513170037428804,11.643578112286413,11.420021412530513,11.447966,15577470.967331663
2013-02-22,11.522484072683705,11.671521861821086,11.457280039936103,11.662207,9934339.529387534
2013-02-25,11.690151544715448,11.783300162601627,11.438650276422765,11.45728,17296123.512736008
2013-02-26,11.480710893290219,11.658779062247373,11.443222857720292,11.593175,13004255.69354383
2013-02-27,11.593173817460316,11.89307807142857,11.565057793650794,11.80873,12723527.424202263
2013-02-28,11.771244897314375,12.043033195102685,11.724384845971564,11.864965,15775484.209182244
2013-03-01,11.780613889850512,11.949310031471283,11.677521803304487,11.911822,10387208.522759994
2013-03-04,11.827476958925748,11.977429123222748,11.733756856240126,11.864965,9434475.365076931
2013-03-05,11.9305619671875,12.014910009374999,11.8743299390625,11.996166,9767600.748439128
2013-03-06,12.071150098514467,12.183614229867086,11.930569934323692,11.986802,9147663.238284906
2013-03-07,12.052400062695924,12.174236144200627,11.893075956112853,11.95868,8397988.406747233
2013-03-08,11.98679897425897,12.071147051482061,11.930566922776912,12.014915,6574471.146903661
2013-03-11,11.893077992125985,11.94931003937008,11.799357913385828,11.90245,7995831.950564799
2013-03-12,11.883706948194662,11.977427034536891,11.771242844583988,11.939939,8292139.180945564
2013-03-13,11.939939,12.146123189952906,11.827474896389324,11.939939,12959868.555442369
2013-03-14,12.014914054901961,12.05240208627451,11.874333937254903,11.94931,10224703.351072153
2013-03-15,11.949310087025315,11.949310087025315,11.799357960443038,11.846218,9490388.915686002
2013-03-18,11.771242007968127,11.87433409561753,11.677521928286852,11.76187,7957526.31171744
2013-03-19,11.771241064955893,11.827473108259822,11.602544935044106,11.686893,9482493.764595946
2013-03-20,11.79935797622821,11.864962031695722,11.696265889064977,11.827474,9085246.266447088
2013-03-21,11.761870104669889,11.780614120772947,11.621289983896942,11.640034,9043739.56296004
2013-03-22,11.677520985576923,11.743125036057691,11.63066094951923,11.696265,6201339.6584294215
2013-03-25,11.761872135374698,11.771244145044319,11.546315912973409,11.630664,9658440.739067005
2013-03-26,11.658779942399999,11.7243840096,11.6119198944,11.715012,6203045.289240847
2013-03-27,11.66814984189723,11.921194055335967,11.640033818181816,11.85559,6800677.148922998
2013-03-28,11.827476787217458,12.033661010132501,11.74312869602494,12.024289,9316998.036224846
2013-04-01,11.99617237711523,11.99617237711523,11.546315912973409,11.630664,11812514.48756494
2013-04-02,11.640034114006514,11.66815013843648,11.43384993485342,11.508826,9910469.408434883
2013-04-03,11.490082107172299,11.555686164880461,11.28389792580379,11.368246,9420499.609174538
2013-04-04,11.33075885632653,11.518199035918366,11.293270820408162,11.480711,7860534.508707693
2013-04-05,11.312015624398073,11.677524,11.283899595505616,11.677524,14707411.262867028
2013-04-08,11.686895035398232,11.686895035398232,11.433850796460177,11.649407,8713713.49631788
2013-04-09,11.65877883452098,11.921195078384798,11.574430756136183,11.836847,10152145.921967227
2013-04-10,11.846220807482462,12.043033020265003,11.818104777084956,12.024289,10261619.294080507
2013-04-11,11.855590896632734,12.04303106891151,11.527570595144871,11.968055,25854116.228576824
2013-04-12,12.024285801375095,12.399166106951872,11.921193717341483,12.267958,20554507.35974153
2013-04-15,12.230471197347894,12.267959231669266,11.939938931357254,12.014915,11481530.24802922
2013-04-16,12.12737898302469,12.230471076388888,12.06177492361111,12.146123,12506497.423087187
2013-04-17,12.052406076622363,12.164870207974984,11.91182591243159,11.986802,14216479.341195423
2013-04-18,12.014916267942583,12.089892344497608,11.7525,11.7525,10738038.544990428
2013-04-19,11.743125968178202,11.818102031821798,11.59317384089101,11.780614,8083326.471778126
2013-04-22,11.771241976171565,11.902450087370928,11.677521896743448,11.799358,6550570.632741205
2013-04-23,11.90244786377709,12.230468080495358,11.88370385139319,12.108632,10055157.675945556
2013-04-24,12.146122670658684,12.624095090568863,12.13675066242515,12.521003,14846231.088675562
2013-04-25,12.586607964365255,12.652212026726056,12.474143857461025,12.624096,9422312.853134198
2013-04-26,12.605351032811333,12.624095049217003,12.502258942580164,12.567863,8651614.280009259
2013-04-29,12.58660688651437,12.76467504053058,12.53037483787767,12.717815,7194616.0562958345
2013-04-30,12.74592987654321,12.905254,12.661581811183732,12.905254,7381342.978603908
2013-05-01,12.905254087912088,12.989602153846153,12.745929963369962,12.79279,9104666.378483506
2013-05-02,12.783416889210717,12.980229026068066,12.708440837074583,12.942741,8628888.579320254
2013-05-03,13.027093028118243,13.092697093727471,12.952116953136267,12.998977,7838873.93600281
2013-05-06,12.998975031814894,13.073951095444684,12.88651093637021,12.961487,5791608.401103978
2013-05-07,12.961486131868131,12.989602153846153,12.670953904761904,12.79279,11952295.394515192
2013-05-08,12.811533834532373,13.102066057553957,12.76467379856115,13.02709,8910364.478943495
2013-05-09,12.792791775700936,13.092696051761324,12.77404775844716,13.036464,15119490.99080855
2013-05-10,13.308252696011005,13.683133053645118,13.308252696011005,13.626901,22970955.465222795
2013-05-13,13.533179154494382,13.589411200842697,13.289506953651685,13.345739,7730787.482057007
2013-05-14,13.505065961245677,13.655018116262978,13.373857825605539,13.542554,12114264.045024296
2013-05-15,13.476947738775511,13.823712040816327,13.476947738775511,13.776852,8353919.313352571
2013-05-16,13.758110047846888,13.898690191387558,13.664389952153108,13.71125,8225770.516911296
2013-05-17,13.776852851378615,14.029897087424345,13.673760755211836,13.936177,8325749.809291313
2013-05-20,13.879944973719677,13.964293052560649,13.833084929919139,13.908061,6305478.527883937
2013-05-21,13.988128693029491,14.11058369168901,13.827995233243968,14.054066,9495716.897871405
2013-05-22,14.110581605555556,14.110581605555556,13.507726316666666,13.564244,12750097.97818441
2013-05-23,13.404112393028024,13.827995075871495,13.366433932330825,13.780897,10453824.087067774
2013-05-24,13.705538614167814,13.818573984181567,13.545405173314993,13.696119,7518991.620911004
2013-05-28,13.799734366827256,13.83741282243634,13.554824405368207,13.686699,7412724.207641301
2013-05-29,13.601923,13.686699528393351,13.545405314404434,13.601923,8892402.346344704
2013-05-30,13.583085081339712,13.922191227614489,13.545406620642515,13.780897,7550839.252336042
2013-05-31,13.705539920525226,13.903351836903939,13.630183,13.630183,15327271.761501662
2013-06-03,13.649019452595157,13.752635197231834,13.328752605536334,13.611341,11796344.313172376
2013-06-04,13.696120305459571,13.941030297166552,13.545406464409123,13.630183,9652092.932281246
2013-06-05,13.611343838276834,13.714959604519773,13.300496539548021,13.338175,12328529.202833222
2013-06-06,13.33817446736842,13.526566762105261,13.328754852631578,13.422951,9051431.760422876
2013-06-07,13.51714486851211,13.6961175183391,13.460627189619377,13.611341,7287560.424795764
2013-06-10,13.573664157202217,13.686699528393351,13.498307243074793,13.601923,5948969.715532134
2013-06-11,13.422947900494,13.611340151729003,13.347591,13.347591,7864867.001094055
2013-06-12,13.413532697508897,13.52656808540925,13.159203074733096,13.23456,8296198.362469172
2013-06-13,13.187459290187892,13.60192229645094,13.178039676409188,13.535985,6270320.778281003
2013-06-14,13.583086312195121,13.60192554425087,13.422952839721255,13.517149,6263843.433256525
2013-06-17,13.620763155279505,13.77147699378882,13.545406236024846,13.649022,6776710.155496855
2013-06-18,13.714957822222223,13.865671644444445,13.451208633333334,13.564244,12919107.028744102
2013-06-19,13.686698969676549,14.581562288409703,13.639600900269542,13.978707,30775889.930306144
2013-06-20,13.865672199445985,13.88451142797784,13.507726857340721,13.601923,16685821.262184765
2013-06-21,13.677279137309291,13.72437720596394,13.357012270457698,13.583083,18955872.83093242
2013-06-24,13.385271526203967,13.5548245786119,13.10268310552408,13.300495,15413901.211947374
2013-06-25,13.441793083684951,13.470051933895922,13.253400748945149,13.394695,12138498.114365425
2013-06-26,13.545407783592646,13.5642470155587,13.26281930410184,13.319337,15386826.83680126
2013-06-27,13.357011423269094,13.375850649536046,13.055583802997859,13.196878,21445572.884738345
2013-06-28,13.196882151709403,13.357015625356127,13.027329061965814,13.225141,11453120.688845584
2013-07-01,13.319333453900711,13.347592294326242,13.196878478723404,13.281655,5295440.214340758
2013-07-02,13.206298702625975,13.470047892122073,13.149781019162527,13.272236,6804737.4986400185
2013-07-03,13.159202159943382,13.470049455060154,13.159202159943382,13.309916,3725948.4582772725
2013-07-05,13.347592703651685,13.441788841292135,13.262816179775282,13.41353,4901581.015586501
2013-07-08,13.45120673817925,13.517144026111502,13.272234099505997,13.347591,6955806.257473728
2013-07-09,13.37585154494382,13.498306523876405,13.338173089887642,13.41353,4176498.2074069986
2013-07-10,13.413534281358281,13.630185467082466,13.375855814275813,13.592507,5532815.32244199
2013-07-11,13.667861617908406,13.799736230348598,13.639602772385508,13.780897,6365228.185073875
2013-07-12,13.752636543715845,13.922189596994533,13.705538473360654,13.790315,5742273.472360857
2013-07-15,13.818573683778233,13.818573683778233,13.545404878850103,13.762056,5343424.921392559
2013-07-16,13.81857377195371,13.91276991218516,13.752636473791695,13.837413,4314401.832192188
2013-07-17,13.83741291170431,13.884510981519506,13.724377544147844,13.762056,4408354.7545512095
2013-07-18,13.743216454982818,13.79031452371134,13.526565338831615,13.705538,9142837.7346442
2013-07-19,13.620761502808989,13.686698799157304,13.272235793539325,13.41353,12753495.314059759
2013-07-22,13.517143345045678,13.639598302178497,13.347590327477162,13.404108,7759979.850953155
2013-07-23,13.573664287121746,13.573664287121746,13.31933469950739,13.385272,6549949.676031985
2013-07-24,13.507726986629134,13.545405444053484,13.366432771287824,13.385272,7544151.7363263145
2013-07-25,13.375852314165497,13.611342671809258,13.281656171107995,13.43237,6457801.564429807
2013-07-26,13.272237237323944,13.46062953309859,13.272237237323944,13.375853,6034217.032738024
2013-07-29,13.347591,13.517144026111502,13.309912549753,13.347591,4765057.979376204
2013-07-30,13.394692317834838,13.752637682165163,13.38527270298404,13.573665,7061753.69732493
2013-07-31,13.507726857340721,13.733797599722992,13.498307243074793,13.601923,7170144.986117036
2013-08-01,13.649020788934425,13.818573842213112,13.488887349726776,13.790315,7368879.3910799
2013-08-02,13.762058762195121,13.931611847560974,13.667862603658536,13.903353,5563602.6791522885
2013-08-05,13.865672242751181,14.016386071476738,13.790315328388402,13.969288,4914957.082995211
2013-08-06,13.978707121149897,14.006965963039013,13.733797158110882,13.762056,5483451.891199978
2013-08-07,13.686703680136986,13.893935256849316,13.677284063013698,13.752641,6485932.411091077
2013-08-08,13.82799177414966,13.91276829047619,13.667858354421769,13.846831,9174899.29645274
2013-08-09,13.300496248447205,13.856253527950312,13.291076633540372,13.649022,24051514.02056499
2013-08-12,13.093263152400837,13.73379688935282,12.34911366388309,13.535985,6835949.064659867
2013-08-13,13.554824158807213,13.639600682385575,13.47004763522885,13.583083,5240873.0771946255
2013-08-14,13.554825654690621,14.242457532934132,13.545406039920161,14.157681,21988903.47931981
2013-08-15,14.006967018506277,14.364912376074024,13.950449330469265,14.251877,19205031.87053888
2013-08-16,14.223616477946019,14.506204884792629,14.195357637261358,14.308393,17528744.562719237
2013-08-19,14.223618220735785,14.270716294314381,14.07290438528428,14.082324,10441828.35162719
2013-08-20,14.077589138461539,14.247997076923077,14.058654923076922,14.153326,6184359.775221739
2013-08-21,14.068124780913978,14.247999862231183,14.030256342741936,14.087059,6906543.090364001
2013-08-22,14.077591019385025,14.295334525401067,14.077591019385025,14.162795,3406953.5003507435
2013-08-23,14.181729217914437,14.295334525401067,14.13439367312834,14.162795,6472937.015610267
2013-08-26,14.172257787858573,14.229060424282855,14.134389363575716,14.191192,7926181.394769375
2013-08-27,14.05865654391892,14.153327631756756,13.963985456081081,14.011321,7327052.174452359
2013-08-28,14.039722326351352,14.143860522972973,13.954518347297299,14.011321,8419254.686977766
2013-08-29,13.963983784698714,14.115457507109005,13.926115354096142,13.982918,7294096.840158828
2013-08-30,13.99238532338983,14.03025375457627,13.897714245423728,13.963984,9985098.092349576
2013-09-03,14.001855329268292,14.17226330487805,13.888250012195122,13.973454,7517605.883269805
2013-09-04,13.973449506040268,14.191192960402685,13.95451529261745,14.105989,5864516.128574891
2013-09-05,14.04918891566265,14.20066265060241,14.039721807228915,14.14386,4618728.1265510265
2013-09-06,14.153328766801074,14.22906564314516,13.98292079502688,14.087059,5987994.513262137
2013-09-09,14.200662590879046,14.323735,14.16279415730337,14.323735,6506949.898193453
2013-09-10,14.427873716504855,14.636150108737866,14.361603955339806,14.626683,7714393.276999303
2013-09-11,14.607748952259707,14.91069643539147,14.503610754933163,14.872828,10461588.811488979
2013-09-12,14.797092233121022,15.052704191082805,14.797092233121022,14.863362,8022723.257362634
2013-09-13,14.910694462025317,15.024299753164556,14.806556278481013,14.95803,4217127.522808819
2013-09-16,15.081104305502844,15.185243448924668,14.910696347248576,14.967499,6110946.992546985
2013-09-17,15.024302109079445,15.137907418032787,14.95803234552333,15.014835,4452467.9758385625
2013-09-18,15.0242996025,15.185241376710751,14.9485627425,15.147372,7081571.641602253
2013-09-19,15.213644529190208,15.242045856873826,15.014835235404897,15.081105,6009543.000993627
2013-09-20,15.118972960734643,15.213644050031666,14.920163673210894,14.948565,9401919.916727792
2013-09-23,14.93909752173913,15.06216993478261,14.721354021739131,14.806558,7162799.348775049
2013-09-24,14.816026452229302,14.920164657324841,14.73082246624204,14.863362,6066582.378872289
2013-09-25,14.834960452926207,14.995901312977098,14.7686906870229,14.882296,6157000.774611659
2013-09-26,14.920163982131463,14.948565309508615,14.74975601786854,14.83496,3929816.325760231
2013-09-27,14.721352676508344,14.84442507830552,14.664550029525032,14.749754,4011784.8745138394
2013-09-30,14.598283461439587,14.834961208868894,14.513079472365037,14.730823,5984931.052392661
2013-10-01,14.749755326045015,14.816025086816719,14.636150021864951,14.721354,5993804.645958518
2013-10-02,14.56988036872587,14.768689652509654,14.56988036872587,14.711887,4278919.896543522
2013-10-03,14.721352834850455,14.85389234590377,14.494142244473341,14.560412,11533828.575729864
2013-10-04,14.541478506735086,14.88229440923669,14.503610073123797,14.759222,6502196.592747233
2013-10-07,14.702419349583066,14.863360192431044,14.626682482360486,14.759222,4487959.595702267
2013-10-08,14.721352972186287,14.929629348641654,14.522543703751616,14.636149,7676895.609630649
2013-10-09,14.73082170827858,14.740288817345597,14.333203127463863,14.40894,7284694.779768672
2013-10-10,14.513078345029239,14.607749436647174,14.408940144249513,14.569881,5901590.342433133
2013-10-11,14.342670796199215,14.522545875491481,14.295335249017038,14.446809,5643327.60265606
2013-10-14,14.408940054228536,14.664552,14.408940054228536,14.664552,4400181.676194404
2013-10-15,14.6645508669695,14.749754842310187,14.579346891628813,14.588814,5514355.382144155
2013-10-16,14.674016923076923,14.825490646153847,14.655082707692308,14.768688,5547417.617597447
2013-10-17,14.655084368522072,14.83495943506078,14.655084368522072,14.797091,5633293.2601414705
2013-10-18,14.768689715370018,15.014834543959518,14.711887062618594,14.967499,6735636.127318265
2013-10-21,15.147372618296531,15.156839726182968,14.958030460567825,15.005366,5149619.142911942
2013-10-22,15.005367872542802,15.014834981610653,14.797091473050097,14.929631,4738827.838410742
2013-10-23,14.901228601290322,14.901228601290322,14.626682458064515,14.674018,6660323.028089511
2013-10-24,14.7118876374269,14.806558729044834,14.541479672514619,14.569881,6243616.6088110125
2013-10-25,14.645615475065618,14.655082582677165,14.380536461942256,14.427872,8727375.180483997
2013-10-28,14.408939108481261,14.475208867850096,14.20066272189349,14.399472,10405077.769518217
2013-10-29,14.380537566644778,14.446807325016414,14.24799804990151,14.418406,10244733.294373874
2013-10-30,14.465742654402101,14.53201241787122,14.285867582128777,14.40894,5387917.223612563
2013-10-31,14.427872539828835,14.53201072745227,14.3521356761027,14.380537,7747033.229704843
2013-11-01,14.456276109436436,14.513078766055047,14.342670796199215,14.446809,5443477.794992652
2013-11-04,14.494143323211878,14.494143323211878,14.00185367408907,14.030255,10833930.815940266
2013-11-05,13.945051238513514,14.077590761486487,13.793577497972974,14.011321,11153563.607599882
2013-11-06,14.011317932885905,14.11545610671141,13.869311332214764,14.105989,5229792.111705177
2013-11-07,14.058655237113403,14.096523668728523,13.746240676288659,13.774642,14605199.53985011
2013-11-08,14.200664845758354,14.778158549485859,14.14386218637532,14.730823,19396943.945358656
2013-11-11,14.67401695347355,14.891760430847675,14.645615630337796,14.853892,7859422.56749948
2013-11-12,14.920164437659032,15.005368422391856,14.711888030534348,14.882296,8345525.1797168935
2013-11-13,14.844425907120744,15.28938,14.816024582043344,15.28938,8788111.094105843
2013-11-14,15.242045637610707,15.450322037627746,15.23257852851902,15.35565,8132894.556759238
2013-11-15,15.412455150792576,15.431387476294619,15.156842248608534,15.308316,11892014.183663312
2013-11-18,14.976964430925221,15.109503939163499,14.901227569074779,14.939096,8369715.677575136
2013-11-19,14.867708831606215,15.000966145077719,14.677341240932641,14.696378,5429390.561402272
2013-11-20,14.70589712031558,14.743970640368179,14.44890085996055,14.477456,5378436.239074048
2013-11-21,14.496495183953034,14.62023414481409,14.429866512720157,14.591679,5609356.949258546
2013-11-22,14.610712450592885,14.610712450592885,14.420344861660078,14.4489,4167411.0831966447
2013-11-25,14.448899489361702,14.782042758220504,14.448899489361702,14.763006,6519177.191962124
2013-11-26,14.92481851662404,15.048557445652174,14.829634725063938,14.886745,19782149.556535028
2013-11-27,14.877228338216561,14.991448901273886,14.78204453566879,14.943857,4761104.178124831
2013-11-29,14.943857807692307,14.981931330769232,14.753490192307693,14.848674,3072056.131072714
2013-12-02,14.79156104,15.096149169523809,14.763005902857143,14.991447,9819739.215300564
2013-12-03,14.99145038119441,15.191336386277003,14.88674818805591,14.981932,7631549.789439706
2013-12-04,14.943858095238093,15.219891142857142,14.90578457142857,15.191336,12953253.354412016
2013-12-05,15.219890027388535,15.219890027388535,14.924820239490446,14.943857,7139134.829783235
2013-12-06,15.124704936651584,15.124704936651584,14.686859482223658,14.724933,7380458.029927878
2013-12-09,14.724933880341881,14.772525780407626,14.44890085996055,14.477456,10117793.139899718
2013-12-10,14.477455706298201,14.87722765874036,14.458418946658096,14.810599,13769885.471884022
2013-12-11,14.839154844905906,14.858191605451005,14.63926885918235,14.667824,10877796.120269783
2013-12-12,14.620232513567174,14.69637955790867,14.35371785837194,14.382273,6795378.658157858
2013-12-13,14.410826553928098,14.515528728362185,14.277569241011985,14.296606,4848199.215953772
2013-12-16,14.306126619015958,14.439383952792554,14.296608238031915,14.315645,6241082.396217564
2013-12-17,14.306125955658505,14.42034652217075,14.182387008603575,14.382273,7199333.930040126
2013-12-18,14.41082815013055,14.610714141644909,14.229978919712794,14.582159,11194971.608799491
2013-12-19,14.563120962288686,14.658304759427827,14.467937165149543,14.639268,6790651.554435646
2013-12-20,14.66782336392607,14.943856379859785,14.629749844486936,14.934338,10035321.284411803
2013-12-23,15.020003,15.143741934727505,14.896264065272499,15.020003,4427434.268821384
2013-12-24,15.105668899494312,15.105668899494312,14.905782921618206,15.058077,2090691.9256688617
2013-12-26,15.115186973835355,15.16277887236758,14.877227481174218,14.915301,4436679.487728743
2013-12-27,14.991447620558377,15.029521138324874,14.905782205583758,15.000966,5541279.408272774
2013-12-30,15.010483423293675,15.210369378835317,14.991446665623043,15.200851,6518441.960913898
2013-12-31,15.229409238451934,15.32459304619226,15.13422543071161,15.248446,6192649.92642529
2014-01-02,15.153262284993694,15.21037256998739,14.962894668348046,15.096152,6831308.932236507
2014-01-03,15.124705353541799,15.153260492661135,14.86770910146777,14.915301,6811348.359647586
2014-01-06,15.067596098236773,15.229408564231736,14.924820392947101,15.115188,10755296.196117442
2014-01-07,15.267484093565683,15.419778189742518,15.162780950606008,15.362666,8753799.611851223
2014-01-08,15.419775926179344,15.648217036910326,15.362663744820676,15.57207,8094655.091121476
2014-01-09,15.33410959755219,15.362662831019238,14.943855104761905,14.991447,7673890.652450027
2014-01-10,15.03903965670693,15.143741831532104,14.83915368658614,14.972411,5738686.908875264
2014-01-13,14.972412067708333,15.067595869791667,14.591676859375001,14.620232,6391108.43111108
2014-01-14,14.696379772727273,15.105670142045453,14.629751107954544,15.077115,6351605.595632852
2014-01-15,15.143745183635227,15.296039289818863,15.077116512179886,15.238929,4597525.259156993
2014-01-16,15.238928046633129,15.315075094961088,15.172299379346162,15.286519,5795418.334527305
2014-01-17,15.286519718580864,15.467369918699186,15.124708185115697,15.219892,8940595.636289667
2014-01-21,15.238926431708814,15.37218375216098,15.115187491288943,15.276999,6463179.63679254
2014-01-22,15.30555494787555,15.32459170776097,15.077113829250543,15.257964,8875985.25258678
2014-01-23,15.210369378835317,15.37218181903569,15.086630453976206,15.200851,4859756.141284458
2014-01-24,15.077113634961439,15.134223913881748,14.810599,14.810599,6479464.064890286
2014-01-27,14.810599803363518,15.020004170763258,14.629750576972832,14.715416,6141065.804731583
2014-01-28,14.686862139013453,14.86771138116592,14.629751852017938,14.858193,4412409.97475265
2014-01-29,14.801081423027165,14.886746846054333,14.705897619663647,14.715416,4279719.717064064
2014-01-30,14.801080543893129,14.991448139312975,14.753488645038166,14.962893,5329058.224235114
2014-01-31,14.75348939490446,15.029522422292994,14.743971014649683,14.943857,8807906.151671553
2014-02-03,15.048558147191736,15.06759490639122,14.686859722401548,14.74397,11339325.025756292
2014-02-04,14.734452200256742,14.85819113992298,14.658305160462133,14.829636,7372368.006874882
2014-02-05,14.724933138601036,14.772525036269428,14.582157445595854,14.696378,5638459.761990336
2014-02-06,14.715414175191816,14.92481851662404,14.696377416879793,14.886745,4422496.657261209
2014-02-07,14.924817804662887,15.124703757403909,14.791560502835539,15.105667,4130115.1415558145
2014-02-10,15.086633335427136,15.35314704188053,15.077114954773869,15.153262,8519621.451803578
2014-02-11,15.238926872615387,15.5054424730688,15.162779830153847,15.467368,6182354.360483309
2014-02-12,15.514960830693047,16.133657529378254,15.514960830693047,16.019436,19555005.307302956
2014-02-13,16.41920387850208,16.6190888869242,16.13365345853995,16.523907,23712966.102441754
2014-02-14,16.371613034473313,17.085491468309158,16.3620946553555,17.047417,21472563.497449495
2014-02-18,17.056939763128494,17.114050052513967,16.895127276536314,17.037903,11267356.669421114
2014-02-19,17.037895889630423,17.418630041471555,16.961748868894645,17.266336,11828171.231088055
2014-02-20,17.30442104342806,17.913597581810567,17.27586589319138,17.875525,10455767.086684166
2014-02-21,17.846965147369374,18.0754063012557,17.628042374894978,17.742262,11846867.14262815
2014-02-24,17.704184262295083,18.132510349061132,17.54237182548916,17.999254,10587727.58026527
2014-02-25,17.975353195411632,18.051844064141626,17.726759784310886,17.917986,6332363.693107027
2014-02-26,17.87974155366342,18.147458638560057,17.831933804486038,17.889301,9436002.10974705
2014-02-27,17.889302592512703,18.070969378378376,17.640709158838646,17.688515,10167173.4455945
2014-02-28,17.592903677524678,17.765008170022202,17.315625173525852,17.57378,8411250.50829702
2014-03-03,17.181756679634848,17.487722,17.02877497558792,17.487722,9829881.353254586
2014-03-04,17.573775461613096,17.7841262987013,17.545092343073595,17.66939,6807191.872498145
2014-03-05,17.650267540123153,17.831934315017936,17.573776669066778,17.822372,6313746.899862711
2014-03-06,17.85106041627097,17.946674023214037,17.545096874053147,17.57378,7586367.915519599
2014-03-07,17.650266671845223,17.678951703216136,17.42079406996465,17.554655,7019190.9047087515
2014-03-10,17.4972825430351,17.57377339986208,17.220004143173025,17.296495,7867293.229061726
2014-03-11,17.382548778325123,17.621582727422002,17.32518158667767,17.468601,7771385.64215875
2014-03-12,17.382547994541486,17.621581932860263,17.31561944794798,17.516407,6260303.497172679
2014-03-13,17.554654148920463,17.621582698421648,16.875796778466743,16.961849,10071058.99834387
2014-03-14,16.789741764403033,17.19131971043771,16.789741764403033,17.038338,12028836.615402278
2014-03-17,17.086145740647474,17.210442424242423,17.019214330059597,17.038338,7835080.393404568
2014-03-18,17.105270475333388,17.554656265346438,17.028779602526374,17.439919,7684681.563027902
2014-03-19,17.573777531675407,18.080530533433755,17.525971691054508,17.745882,9574161.647519127
2014-03-20,17.650266104715023,17.90842372967151,17.573775239879268,17.755442,5014977.943100488
2014-03-21,17.908419808067972,18.051839192093087,17.631141439892854,17.726755,14802189.128969176
2014-03-24,17.736316659782023,17.879738930133662,17.382547399319925,17.640705,8003466.281670715
2014-03-25,17.831931187971207,17.851053902381906,17.50684408685371,17.640705,7959748.63876472
2014-03-26,17.8032501406478,18.137895769438394,17.086148266942967,17.23913,14583597.370859202
2014-03-27,17.20088522816834,17.34430466026061,16.818430859559815,17.009659,14138366.413941633
2014-03-28,16.980974963128492,17.2200089575419,16.933167208109833,17.114834,10427910.0808106
2014-03-31,17.14351071133445,17.29649240201005,17.028773487192183,17.124388,7148672.466426246
2014-04-01,17.6693869383378,18.042280800639677,17.459037093833782,17.83193,17159489.746763248
2014-04-02,17.83193233772626,17.870178725149394,17.640706137425305,17.717197,6273899.703135885
2014-04-03,17.75544226801922,18.33868512119594,17.745879953634596,17.908424,15676329.251529895
2014-04-04,18.00403735261708,18.10921324814683,17.277374134986225,17.353865,9622900.719810832
2014-04-07,17.36342417152247,17.74587749229256,17.267809646160334,17.41123,11205940.83735612
2014-04-08,17.411231822695978,18.080527833482087,17.382548705061044,18.032722,12307143.0795251
2014-04-09,18.118774897218632,18.271756629702708,17.870179581932003,18.013599,11033160.447282078
2014-04-10,17.93711266251973,18.185708040571708,17.516412791970225,17.57378,9746206.944738127
2014-04-11,17.43991734216792,17.707635371543304,17.095707491120894,17.325182,9232788.71343458
2014-04-14,17.439916139737992,17.583335546593506,17.32518080548073,17.516407,7587416.300614618
2014-04-15,17.53552911460547,17.736316659782023,17.363424684909234,17.640705,7965291.784874811
2014-04-16,17.72675874629265,17.745879550083778,17.459039765278533,17.678951,6148080.618584213
2014-04-17,17.612023925216807,17.908426065109165,17.573777531675407,17.745882,4014387.3469743575
2014-04-21,17.755442935619612,17.93710874917738,17.64070758845583,17.889301,3059293.2655613543
2014-04-22,17.917985386434264,18.15701934303024,17.82237084766005,18.042284,6670600.37287962
2014-04-23,18.07096422210581,18.30043582752069,18.042281108047668,18.25263,6839510.525332514
2014-04-24,18.376927614996156,18.60640018820488,18.376927614996156,18.415174,10236308.274904164
2014-04-25,18.376929598055312,18.549035002669513,17.870179523140628,17.908424,8199671.841586954
2014-04-28,18.05184024493673,18.147454766756034,17.61201879892762,17.83193,5929807.0932310745
2014-04-29,17.898858156820005,17.937104538410676,17.66938656022544,17.870176,4478967.03885289
2014-04-30,17.841496786220723,17.860619505177016,17.621585518223362,17.65983,7994156.079446971
2014-05-01,17.927546445880452,17.96579283443414,17.612021628432956,17.755442,5179808.08362867
2014-05-02,17.841491199131852,17.841491199131852,17.516405078676073,17.62158,4088750.3844717667
2014-05-05,17.60246205649286,17.94667098318148,17.583338382207586,17.812811,6255909.806627377
2014-05-06,17.984913081124493,18.137894806056,17.401672167094684,17.449478,10882031.829261597
2014-05-07,17.44947828407225,17.61202136945813,17.277373840722497,17.468601,7684577.8892081855
2014-05-08,17.40167517235216,17.965795380460268,17.315622937217025,17.688515,11314499.832235776
2014-05-09,17.15307995741457,17.31562306946682,16.9331667758955,17.258253,14107094.24132906
2014-05-12,17.29649451506997,17.80324738347691,17.286933158234664,17.765001,7840309.831674086
2014-05-13,17.52597083829481,17.81281064874313,17.420794934411386,17.478165,5781186.613560405
2014-05-14,17.487727789837624,17.554657307517182,17.29649964033149,17.306061,5603805.510682067
2014-05-15,17.267810187197615,17.363424715555556,17.03833857,17.210443,8521175.19578084
2014-05-16,17.076585337905478,17.29649560281156,17.076585337905478,17.172197,7424677.97807118
2014-05-19,17.353861159446538,17.822366647835942,17.277370311360826,17.726755,9414877.96282512
2014-05-20,17.731562783977797,17.779590731907895,17.433796422697366,17.520245,6668125.930887382
2014-05-21,17.587481821806744,17.74116818145587,17.41458466720148,17.520245,5640370.440025239
2014-05-22,17.48182021818144,17.693137951965067,17.48182021818144,17.597084,3392988.9747642283
2014-05-23,17.693140224986482,17.846826567874526,17.587479903711305,17.760378,4753994.312508439
2014-05-27,17.86603727948991,18.077356,17.80840586170861,18.077356,5457348.961872521
2014-05-28,18.144589487827236,18.346303735511064,17.97169238456064,18.231039,5847651.469562432
2014-05-29,18.221431867353306,18.375118174810492,18.16380046259628,18.202223,4473632.110599898
2014-05-30,18.20223096843458,18.298283031565422,18.106176023684213,18.250257,6223791.807424958
2014-06-02,18.307883831018753,18.423149543656308,18.038934663869394,18.192621,4723907.266440608
2014-06-03,18.231039779902453,18.25025056997611,17.875641124079262,18.115776,6330088.431227014
2014-06-04,18.06774922684122,18.269463506857175,18.05814383067568,18.134987,4196495.314228789
2014-06-05,18.163805974884284,18.26946534332623,18.05814564590262,18.211832,4911197.252566353
2014-06-06,18.298278871395226,18.442361736033018,18.2310420582742,18.27907,4191706.3081600973
2014-06-09,18.259858375320654,18.471177094025048,18.134987262819337,18.298279,6440546.338461665
2014-06-10,18.231041271018277,18.48078156240209,18.154198104438642,18.394333,5663691.638071355
2014-06-11,18.32709533195876,18.68249593992103,18.32709533195876,18.634468,6929126.176287942
2014-06-12,18.6344662602459,18.836180515355075,18.471174545594263,18.749731,8774964.504824096
2014-06-13,18.941835163215195,18.951441517326433,18.586436561594855,18.76894,5930314.0026181545
2014-06-16,18.682495773167915,18.836182105816786,18.548018311020996,18.711311,5169490.261799401
2014-06-17,18.73051969757676,18.913023157733644,18.6344657504097,18.83618,4102069.84325909
2014-06-18,18.78816084037887,18.90342659724349,18.615263645891883,18.816978,5609761.354878557
2014-06-19,18.471176524617373,18.567230484703785,18.250252416418622,18.384727,12352223.67648973
2014-06-20,18.432755247914105,18.4999920570523,18.038934025515793,18.183014,9191396.48685306
2014-06-23,17.94287977246819,17.98130039602381,17.73156009940487,17.971695,10780398.824095335
2014-06-24,17.942882332247557,18.086963293159606,17.616298820846904,17.693142,7177735.3055777205
2014-06-25,17.741165534292932,17.885248396044844,17.57787380153053,17.875643,5606744.349587873
2014-06-26,17.87564289977479,17.885248295765777,17.577873702974852,17.635508,6686554.105654342
2014-06-27,17.616295378470912,17.760376311228306,17.510636027782155,17.654716,7881507.832213218
2014-06-30,17.58747699752535,17.856429013676966,17.58747699752535,17.808403,4698193.123369906
2014-07-01,17.789192898133333,18.11577731360624,17.731559563193763,18.010117,8359364.072981869
2014-07-02,17.942877,18.019720156316918,17.83721766006424,17.942877,4666232.065236807
2014-07-03,17.779585580371354,18.1541959734748,17.779585580371354,18.106169,3562893.674526069
2014-07-07,18.134990240797585,18.144595638679647,17.933277845814022,17.962095,3318342.497765433
2014-07-08,17.91406191180927,17.990905072825075,17.64511180879347,17.818007,5776441.1839943705
2014-07-09,17.971695232987535,18.432756169186646,17.83722064745052,18.355913,10089849.341283105
2014-07-10,18.0101167148869,18.336700164650185,17.866035781167806,18.259857,6931208.552180885
2014-07-11,18.279070128469773,18.355913298907733,18.211830433257294,18.298279,4976057.049971748
2014-07-14,18.37512074992588,18.57683501727138,18.307882980990566,18.528809,7095907.665511583
2014-07-15,18.55762206723686,18.653676011684258,18.43275289999469,18.60565,10292133.297466092
2014-07-16,18.682497929531937,18.82657792248062,18.480783634108523,18.586443,8321571.803706606
2014-07-17,18.375120279622195,18.730520866866367,18.375120279622195,18.538412,8454415.182875426
2014-07-18,18.15419825085693,18.298278228816205,17.68353385176064,17.712351,14778568.367090285
2014-07-21,17.64511180879347,17.942878097190196,17.64511180879347,17.818007,6334044.481849176
2014-07-22,17.952487651524343,18.048541619908423,17.702746373186052,17.741167,7777294.499826308
2014-07-23,17.750771840707966,17.760377236725663,17.347344247425003,17.366556,7739191.581796643
2014-07-24,17.462608807144733,17.510635784062075,17.270500899475376,17.395372,6625859.473680702
2014-07-25,17.337739383038762,17.376161928827322,17.059183850523674,17.088001,6926627.266308095
2014-07-28,17.164843863183116,17.164843863183116,16.732600076331835,17.020761,8598083.701498423
2014-07-29,17.030368056784702,17.30892455630346,17.02076169970992,17.078396,5673165.058902486
2014-07-30,17.184052515124115,17.4145820195489,17.136026495575223,17.366556,6407440.139541771
2014-07-31,17.155239237111086,17.289713828571426,16.780626849746056,16.809444,10459745.128988206
2014-08-01,16.809439552886403,17.087996940302208,16.75180814924448,16.991943,5722930.243886764
2014-08-04,16.972734792067993,17.116815732577905,16.86707447515445,16.953524,6291359.542712181
2014-08-05,16.90549861834655,17.2128713204983,16.761418624752604,16.963131,7759596.032124022
2014-08-06,16.847861981393198,17.15523458838711,16.722990899262523,16.943914,5815898.877532074
2014-08-07,17.08800099937125,17.241687340361302,16.65575720479709,16.771021,10611118.655662049
2014-08-08,17.501034962618053,18.34631098421053,17.501034962618053,18.250257,23277222.890614636
2014-08-11,18.26946476190476,18.346307936507937,18.10617301587302,18.1542,8969540.932676736
2014-08-12,18.14459364263492,18.25025396825397,17.95248762720635,18.1542,7707958.4889447065
2014-08-13,18.183013835349815,18.41354332930037,18.06774812783498,18.259857,6678433.954877084
2014-08-14,18.327096055696597,18.327096055696597,17.981300829955153,18.058144,6662713.155914584
2014-08-15,18.11577589038325,18.39433138422629,17.942877820227004,18.288673,9624695.30976359
2014-08-18,18.365516805384914,18.557623751172216,18.18301333383489,18.538412,7393657.175064401
2014-08-19,18.543235781559538,18.784432929665005,18.4757015448786,18.687956,6433015.531848427
2014-08-20,18.62041846378286,18.707249435211427,18.523941536217144,18.57218,5738770.300524764
2014-08-21,18.52394449913587,18.62042144213314,18.369578303016308,18.398521,7068801.508556041
2014-08-22,18.379222376406343,18.5625331802935,18.263448705974845,18.408167,6509819.690358089
2014-08-25,18.485351470154292,18.610774965794768,18.398520487256906,18.437113,3974445.3936199234
2014-08-26,18.485349344712116,18.803729578728554,18.417814143557113,18.765139,6986919.294384124
2014-08-27,18.649363861154445,18.794082152886116,18.523942306442276,18.552885,4741245.849365206
2014-08-28,18.514293219780413,18.745841506747887,18.456403977264316,18.707249,4656564.388884758
2014-08-29,18.77478495630211,18.803729578728554,18.57218031762569,18.765139,5388019.784894746
2014-09-02,18.813377,18.813377,18.639715058461537,18.813377,4991663.644437679
2014-09-03,18.909856910569108,19.054575203252032,18.784433425455287,18.98704,6723130.724957655
2014-09-04,18.958096360055098,19.44049066947126,18.948447509078157,19.324717,12744553.324936142
2014-09-05,19.305417504026916,19.392248467313394,19.14140346226357,19.266825,6576363.757661161
2014-09-08,19.24753216501434,19.286122741479392,19.015980987915764,19.093166,8273522.892023251
2014-09-09,19.006335166102037,19.131756711271404,18.832672264448707,18.851969,5145894.4667636575
2014-09-10,18.958094576333778,18.98703823217551,18.745841100161083,18.919504,4466678.31827938
2014-09-11,18.784428336602677,18.851965451135598,18.52393740991973,18.726542,6496761.655195071
2014-09-12,18.842321304625347,18.842321304625347,18.42746126425412,18.446758,6802941.447131252
2014-09-15,18.50464437090963,18.533587062592787,18.118729916075456,18.195913,7622188.309748459
2014-09-16,18.147672759227785,18.562532825628672,18.08978640751235,18.466053,5699072.265285928
2014-09-17,18.41781468302872,18.649363950913834,18.3309837075718,18.475702,4497980.103814188
2014-09-18,18.59147399375134,18.774782840006594,18.53358572021221,18.755489,5690470.106649845
2014-09-19,18.81337822327044,18.832673995807127,18.379222376406343,18.408167,15581547.69021815
2014-09-22,18.784432366838402,18.784432366838402,18.20556115830684,18.224855,5738666.697946293
2014-09-23,18.128377159279538,18.350277552912146,18.060840033661297,18.147671,5082564.649557511
2014-09-24,18.138025398847724,18.311688318181815,18.118731555697725,18.253801,4135413.5503065917
2014-09-25,18.234509659643432,18.282750067976338,17.819649480375904,17.858242,7733298.160031654
2014-09-26,17.916124737257398,18.03190033685867,17.8389416473823,17.896828,6249762.749594509
2014-09-29,17.752107386609072,17.993304497840175,17.578444501734236,17.867882,5403775.332745089
2014-09-30,17.79070411326005,17.9257735628307,17.588097526932383,17.800352,7183023.792456464
2014-10-01,17.829293609195403,17.954717093962127,17.578447604450577,17.626688,9094634.681228826
2014-10-02,17.597745469062918,17.684576449995795,17.1442947908579,17.549507,7488582.911468681
2014-10-03,17.65563124036769,17.89682840164032,17.588097,17.588097,6196693.991396568
2014-10-06,17.655630014481236,17.80035023077372,17.366194405839163,17.48197,5157399.364934272
2014-10-07,17.40479173779498,17.578451800409148,17.279368223089794,17.298664,7822851.637559988
2014-10-08,17.279364967688934,17.70387197973713,17.14429455476451,17.617041,6741683.691375868
2014-10-09,17.53985489447236,17.559151629221773,17.13464372529313,17.279362,7953971.275096848
2014-10-10,17.144296680712166,17.202184007715132,16.24704311216617,16.256691,17915216.571441263
2014-10-13,16.36281312676509,16.69084123944954,16.179504263877053,16.198801,10303501.039410263
2014-10-14,16.420704797438884,17.02852172002328,16.324225920838188,16.575071,9759131.046859467
2014-10-15,16.333874736589753,16.91274899387437,16.227747966298857,16.825918,10479702.689071704
2014-10-16,16.526827719060762,17.028518754812676,16.488237139929105,16.835562,9098262.581189746
2014-10-17,17.038165244546498,17.231123913123767,16.73908080367394,16.806616,7533153.491458364
2014-10-20,16.806621673306772,17.105706215139442,16.690846047163344,16.95134,5191187.717313204
2014-10-21,17.076759037932696,17.69422277183406,17.02851864355895,17.674927,9097640.742731215
2014-10-22,17.64598845701842,17.703874821345718,17.260071,17.260071,6206332.292155692
2014-10-23,17.559152033178293,17.771404542842838,17.433728560758418,17.645983,5557591.003113853
2014-10-24,17.75211090909091,17.935420750000002,17.645985123879548,17.829294,5445648.717217854
2014-10-27,17.81964526236117,17.906476240187022,17.62668849864792,17.838942,3759683.5619511516
2014-10-28,17.790703530029003,18.282745737635977,17.77140679239303,18.263449,4990212.144485962
2014-10-29,18.18626350538349,18.292389277231166,17.98365695247134,18.147671,4362095.873982948
2014-10-30,18.09943223009994,18.17661530997243,17.80034876038252,18.031898,4411847.78532465
2014-10-31,18.446757813982146,18.8616149558043,18.350277995379837,18.851969,6641766.300798606
2014-11-03,19.286124670552358,19.35365890971264,19.07387117242722,19.170351,7999990.647969877
2014-11-04,19.29577840515541,19.48873715399588,18.977398061470346,19.4212,9333544.167976232
2014-11-05,19.53697563521985,19.54662352442243,19.276482626750255,19.4212,8697550.13123288
2014-11-06,19.459785536092262,19.53696862200636,19.1607020429637,19.508024,10211771.020365775
2014-11-07,19.729926430684163,19.961475678205673,18.90020732894354,19.093166,11681316.302911734
2014-11-10,19.07387380969031,19.440493538961036,19.02563340683961,19.315071,7602389.553732419
2014-11-11,19.19929467647651,19.3054214309696,18.919506924874327,19.083521,5519136.082109794
2014-11-12,19.015982351241938,19.064222746055986,18.697602113073998,18.958096,5301264.958253191
2014-11-13,19.025632077954686,19.05457670355891,18.707251808983827,18.861618,5838791.474135464
2014-11-14,18.880911558316747,19.093166,18.697600772573686,19.093166,4152412.5441637076
2014-11-17,19.006338,19.208942658429308,18.880914506552564,19.006338,4113128.6820375393
2014-11-18,19.015987166594396,19.508029477452105,18.967748689142287,19.459791,5383872.365330132
2014-11-19,19.47431944527736,19.532451742128934,19.183656992147874,19.387121,6200511.927480104
2014-11-20,19.251477371034706,19.726224398566668,19.193343144206196,19.706846,5701684.988049331
2014-11-21,19.881245042481904,19.91031022133324,19.64871682957008,19.813425,5134220.1045200415
2014-11-24,19.86186926627794,20.02657745043732,19.784359532555882,19.939379,3509339.884657391
2014-11-25,19.90062781476388,20.075022801667817,19.861871973748176,19.929693,4908802.157664947
2014-11-26,19.813428246596413,20.288175403862187,19.80373952910119,20.268797,5657714.762252541
2014-11-28,20.336616402318374,20.43350356955191,20.152529815702994,20.317238,3221066.410660741
2014-12-01,20.230039532586055,20.346305102040816,19.910311880982555,19.939379,4904158.248860207
2014-12-02,19.920001476543014,20.055645454284402,19.735917788574923,19.968447,6346351.028139545
2014-12-03,20.06533020498511,20.49163468503475,20.0071988768779,20.481945,7339052.853105504
2014-12-04,20.45288045608499,20.530390184127487,20.162217038182437,20.297861,4782161.018508305
2014-12-05,20.30755014266127,20.520702888467014,20.297863363271333,20.414127,4275075.784529017
2014-12-08,20.385062152768903,20.588524247044436,19.987822806023647,20.152531,5855883.527801049
2014-12-09,20.026576701881332,20.133153550637193,19.726227463806513,20.084709,6178527.455886964
2014-12-10,20.02657563344845,20.104085360138136,19.619649568327578,19.639027,5273247.854896273
2014-12-11,19.755295367258487,19.890939359296294,19.590587158472704,19.629343,3500256.6311057894
2014-12-12,19.367744771663002,19.54214167305867,18.99957450425494,19.01895,8359311.365816725
2014-12-15,19.241790729730045,19.59058256408702,18.902684704649975,18.960817,6571975.142210381
2014-12-16,18.941442387717363,19.241794578174105,18.73798028217054,18.747669,4781540.841157373
2014-12-17,19.1255253299665,19.54214011678948,18.505447507718348,19.513073,8917487.130812252
2014-12-18,19.755290165415833,19.98781934012054,19.406498341101894,19.590582,5835551.610773994
2014-12-19,19.7262256760214,19.861866723800194,19.54213911312439,19.784357,8399668.687741533
2014-12-22,19.764979838066417,20.133152,19.69715882881815,20.133152,3844059.5751922005
2014-12-23,20.288169697200775,20.385056844900536,19.987817601588574,20.007196,2819775.4447949626
2014-12-24,20.055647303339477,20.084712488575597,19.910314595056246,19.929693,1177761.5942202422
2014-12-26,19.92969056629432,20.05564485425294,19.88124698203011,19.949068,1358177.7855486784
2014-12-29,19.89093578846964,20.055643967686965,19.794047655352514,19.92,2140221.5826506023
2014-12-30,19.784358612451715,19.881245775098392,19.70684888233437,19.735916,2893056.1319271927
2014-12-31,19.764981035659904,19.871556913793366,19.367743671707913,19.425875,4291074.190609174
