timestamp,open,high,low,close,volume
1995-01-03,1.9382104694731555,1.9491921191639856,1.883304,1.883304,40811228.532833785
1995-01-04,1.8887943530522244,1.9107567574574993,1.861340235682785,1.899776,51773022.416748084
1995-01-05,1.9052656927389575,1.9107565155175976,1.8558500667115234,1.86134,42454432.386130415
1995-01-06,1.8613407006183391,1.9162480595819928,1.8338874658817617,1.883304,47065595.51171771
1995-01-09,1.8997769945429395,1.938211,1.8942861681945762,1.938211,38942732.48392461
1995-01-10,1.949191824013985,1.9711542305795617,1.943701,1.943701,47316982.54001001
1995-01-11,1.9601738024476862,1.9711545628362033,1.8668315574569536,1.886049,52571668.042558804
1995-01-12,1.8887944714542662,1.8942852952723548,1.8558504180360655,1.872322,46424787.90891738
1995-01-13,1.894284686948233,1.9080112973401717,1.8448681779452154,1.850359,61877252.29666243
1995-01-16,1.800943121647506,1.8503596479551,1.75701830880782,1.839378,61355133.9065706
1995-01-17,1.8393778950109128,1.905266,1.8393778950109128,1.905266,44506387.192129605
1995-01-18,1.899776,1.921738404405275,1.8942851765261122,1.899776,32424412.922155038
1995-01-19,1.894285077549565,1.9711539336967623,1.8833034311755814,1.965664,62752797.215597376
1995-01-20,1.9656639042314956,1.9711538376607844,1.894284985258691,1.929974,54546751.332608625
1995-01-23,1.9162472227476233,1.9162472227476233,1.8668307102098136,1.888794,42216995.543823205
1995-01-24,1.8887948248454154,1.8997764745362455,1.8558507652634224,1.883304,32558863.81975507
1995-01-25,1.872321488624361,1.9546820444203967,1.8558499111592073,1.921738,75637042.89013383
1995-01-26,1.9162480595819928,1.921738884427408,1.883304,1.883304,30965592.16270979
1995-01-27,1.8887946486665077,1.8997762973330155,1.8558505921573993,1.877813,40144783.33699895
1995-01-30,1.8778137220661504,1.883304548510764,1.8283980630461438,1.833888,49961171.19475126
1995-01-31,1.844868770399888,1.8942852952723548,1.8338871227637108,1.872322,42618113.5932815
1995-02-01,1.8942849366718408,1.9052656927389575,1.8503592439328835,1.86134,27413906.3066393
1995-02-02,1.8613407006183391,1.8887948248454154,1.850359940418007,1.883304,27167912.47212346
1995-02-03,1.8997758408961734,1.9546822920561533,1.8887941948680966,1.932719,60644625.32277066
1995-02-06,1.9327195586412782,1.9601736816469233,1.9217387989294785,1.951937,27902266.695697654
1995-02-07,1.9546818216927584,1.9601726433855169,1.9217377810261944,1.949191,20831712.847432606
1995-02-08,1.9546812103881217,1.9601720303636878,1.9162463600488677,1.927228,29559869.804921888
1995-02-09,1.943700038293451,1.9711532552896727,1.910756,1.910756,54557110.454710074
1995-02-10,1.9217385934344229,1.9601734720419552,1.9107569454064528,1.943701,40827423.758078024
1995-02-13,1.9491911778063655,1.9931168658653733,1.9327187112254618,1.954682,37518575.166906945
1995-02-14,1.9711550685994383,1.9821367212961651,1.921739410445651,1.938211,31511963.741408963
1995-02-15,1.9436999271796636,2.009588,1.9436999271796636,2.009588,50081289.7077411
1995-02-16,2.0095885326836065,2.031551822438798,1.9876261324185234,2.026061,51122771.99432792
1995-02-17,2.020569461478612,2.0260602819714824,1.998607068996922,2.004097,23372949.48298411
1995-02-21,2.020570177561202,2.0425325778262846,2.0095885326836065,2.026061,30421024.07459598
1995-02-22,2.0150796568797773,2.0754769337708048,2.004098010357685,2.069987,45458846.102511756
1995-02-23,2.091949258212949,2.116657516425897,2.042532741787052,2.067241,47656962.3423684
1995-02-24,2.067240286090262,2.067240286090262,2.001352213269926,2.009588,38558730.18668504
1995-02-27,2.0178245799351107,2.0754768886884443,2.001353,2.001353,34920226.46679521
1995-02-28,2.0260611626385394,2.0754767895742567,2.0013529044255907,2.067241,25910572.735738114
1995-03-01,2.0837123661977306,2.0919490444203968,2.0507692112674234,2.059005,27371637.19466441
1995-03-02,2.0754782048098863,2.083714,2.026062544178415,2.083714,16470097.527779723
1995-03-03,2.0837124412379344,2.17430878902917,2.0590050741504236,2.166073,49851930.852745965
1995-03-06,2.149601790441005,2.1578375808820107,2.100185268814426,2.141366,31044296.747403298
1995-03-07,2.133128788388243,2.157837043043022,2.108420533733464,2.124893,34023989.300167106
1995-03-08,2.1248935296277156,2.141366,2.11665773918671,2.141366,20220119.925692294
1995-03-09,2.149601211776039,2.174308576447921,2.124892957614123,2.157837,51190230.65375189
1995-03-10,2.14960163051516,2.174309,2.1413658406868805,2.174309,29329159.320041444
1995-03-13,2.182545,2.2154890385494745,2.1743083232451834,2.182545,33882339.72357958
1995-03-14,2.215489253683876,2.2319608298131155,2.190781,2.190781,27962989.50301285
1995-03-15,2.2072535083238316,2.2072535083238316,2.149601211776039,2.157837,27471471.369524207
1995-03-16,2.1578369582515045,2.190781,2.1578369582515045,2.190781,22187095.559802644
1995-03-17,2.199017,2.2237252560651917,2.1743087439348083,2.199017,32794968.623525877
1995-03-20,2.207253212878417,2.2813770759524976,2.1825449620237514,2.215489,23006444.096088946
1995-03-21,2.2484342085905724,2.281378263718661,2.196955842457166,2.25667,52436767.3403732
1995-03-22,2.1825456793184874,2.199017258975047,2.14960163051516,2.174309,98059764.22891133
1995-03-23,2.1825455623390857,2.1825455623390857,2.0754767423492586,2.100185,60526807.88501965
1995-03-24,2.1001845353802904,2.1413652521845834,2.0837120707605803,2.116657,66698897.66740668
1995-03-27,2.116657421589493,2.141365678695393,2.1001849536888466,2.133129,62607102.094247475
1995-03-28,2.133128745838084,2.157837,2.116657169390163,2.157837,49198527.61890727
1995-03-29,2.1578375202377686,2.1825457803566533,2.0754769496715704,2.108421,48102157.47613973
1995-03-30,2.1248933060001534,2.1331290955744096,2.0342969522127956,2.067241,47425818.699996755
1995-03-31,2.0260609555796036,2.1001848331529738,2.017824277356938,2.059005,23980480.803106353
1995-04-03,2.050768920501086,2.133128575129747,2.0342964558813765,2.116657,38434610.206566304
1995-04-04,2.075477,2.19078162369066,2.0425329488727066,2.075477,69969511.8700906
1995-04-05,2.075476577465154,2.075476577465154,2.0260609555796036,2.059005,48096320.05653216
1995-04-06,2.0425329435100275,2.0590054137755605,1.9272292096123673,1.935465,57677528.20826003
1995-04-07,1.9766451520993005,2.0507699457090496,1.9601735687351836,2.017825,83608321.5533557
1995-04-10,2.009589208317942,2.0260616811724663,1.9848818332717666,2.017825,37144414.06603644
1995-04-11,2.04253132664225,2.050768,2.0260597589058778,2.050768,30913010.25801066
1995-04-12,2.0754769496715704,2.116657679699794,2.0590053692524792,2.108421,22729422.87711989
1995-04-13,2.1248934699093387,2.1496017300282233,2.0590053692524792,2.108421,25894831.385192994
1995-04-17,2.116656619352996,2.124892405436794,2.0507685517030025,2.054886,40425870.974837534
1995-04-18,2.0672410485610855,2.083712628096528,2.0178245309743565,2.034297,42830825.986176066
1995-04-19,2.026061045888838,2.034296834988515,1.9519362755213565,1.993117,58554444.09314656
1995-04-20,2.0095888403606392,2.026061310199041,1.9519365301615978,1.968409,38225039.801382735
1995-04-21,1.976646,1.9848826847056686,1.960174409570241,1.976646,70667848.1451914
1995-04-24,1.9848820735570805,2.0178252442733395,1.9601738060293707,2.005472,61947821.889310844
1995-04-25,2.009588625245042,2.0342968826126375,1.9519363212173684,1.960173,62971355.0434579
1995-04-26,1.9601725021851382,1.9766440765869018,1.902520212799118,1.910756,60183256.258360565
1995-04-27,1.9107563553631717,2.1001848331529738,1.8448682665223788,2.059005,168792886.94005114
1995-04-28,2.067240286090262,2.0919485357703564,1.9766439635898316,2.009588,74238956.54890457
1995-05-01,2.0178244980959668,2.0260611772196806,1.9684088708046155,1.980763,55686280.49130563
1995-05-02,1.9848818132328774,1.9848818132328774,1.9601735489457432,1.964291,49307783.51089528
1995-05-03,1.9766448466181206,2.1084210511272925,1.9684090562088647,2.075477,102929962.35641254
1995-05-04,2.1001848791984994,2.1496013916575714,2.026061,2.026061,77421884.01435101
1995-05-05,2.0590057373911077,2.075477320755225,2.009589208317942,2.017825,34094577.91552785
1995-05-08,2.034297,2.0631227089321245,2.0178245309743565,2.034297,27276298.24651956
1995-05-09,2.0590044626563824,2.075476035822908,2.009587964177092,2.042532,40468589.639917515
1995-05-10,2.050768,2.0754753516045588,2.017823085548128,2.050768,25057067.463506356
1995-05-11,2.04253224344625,2.116657,2.0260606683165028,2.116657,42893345.17401733
1995-05-12,2.108421059255431,2.1907816321363054,2.100185268814426,2.141366,81417416.43418267
1995-05-15,2.1660735516961966,2.2484341314353977,2.1413661783157494,2.23608,63487142.00601052
1995-05-16,2.2401971903416142,2.3060852906757647,2.2319614001724064,2.260788,98946110.53190304
1995-05-17,2.2813767860751235,2.314320819865422,2.2649043244350735,2.273141,54367346.20298522
1995-05-18,2.273141768195575,2.2813775570539376,2.199017,2.199017,42494008.530175075
1995-05-19,2.1825455842237385,2.240197,2.174308905264128,2.240197,35571837.80462164
1995-05-22,2.2649046122194156,2.2649046122194156,2.199016536266918,2.215489,40132664.13040191
1995-05-23,2.2237251256419515,2.297849,2.211370998333935,2.297849,38228196.02106144
1995-05-24,2.4131539055441316,2.4872777894344424,2.396681437185082,2.479042,136322586.60046905
1995-05-25,2.4955143011587015,2.5366941350620142,2.4049179549793287,2.437862,63300985.227875896
1995-05-26,2.437862308453223,2.437862308453223,2.35550174073573,2.38021,37156563.77815403
1995-05-30,2.388446220512354,2.388446220512354,2.25667,2.25667,72669026.67239782
1995-05-31,2.2649057368762513,2.2978497912111306,2.1825460457842314,2.289614,55630057.86023322
1995-06-01,2.3060842880772934,2.363737462667055,2.3060842880772934,2.347265,43686613.94141692
1995-06-02,2.339029953728756,2.396681367585829,2.2731418611862675,2.371974,46411756.801550105
1995-06-05,2.437861320944155,2.437861320944155,2.3225567507443476,2.347265,48691280.33928849
1995-06-06,2.3472663174586277,2.355502108669758,2.2401974737525023,2.289614,38204798.68100038
1995-06-07,2.306084535565129,2.34726525190733,2.281377173147752,2.322557,34416577.61906382
1995-06-08,2.339029213411402,2.363737462667055,2.3225567507443476,2.347265,21422166.699200984
1995-06-09,2.3472661067723353,2.4296266799621784,2.3143220553944537,2.42139,42202597.35672485
1995-06-12,2.454334,2.495514730478001,2.396681688923004,2.454334,46145530.68734737
1995-06-13,2.487278262492785,2.4955149429839363,2.421390155505581,2.46257,48844150.79985543
1995-06-14,2.46257,2.470806680491151,2.429626835996732,2.46257,33782491.90301189
1995-06-15,2.46257,2.4955149429839363,2.437862626997549,2.46257,22122781.161144655
1995-06-16,2.4872777894344424,2.4955144683590498,2.4378621633376234,2.479042,29573795.24316248
1995-06-19,2.495515356319975,2.577875058950177,2.48727867446457,2.544931,44412392.07994244
1995-06-20,2.5614022116945305,2.5943462544064517,2.5202214911870966,2.569638,46351052.873284094
1995-06-21,2.6108176152387634,2.619053402863562,2.5202212828960664,2.561402,53857380.812539384
1995-06-22,2.5861115678115563,2.668471264932431,2.569639094693128,2.643763,80075510.95192724
1995-06-23,2.635526629524648,2.651999099026349,2.511986221477687,2.586111,88422331.88227421
1995-06-26,2.586110771986853,2.602582350546055,2.470806164111847,2.511986,45359468.11136687
1995-06-27,2.4955156829334233,2.5696396029000503,2.4708074131143483,2.487279,40729379.37657979
1995-06-28,2.4790416611006973,2.5366939582407215,2.4213893639606727,2.48316,47347578.90687672
1995-06-29,2.495515356319975,2.569639266585253,2.470807089734722,2.544931,48132724.19157926
1995-06-30,2.553166792364924,2.594347533170506,2.520222733414747,2.544931,30694426.279690884
1995-07-03,2.553166733979769,2.602583266020231,2.5366951496265893,2.577875,13596548.285700431
1995-07-05,2.586110938216328,2.6190540974522447,2.544930210191021,2.553166,43461299.2684377
1995-07-06,2.5614029478202345,2.6025827906723666,2.520222215477804,2.594347,44046798.56873425
1995-07-07,2.586111107875942,2.6684707903492817,2.586111107875942,2.660235,58776135.218429945
1995-07-10,2.668471415442943,2.734359532652116,2.660235623164414,2.684943,40616961.220852725
1995-07-11,2.6849417047467035,2.6849417047467035,2.569638,2.569638,41057233.0732967
1995-07-12,2.6025816730381157,2.7096495742712974,2.594345885902467,2.693178,41263649.33947923
1995-07-13,2.693179681769001,2.7755393835352318,2.643763149116885,2.684943,36504044.76370634
1995-07-14,2.660234296653687,2.701414127002714,2.6190535768146317,2.68906,32941122.518054634
1995-07-17,2.709650229388138,2.783775,2.701414440261309,2.783775,46262907.86863162
1995-07-18,2.783775908290161,2.783775908290161,2.6355272081859966,2.643763,59786141.26243541
1995-07-19,2.5037504200635783,2.6272908275476268,2.4049182719743847,2.520222,110377379.69385238
1995-07-20,2.5202222093476663,2.553166261447299,2.4872781572480327,2.528458,62730307.72747658
1995-07-21,2.5037512804603925,2.5778751946269027,2.5037512804603925,2.532577,34901327.24762169
1995-07-24,2.553166396951472,2.5943471313793203,2.5284581341928316,2.581993,30612136.71671457
1995-07-25,2.6190540622267715,2.6849421587928415,2.58611090343393,2.651999,48753319.974555045
1995-07-26,2.684941972517518,2.783775,2.6684703942638586,2.783775,55885049.47274834
1995-07-27,2.80024571490677,2.899077822428083,2.792009928319125,2.857898,45532166.18829643
1995-07-28,2.8496637887353105,2.8496637887353105,2.7673032088595266,2.775539,31586627.145213954
1995-07-31,2.783775259170973,2.783775259170973,2.717887161041855,2.759067,19230340.847250175
1995-08-01,2.767303376504648,2.767303376504648,2.627291360673176,2.676707,34237581.32137735
1995-08-02,2.709650134532576,2.7837749025495837,2.5861106334844313,2.610818,54996902.14024877
1995-08-03,2.5531675885642935,2.610819932078473,2.489335063259842,2.59023,80676723.52045958
1995-08-04,2.586111107875942,2.6684707903492817,2.569638637687115,2.660235,25179814.687499408
1995-08-07,2.660235340446822,2.7178876592504433,2.6437628681499112,2.656117,17617728.533343975
1995-08-08,2.6684703851797615,2.6767061742785545,2.6190538716067455,2.631408,14331356.35021251
1995-08-09,2.676706738009777,2.709650790833302,2.65199936550987,2.701415,26311697.36897145
1995-08-10,2.70141453169865,2.742594368216783,2.6931787422930555,2.717887,25765321.519253746
1995-08-11,2.726122038032511,2.7343578251681597,2.6355257110706267,2.693178,20286683.039294098
1995-08-14,2.6849422224870816,2.7673027898935865,2.6602348528063233,2.759067,32327280.885023814
1995-08-15,2.7673032633987313,2.7837757354946744,2.6849426818997495,2.742595,27861796.974179562
1995-08-16,2.7425942305986073,2.816719,2.734358441606269,2.816719,35532716.3277558
1995-08-17,2.8167202806755958,2.84966434111371,2.800247805711278,2.845546,29951527.71327541
1995-08-18,2.8743702474023816,2.890841819344109,2.808482180655891,2.849662,43628156.738307916
1995-08-21,2.8990792883699146,2.9237875501166304,2.7837755493690852,2.787893,35077616.64841513
1995-08-22,2.792010743532869,2.824954788992338,2.726122652613931,2.816719,36049416.84108354
1995-08-23,2.8167192103924967,2.8578990479201973,2.7837751624723,2.824955,28611895.304526974
1995-08-24,2.8331900391944727,2.8331900391944727,2.7508294964633175,2.800246,39464864.20578764
1995-08-25,2.816719,2.849663045459469,2.800246532525207,2.816719,23759229.69639499
1995-08-28,2.816719926067066,2.833191509467187,2.7178877571951143,2.730241,32352456.752645645
1995-08-29,2.7014152644086136,2.709651056048017,2.5614032485771414,2.676707,77339564.07451396
1995-08-30,2.6849414011085737,2.709649652720787,2.5861101736396064,2.62729,54189258.04277412
1995-08-31,2.6355272081859966,2.676707056746434,2.619054735067569,2.643763,31714338.135150544
1995-09-01,2.6437624195303853,2.6437624195303853,2.569638530498299,2.586111,46175212.25469441
1995-09-05,2.586110560815284,2.932022577214198,2.586110560815284,2.915551,110509158.8212314
1995-09-06,2.783774349011335,2.9237862893860207,2.7673018851196476,2.866134,75422551.99763861
1995-09-07,2.874371421331077,2.9320228361624614,2.841426485012923,2.890843,36775224.38956387
1995-09-08,2.890843,2.9155512574935383,2.841426485012923,2.890843,27324866.829502676
1995-09-11,2.8826078380071674,3.0226198451244266,2.8826078380071674,2.98144,66330568.027798645
1995-09-12,3.0143853414926984,3.030857820272353,2.923788931931419,2.956733,32267452.73191729
1995-09-13,2.956730248702239,3.0885063983561696,2.948494461721343,3.030855,45802880.97239888
1995-09-14,3.0555652042057426,3.0967459564095146,2.923788931931419,2.956733,57883908.64268096
1995-09-15,2.5531658838903106,2.6025823994772943,2.4049181161096893,2.479042,432796691.0729225
1995-09-18,2.5366943259943135,2.619054,2.5037502784940044,2.619054,125628819.20204775
1995-09-19,2.627291416371994,2.693179529864862,2.619054735067569,2.643763,79932058.03001253
1995-09-20,2.6767059590732547,2.7096500023098775,2.6190536610366504,2.623172,63125607.26875707
1995-09-21,2.619053402863562,2.6272900799783305,2.536693747635634,2.561402,49091953.26778069
1995-09-22,2.544930476985203,2.6025827906723666,2.520222215477804,2.594347,32316035.43458142
1995-09-25,2.610819058196821,2.619054850373411,2.5202226757829487,2.577875,32714010.19149493
1995-09-26,2.610818574994231,2.6355268364415294,2.528458,2.528458,43935723.827249646
1995-09-27,2.503751148684899,2.561403474220329,2.396682289978963,2.544931,94406406.56646487
1995-09-28,2.569638530498299,2.5943467900057366,2.511986221477687,2.586111,56129228.31664999
1995-09-29,2.586111203037228,2.6272910457891956,2.5119864186953316,2.528458,49559169.098636396
1995-10-02,2.5449304926735565,2.5614029636101336,2.4625699169712774,2.481098,24846139.305742864
1995-10-03,2.503751148684899,2.561403474220329,2.470807089734722,2.544931,59195237.17916124
1995-10-04,2.511986791875843,2.5614033221117554,2.470806943006201,2.503751,43447347.79536783
1995-10-05,2.503750943746379,2.536695,2.4460986229299415,2.536695,63769096.85397733
1995-10-06,2.5531671265238014,2.5861120792763,2.4790432065571744,2.487279,55423632.50958176
1995-10-09,2.470805830325076,2.470805830325076,2.33902966169281,2.429626,69633158.40215738
1995-10-10,2.3884454877239407,2.437862,2.3060849304272093,2.437862,87977145.05858001
1995-10-11,2.5531665833816057,2.5861115291256347,2.4543344146207446,2.536695,76815668.1168213
1995-10-12,2.5614022524901037,2.63552612739999,2.553165574563405,2.623172,67508792.85902716
1995-10-13,2.6437618303415737,2.693178338343485,2.5696379578287347,2.602582,85053230.06306815
1995-10-16,2.6108167557694784,2.651997459316907,2.602580970855863,2.635525,42041634.65070526
1995-10-17,2.643761830820059,2.693178338830914,2.569637958293805,2.68906,78369849.89609751
1995-10-18,2.7261230586810496,2.849663469928434,2.6890606684597596,2.833191,165211029.6891385
1995-10-19,2.816718868244585,2.923786788607099,2.8084830796374862,2.915551,84740237.23707801
1995-10-20,2.923786705700055,2.9320224940736197,2.783774745389256,2.808483,74866717.16567272
1995-10-23,2.775538276058076,2.824954788992338,2.7590666980734,2.816719,45331138.85595262
1995-10-24,2.8414257489074313,2.8826064638916873,2.816718387304786,2.866134,51685352.23377553
1995-10-25,2.890843310514146,2.890843310514146,2.8084836293427227,2.833191,33648935.466758154
1995-10-26,2.8167192587367698,2.8578990969712534,2.71788711327989,2.792011,36037271.743270345
1995-10-27,2.7755372577928545,2.8661335719417274,2.767301471821991,2.849662,36808516.91295319
1995-10-30,2.890843418943999,2.9484957316205693,2.8661351578697136,2.907315,46282236.91509175
1995-10-31,2.9484948721252353,2.964966448379722,2.874371,2.874371,34972398.99205774
1995-11-01,2.8826076284159976,2.9484957316205693,2.8661351578697136,2.907315,42562803.36516683
1995-11-02,2.9237868656406376,3.030855678314188,2.9155510768165485,3.022619,64072663.7449179
1995-11-03,3.030855423735364,3.063798576264636,2.9886402271958006,3.047327,42404972.49189208
1995-11-06,3.0226195204332447,3.1296874620516055,2.964967209757877,2.973203,44253211.226276845
1995-11-07,2.95673152214857,2.964967312676571,2.8414268967954284,2.907315,58693389.92493073
1995-11-08,2.9320235279543505,3.0390923725251637,2.9073152646310576,2.948496,43154599.04439416
1995-11-09,3.0143836415305514,3.10498,3.0143836415305514,3.10498,63276693.068554394
1995-11-10,3.080271740510109,3.1791038889794456,3.0473276910203304,3.10498,47565221.940495595
1995-11-13,3.096743074826965,3.170866936634826,3.0143825365483083,3.030855,42469734.636332
1995-11-14,2.997910322843033,3.1132149081408316,2.98967453517604,3.006147,49041137.37884409
1995-11-15,3.047328154250506,3.0967446807421877,2.9979116277588242,3.088508,56277619.40872421
1995-11-16,3.0802723605631686,3.1873403205849735,3.0555640960995514,3.129688,62957846.08791675
1995-11-17,3.146159741281385,3.212047838204227,3.12145148256277,3.170868,56613552.47774426
1995-11-20,3.195576351529357,3.2038130332942676,2.997912,2.997912,33894460.896784164
1995-11-21,2.9979107440376347,3.0473272559623656,2.973202488075269,3.022619,54159118.8806793
1995-11-22,3.0390929377142677,3.0390929377142677,2.932024073231541,2.952614,38253358.39496798
1995-11-24,2.9814396797323757,2.989675469974499,2.9073148990825084,2.973203,22472196.809165064
1995-11-27,3.0226187027950164,3.0637985323564707,2.9732021957292614,2.993793,61225645.381494306
1995-11-28,2.9979100006577655,3.1049787867818934,2.9814384270939787,3.096743,55771292.30807982
1995-11-29,3.129686617609833,3.154394871159756,3.0555627464500783,3.080271,38975142.53908178
1995-11-30,3.080272377195516,3.088508168897724,2.973203527105174,2.989676,39222008.044885136
1995-12-01,2.997910404733727,3.0143828700076476,2.890842493668236,2.940259,51406086.746507704
1995-12-04,2.932022366167807,3.0473269563278937,2.857898495059186,2.993793,66416035.31453243
1995-12-05,2.973202789659479,3.080271613193461,2.915551372552937,2.964967,64291209.40340989
1995-12-06,2.95673087757337,2.9732024550385234,2.816718911159207,2.882607,56845602.47983856
1995-12-07,2.989674876444042,2.997910665051141,2.8496629121630566,2.915551,49751651.231894076
1995-12-08,2.9814386695617228,3.0802707874516746,2.940258842813397,3.072035,75566902.09063374
1995-12-11,3.121451088607164,3.1379235555039973,3.055563,3.055563,50370881.83552426
1995-12-12,3.072036921713342,3.072036921713342,2.9237882073964236,2.932024,39337125.835259184
1995-12-13,2.9237858527173546,2.9567298860906,2.8331895385684818,2.849662,58151089.02711971
1995-12-14,2.8661349370872626,2.9073147760454074,2.6437623835289368,2.759067,123044861.25722934
1995-12-15,2.8414255373348527,2.9155502850932304,2.8249539641595627,2.857898,137248557.714656
1995-12-18,2.8578989778557484,2.8578989778557484,2.6272906480679783,2.717887,93583497.15407595
1995-12-19,2.767303254949673,2.948496,2.7425949916263805,2.948496,90988281.94374351
1995-12-20,3.01438372176153,3.01438372176153,2.8249552097809074,2.833191,57959488.634546705
1995-12-21,2.849663045459469,2.882607090918938,2.7837749545405313,2.816719,63814986.72306325
1995-12-22,2.816718868244585,2.9484950439184714,2.816718868244585,2.915551,46588490.58719947
1995-12-26,2.94025946789525,2.948495257097805,2.899078742902194,2.923787,18504083.70732889
1995-12-27,2.932022076586902,2.940258753277708,2.8496624255982366,2.866134,33760022.69342605
1995-12-28,2.8496633072223965,2.8496633072223965,2.7837752102511435,2.792011,58448311.27055015
1995-12-29,2.8002467897488574,2.8167192587367698,2.750830272275318,2.792011,51568865.033124864
1996-01-02,2.8167179666267543,2.8578977859708634,2.7920097192243727,2.849662,51268491.76190019
1996-01-03,2.8002466730362654,2.8578989778557484,2.717887,2.717887,62415530.15559514
1996-01-04,2.742595324930645,2.742595324930645,2.6108190905122983,2.684943,145929837.48913848
1996-01-05,2.6437622916938244,2.833190789607504,2.6190540333811305,2.824955,94192382.97360489
1996-01-08,2.8661346702485595,2.874371348865521,2.7755383213830385,2.783775,14157773.712315112
1996-01-09,2.7920109828303503,2.7920109828303503,2.6025824828303508,2.651999,108003888.90372886
1996-01-10,2.610818632362727,2.8002471584705746,2.6025828415294248,2.701415,140039748.37927532
1996-01-11,2.7425945307226134,2.783775259170973,2.6849422224870816,2.759067,68695977.78843355
1996-01-12,2.7673022791520765,2.808483,2.7425940245413325,2.808483,68858780.37132503
1996-01-15,2.824953389951208,2.833189174864823,2.602580970855863,2.635525,78464317.07215829
1996-01-16,2.660235509815391,2.759067681418047,2.6190547711964594,2.750831,88268515.32791363
1996-01-17,2.709650185139138,2.9155511363784066,2.7014143961468005,2.816719,89390537.89320128
1996-01-18,2.849664294983218,2.932024,2.849664294983218,2.932024,63920187.52042957
1996-01-19,2.956732149137335,3.0308569480786978,2.9320238828235476,2.997912,71760633.81713672
1996-01-22,2.981438499134826,3.055562360942687,2.981438499134826,3.030855,57889808.552108236
1996-01-23,3.0143829579807035,3.113215084038593,2.997910492226043,3.047327,75650089.58342837
1996-01-24,3.0967440206040915,3.236756,3.047327504646611,3.236756,99522628.64163995
1996-01-25,3.2532288334218724,3.261464623841933,3.1132159488294864,3.14616,64570464.53060239
1996-01-26,3.121452,3.1791043167369524,3.063799683263048,3.121452,61553450.56108503
1996-01-29,3.1296873699996643,3.1708680989795575,3.10498,3.10498,24742711.45849571
1996-01-30,3.121452,3.146160262814458,3.088507946077505,3.121452,29013468.3681825
1996-01-31,3.14616,3.170868260750453,3.0802718976589722,3.14616,55217242.499555014
1996-02-01,3.137923,3.162631251226126,3.0967431742830756,3.137923,37209190.28975536
1996-02-02,3.1461598511639335,3.2697002595815743,3.137924061133485,3.244992,70728601.56055854
1996-02-05,3.2449908851196474,3.360295463891687,3.228519310717884,3.343823,68931640.9169983
1996-02-06,3.352059625046627,3.360296303796187,3.2532283749533732,3.302644,80576946.62858
1996-02-07,3.294408784719794,3.302644575414115,3.191458287824725,3.220284,56544742.4885507
1996-02-08,3.2120478541258426,3.31088,3.1708680157174935,3.31088,69046741.42246169
1996-02-09,3.30264409494986,3.39324044787846,3.228520210503811,3.236756,102786970.5013291
1996-02-12,3.2367570172153894,3.319117606531256,3.2285212251309385,3.290291,46575879.43777617
1996-02-13,3.2202836439094713,3.34382404862472,3.2120478541258426,3.31088,63473661.486493014
1996-02-14,3.319116042442546,3.385004127050187,3.2779353224452468,3.37265,62403397.4774732
1996-02-15,3.360296592532886,3.5003085799341633,3.360296592532886,3.483837,89347806.21424022
1996-02-16,3.475601470659615,3.5085446329982672,3.4344207387557217,3.459129,67757007.30409303
1996-02-20,3.376768160816449,3.4756011980413226,3.368532370877783,3.417948,46944192.41860906
1996-02-21,3.442656478244878,3.492073,3.40147663644246,3.492073,38028071.722899266
1996-02-22,3.525017156963668,3.5991410523271252,3.525017156963668,3.566197,70282497.55703345
1996-02-23,3.582669523967694,3.5909053147988708,3.4550107633780294,3.533253,60466538.04208189
1996-02-26,3.557961417617141,3.6238495261292845,3.5250173633610693,3.574433,56838390.37676746
1996-02-27,3.5909044745150585,3.5909044745150585,3.4756007613890922,3.487954,61447338.816050895
1996-02-28,3.5003073612993574,3.574431224177255,3.459127536310515,3.4756,45758810.10933364
1996-02-29,3.426184,3.492072085423843,3.368531702881627,3.426184,50546265.65905392
1996-03-01,3.4344202848495797,3.4344202848495797,3.22028353151745,3.236756,89659000.8209454
1996-03-04,3.2861721584234562,3.2944088387431476,3.162632627511872,3.18734,53375735.725589365
1996-03-05,3.1708688100133746,3.42618547318378,3.146160544982917,3.409713,73786066.8789426
1996-03-06,3.327352304616578,3.3602963516131714,3.1873394377634368,3.2697,131647999.58087899
1996-03-07,3.3108810591636515,3.3108810591636515,3.269701207581709,3.277937,66573393.27570969
1996-03-08,3.1955742203624773,3.277934756651047,3.096743,3.096743,79824179.83978651
1996-03-11,3.1626324750441475,3.294408679922608,3.1296875343342596,3.286172,63068480.61124007
1996-03-12,3.261464571345753,3.2779361519207497,3.129687479294497,3.179104,77161047.551763
1996-03-13,3.2285201636267975,3.302644046996593,3.2120476953834216,3.2697,67480454.3178885
1996-03-14,3.2861717248698743,3.294408404102878,3.154395531024191,3.170868,84112899.92014804
1996-03-15,3.195575738426735,3.2779363138408506,3.1708683663437713,3.220284,119268754.15584464
1996-03-18,3.269700161591652,3.327352469057461,3.269700161591652,3.31088,51444748.77712269
1996-03-19,3.3520601024392302,3.37676836322651,3.2532288382706573,3.286172,45993083.08195675
1996-03-20,3.286172,3.29852613039364,3.2120481071284344,3.286172,37180845.058627486
1996-03-21,3.2944073259934057,3.310878900088621,3.187338536414878,3.203811,46312835.79761728
1996-03-22,3.2449922615732643,3.2449922615732643,3.0802720002353348,3.220284,98654701.38285941
1996-03-25,3.2449909026599744,3.261463366640701,3.137923,3.137923,77197951.11938694
1996-03-26,3.1214512750433405,3.220283413857073,3.096743907457512,3.162632,54731579.22236922
1996-03-27,3.170868209712502,3.220283840927748,3.154395739647249,3.179104,27920710.553917076
1996-03-28,3.146159741281385,3.212047838204227,3.1296872723055755,3.170868,42896931.39733347
1996-03-29,3.1873396789793342,3.195575468979222,3.0885075305099976,3.10498,33548204.507855125
1996-04-01,3.129687845749494,3.1379245264916817,3.030856571746853,3.088508,56536194.44236505
1996-04-02,3.1296861471275736,3.1379228233993453,3.0720347501644416,3.096743,32124929.919467002
1996-04-03,3.0720350803158922,3.0720350803158922,2.9814387475090465,3.006147,99362109.30736256
1996-04-04,3.014384474039349,3.047328532627575,2.9896762077255614,2.997912,78727318.90195575
1996-04-08,2.899077605314973,2.9073133912858364,2.8331895385684818,2.849662,218012620.3318148
1996-04-09,2.8908434702612884,2.8990792609354883,2.6180198953828047,2.734359,436319092.6715914
1996-04-10,2.783773933253509,2.890841819344109,2.783773933253509,2.849662,164636403.42244098
1996-04-11,2.8661347425064614,2.9320228361624614,2.7878925201036924,2.890843,104285808.6724184
1996-04-12,2.907314789932926,2.9155514693560716,2.833190901556151,2.899079,57443239.88990986
1996-04-15,2.899079393970087,2.9320234476689397,2.8496637581669773,2.862017,41577517.330470085
1996-04-16,2.973202822142685,3.0473275983584003,2.95673124264377,3.018501,92905351.99133608
1996-04-17,3.0267373769483736,3.113215384406302,3.0143832488129396,3.076153,63948546.89373383
1996-04-18,3.1255688743869365,3.162631251226126,3.1008606231608113,3.137923,44226245.572756246
1996-04-19,3.2367558817377646,3.2491100102757486,3.1379237429240323,3.162632,56677862.74419534
1996-04-22,3.2244005049780524,3.2985243580211794,3.208952735717375,3.273817,60965736.0171323
1996-04-23,3.298525362413567,3.3850042550345734,3.28617123489628,3.360296,47003560.38801344
1996-04-24,3.409711871573307,3.4653050047483616,3.3710982155051097,3.422066,65678974.928478874
1996-04-25,3.43442038808214,3.43442038808214,3.3108799839652057,3.397358,37647632.40047119
1996-04-26,3.3602958729498136,3.4714821269114617,3.3602958729498136,3.37265,30617543.79434569
1996-04-29,3.3726508697638398,3.434420631454379,3.34794260929152,3.385005,22324696.36694776
1996-04-30,3.409711881281067,3.4220660097429336,3.2985256146144004,3.335588,26914295.170746505
1996-05-01,3.3355876188494404,3.3973573646103414,3.2985252376988803,3.37265,23763279.235141505
1996-05-02,3.372650395498987,3.372650395498987,3.2367558715010873,3.24911,33084121.80073928
1996-05-03,3.3047031284801465,3.3479421334155908,3.236755866584409,3.292349,32841286.105452366
1996-05-06,3.2985252376988803,3.385004127050187,3.2985252376988803,3.37265,29384927.39513439
1996-05-07,3.385004776523271,3.385004776523271,3.28617174115891,3.31088,32760338.363214612
1996-05-08,3.3108797530044254,3.3108797530044254,3.1626319899977493,3.24911,51714570.10959925
1996-05-09,3.2861716131817276,3.323234,3.2614642447930478,3.323234,21271061.43124439
1996-05-10,3.3587439677647244,3.372650255975668,3.3108796160364986,3.347942,32580913.5210825
1996-05-13,3.3602969718580646,3.4591291310903225,3.3355887096774195,3.446775,35187341.79051432
1996-05-14,3.471482,3.5208976169041644,3.4591278734014588,3.471482,44445693.64092915
1996-05-15,3.4714836625761447,3.4961919276066022,3.397358867484771,3.409713,32920871.513936806
1996-05-16,3.372650975135315,3.483837261244278,3.3479427138910363,3.459129,40751878.2987278
1996-05-17,3.496190253197082,3.545605870101246,3.446773746802918,3.471482,31419352.69190507
1996-05-20,3.4961917575759727,3.557961527657637,3.4961917575759727,3.508545,34173725.335374065
1996-05-21,3.544056124517169,3.557961527657637,3.4961917575759727,3.508545,31529964.31466605
1996-05-22,3.4961905132000877,3.5332520062618817,3.298525362413567,3.360296,64400044.73701126
1996-05-23,3.4344200064247383,3.4344200064247383,3.3108796160364986,3.347942,68133417.17269892
1996-05-24,3.397358284052485,3.397358284052485,3.286172,3.286172,35108647.017624155
1996-05-28,3.3232326055321533,3.3232326055321533,3.261462876244513,3.273817,34648626.877311714
1996-05-29,3.2985257554566796,3.2985257554566796,3.2120477420212605,3.236756,33212283.792167213
1996-05-30,3.2491104983093533,3.335588521574559,3.2120481071284344,3.286172,31957628.859353676
1996-05-31,3.33558672928764,3.347940853043127,3.236754628733539,3.273817,49736826.97059732
1996-06-03,3.2738186499080197,3.2738186499080197,3.1873397400367915,3.212048,53525039.07475854
1996-06-04,3.24910987198783,3.2738181280121705,3.1996933599391495,3.261464,45793426.9940125
1996-06-05,3.273817996869059,3.360296,3.236755614317199,3.360296,37741174.756985694
1996-06-06,3.372650395498987,3.409711891505588,3.2367558715010873,3.24911,40286450.12424941
1996-06-07,3.199693353636093,3.347942,3.162631859162691,3.347942,38119817.21929471
1996-06-10,3.360296393521356,3.3973578909233897,3.2614642512989827,3.279995,27981422.227777787
1996-06-11,3.3108796160364986,3.3973576224612363,3.286171360060831,3.347942,34987235.97696734
1996-06-12,3.397358867484771,3.4467753975456867,3.372651491944738,3.409713,45050513.04200676
1996-06-13,3.4097121293607136,3.4220662587214266,3.335588242686632,3.397358,29047650.05466012
1996-06-14,3.3973576224612363,3.3973576224612363,3.298525488048665,3.347942,31269150.747055948
1996-06-17,3.3973576224612363,3.3973576224612363,3.3108796160364986,3.347942,27321720.63721534
1996-06-18,3.3602965176821806,3.3726506471027253,3.273818501228568,3.31088,32524248.07301986
1996-06-19,3.323234113325919,3.4097121293607136,3.2985258546044927,3.397358,51287355.49871399
1996-06-20,3.434420868909678,3.5208988970516133,3.3108804474967743,3.446775,70305430.4385984
1996-06-21,3.7679801323772173,3.7803342647544347,3.5950240580770028,3.755626,157785174.06813142
1996-06-24,3.743271,3.767979259027506,3.693855371435198,3.743271,47078202.29280754
1996-06-25,3.743270742671048,3.829748753832229,3.7185624853420975,3.767979,46368135.83196722
1996-06-26,3.7679788801387897,3.7679788801387897,3.681500871728516,3.693855,38817294.58053984
1996-06-27,3.693855566174492,3.903874,3.6567931756793124,3.903874,57044807.02276764
1996-06-28,3.9162267439431573,3.9903506092057297,3.8421028786805858,3.897696,60229124.045076884
1996-07-01,3.903874394237975,3.9532909198886093,3.854457868587341,3.866812,30407075.38654582
1996-07-02,3.8421046575599997,3.879166162605647,3.7679798684879997,3.780334,36067844.79889873
1996-07-03,3.7679798684879997,3.780334,3.7309183634423526,3.780334,26836041.471467867
1996-07-05,3.7185616135830304,3.730916628841212,3.6444377484635155,3.669146,15843686.787061622
1996-07-08,3.6691463650137264,3.7803326184989907,3.6197307465147355,3.730917,55463690.93925166
1996-07-09,3.792687005417279,3.817395261105099,3.68150074431218,3.706209,33155625.194693554
1996-07-10,3.7309162666453086,3.792686,3.6691456438007646,3.792686,40289161.11568424
1996-07-11,3.7432712607486325,3.7679795214972653,3.6320849768700563,3.718563,69815715.83485341
1996-07-12,3.7556248827214262,3.780333140125285,3.6197312459805033,3.681501,32843983.690782644
1996-07-15,3.6830419942976995,3.706208762174962,3.5085436188465398,3.545606,56895072.67406475
1996-07-16,3.508544224889257,3.6320846272503107,3.2861716785373973,3.582669,117429963.4932504
1996-07-17,3.68150074431218,3.74327049404164,3.5579603553631713,3.706209,74314487.40046771
1996-07-18,3.7185636028683473,3.7679801323772173,3.68150209522711,3.755626,43099733.67145717
1996-07-19,3.7185616135830304,3.730916628841212,3.6444377484635155,3.669146,35968029.0727052
1996-07-22,3.656793,3.669147129571544,3.607376481713824,3.656793,28025940.73462731
1996-07-23,3.68150141133225,3.73091793166125,3.54560686991775,3.557961,47571516.38255731
1996-07-24,3.409712677436504,3.644439394039534,3.409712677436504,3.607377,55508640.985402964
1996-07-25,3.607376216851966,3.7803331286644752,3.607376216851966,3.767979,59523087.60669845
1996-07-26,3.7556248713355243,3.805041385993426,3.7185624853420975,3.767979,32854326.794177998
1996-07-29,3.730917,3.829748236997982,3.730917,3.730917,24896512.952177707
1996-07-30,3.755625736976,3.780334,3.6691477058823527,3.780334,18890367.888128404
1996-07-31,3.7926881010143947,3.8668120000000004,3.7803339696017364,3.866812,35150915.519244276
1996-08-01,3.866811869005857,3.9409357654804014,3.842104496507885,3.879166,37886415.85732604
1996-08-02,3.916226,3.9532883703357293,3.891517753109514,3.916226,41850509.32116788
1996-08-05,3.9285802243738854,3.9409334586467213,3.7926857524747373,3.817394,22550005.75942646
1996-08-06,3.8050413644407977,3.9532900180846418,3.7679789786573012,3.940935,31989561.91665176
1996-08-07,3.965644544087573,4.150955643650558,3.9409362788804514,4.132424,68227378.1128945
1996-08-08,4.089183755013608,4.163307638927969,4.027414,4.027414,41136823.59012507
1996-08-09,4.015060111644815,4.138600518563602,3.9656435930812126,4.089184,47455946.26585646
1996-08-12,4.10153826006751,4.150954780202531,4.015060239321472,4.07683,31236767.47335552
1996-08-13,4.039768258594751,4.076829756996683,3.9532902430033174,4.01506,35980160.58439973
1996-08-14,4.027414129297375,4.076829756996683,3.977997612107875,4.01506,25416806.352084402
1996-08-15,4.015059771566993,4.015059771566993,3.928581760895644,3.940935,31046549.780191757
1996-08-16,3.9779986404739143,3.9779986404739143,3.903874735017831,3.928583,32371793.154121984
1996-08-19,3.9532883703357293,3.9532883703357293,3.8791636296642715,3.916226,25905188.257061772
1996-08-20,3.9038725016941926,3.9162266271177404,3.7803321369486262,3.854456,42266021.66469146
1996-08-21,3.743271,3.7556251295137533,3.65679298289394,3.743271,74696718.77510338
1996-08-22,3.743270742671048,3.767979,3.7062092461677705,3.767979,35664475.96316222
1996-08-23,3.767979223614145,3.8791654987027266,3.7432709648188593,3.842104,39556590.923618935
1996-08-26,3.829748753832229,3.829748753832229,3.767979,3.767979,19915229.012263607
1996-08-27,3.7926881315119996,3.8297496365576467,3.755625736976,3.780334,23812737.181423653
1996-08-28,3.792687136681759,3.792687136681759,3.6567926151855463,3.693855,42696370.833181046
1996-08-29,3.6814999876432175,3.7062082382526818,3.595022,3.595022,41282087.353012025
1996-08-30,3.5579608886841796,3.5826691480756465,3.4714828703042664,3.483837,66337322.804941796
1996-09-03,3.4344202049417127,3.6938551287019292,3.4097119475378537,3.681501,48095417.324509755
1996-09-04,3.6691473679930056,3.7309180198645873,3.6073767161214243,3.718563,41334684.816150755
1996-09-05,3.7062095182861765,3.780333406225227,3.644438870428456,3.656793,50789091.693295196
1996-09-06,3.68150074431218,3.730917255687819,3.656792488624361,3.706209,32516157.698500007
1996-09-09,3.7185622383538206,3.730917255687819,3.632084232936541,3.706209,24304261.813837267
1996-09-10,3.730917255687819,3.74327049404164,3.656792488624361,3.706209,24637486.437381163
1996-09-11,3.6814997327571697,3.6814997327571697,3.557959377752986,3.61973,40900298.331090994
1996-09-12,3.6444383607804514,3.74327049404164,3.570314483207081,3.706209,81097699.5752803
1996-09-13,4.015061183705992,4.163309,3.9532914084985644,4.163309,154490696.4604357
1996-09-16,4.150955395595893,4.175663659326487,4.064477362029189,4.113893,73364705.88807245
1996-09-17,4.175663659326487,4.175663659326487,4.101538868134703,4.113893,53344702.93709632
1996-09-18,4.1015379528636595,4.3486187560519936,4.07682969464679,4.286849,79206720.42612185
1996-09-19,4.2868497581968805,4.336265393880373,4.206548349534577,4.299203,46135183.5803985
1996-09-20,4.311555121261942,4.398034,4.225077132013806,4.398034,58364236.27193423
1996-09-23,4.360974445805097,4.373328579334658,4.237434,4.237434,29409195.548249245
1996-09-24,4.249788619605435,4.299204269885164,4.21272621477769,4.274496,36221630.67505503
1996-09-25,4.311557888915533,4.323912022379845,4.237433977620156,4.280673,28666748.19590284
1996-09-26,4.299203299906996,4.34861982852806,4.163308735689469,4.188017,48280228.80957741
1996-09-27,4.188016852010959,4.26214164232326,4.150955346345178,4.24361,35605557.00839615
1996-09-30,4.2374328809221575,4.26214114145599,4.2003704901214105,4.206548,22063423.074787214
1996-10-01,4.194194247674938,4.2559640150853735,4.175663495349877,4.212725,32428457.725771323
1996-10-02,4.225078340672654,4.373327,4.212724211604527,4.373327,77602655.7528399
1996-10-03,4.4103884977142025,4.447450884918584,4.348618741863746,4.373327,53004744.98760327
1996-10-04,4.410388356635277,4.496866367855741,4.398035117452482,4.472159,50182455.7289667
1996-10-07,4.496865494901206,4.583344378824094,4.4598040055670864,4.546282,45391854.99086946
1996-10-08,4.558637541726816,4.558637541726816,4.410388869889356,4.422743,30579761.76522127
1996-10-09,4.472158249917904,4.484512376518783,4.348617873399122,4.360972,30597308.59267154
1996-10-10,4.348618000751286,4.459804253925353,4.336263873788609,4.435096,27114413.103572056
1996-10-11,4.459805,4.496866497597973,4.422742612911854,4.459805,22709638.15682524
1996-10-14,4.472160623176683,4.5215762663137875,4.435098223706003,4.496868,22798220.613547027
1996-10-15,4.533929281505531,4.546283411616174,4.410388869889356,4.422743,33671869.8503621
1996-10-16,4.410387236044086,4.435095487112103,4.3733257489319834,4.398034,19459692.079233583
1996-10-17,4.435097285398543,4.459805546484949,4.311556869456797,4.323911,28441907.09910542
1996-10-18,4.336263372329959,4.422741361578095,4.311555121261942,4.398034,36255385.4554103
1996-10-21,4.39803347516741,4.459803205976334,4.237430751880504,4.262139,28978859.032706346
1996-10-22,4.225076858923082,4.237430983658572,4.101536501058036,4.150953,46140604.4219725
1996-10-23,4.150955493024602,4.2374335286210645,4.101538964403538,4.188017,44200139.80239335
1996-10-24,4.225078739531222,4.336265022150465,4.126246587146368,4.249787,27764216.29789916
1996-10-25,4.237432131625568,4.274493626382544,4.175662380703873,4.181839,15985338.008756435
1996-10-28,4.2250782576507415,4.286848901777596,4.175662631839418,4.20037,24966212.119027607
1996-10-29,4.212723246655091,4.249785625370111,4.0891828737616605,4.101537,23738997.2177747
1996-10-30,4.126245749136711,4.150954004587429,4.052120982784562,4.064476,29116007.66937731
1996-10-31,4.089183484127351,4.212723875460848,4.0397678612880155,4.181839,38229093.01663694
1996-11-01,4.237431623481219,4.385679363711757,4.22507749688034,4.360972,50451831.985896714
1996-11-04,4.398035629268966,4.435097130110642,4.348619108826395,4.422743,30532543.709819905
1996-11-05,4.459804123317026,4.472158249917904,4.2621398766829754,4.360972,80803606.62072583
1996-11-06,4.4103896035032,4.496867639172,4.360973964331199,4.447452,69265278.18625136
1996-11-07,4.459805,4.496866497597973,4.3733269862845,4.459805,59568055.42906023
1996-11-08,4.459805252343001,4.558637400679967,4.447451122614602,4.544732,51647110.59600434
1996-11-11,4.57099074858668,4.620407259048081,4.472158617153949,4.509221,32924482.137823805
1996-11-12,4.53392812621139,4.546282253174066,4.410387746074646,4.435096,25433449.90295588
1996-11-13,4.4598064900197905,4.533930399470682,4.385681691078428,4.496868,26374650.15650893
1996-11-14,4.509221955708034,4.731594520934998,4.472159565006785,4.682178,46831316.57617459
1996-11-15,4.731591863058483,4.7686533434509295,4.570989149725347,4.645113,44331482.74171156
1996-11-18,4.645113610177702,4.669821860011492,4.496865000664838,4.595698,26578380.01548405
1996-11-19,4.595700394057756,4.620408656762927,4.546283868647415,4.558638,29963675.553970285
1996-11-20,4.608051737373918,4.731593,4.55863612181346,4.731593,35953637.36441406
1996-11-21,4.743947893979429,4.892196571428572,4.64511573884343,4.669824,60073955.677987
1996-11-22,4.682176385478396,4.953965377921291,4.682176385478396,4.916903,44180375.29802805
1996-11-25,4.929257125973764,4.953965377921291,4.830424118183653,4.916903,49674760.003522545
1996-11-26,4.91690325322,4.95396563305,4.78100875,4.892195,39883528.76367357
1996-11-27,4.916904519163147,4.916904519163147,4.842780629908654,4.867488,24040736.258209575
1996-11-29,4.886018114408356,4.904549751429209,4.84278,4.84278,10622715.034752766
1996-12-02,4.830426212026575,4.916905131328903,4.768656444872394,4.904551,28899245.838895347
1996-12-03,4.929257125973764,5.040443370247684,4.893736234143086,4.916903,41844654.70870587
1996-12-04,4.904550312249336,4.9169044418458565,4.595699740806959,4.620408,86958123.53324641
1996-12-05,4.620407760533937,4.645115128956234,4.533928857840312,4.632761,50990108.24896859
1996-12-06,4.496865982894577,4.620407259048081,4.435096234307898,4.509221,49902749.202134915
1996-12-09,4.546282944473418,4.818072,4.521574686790972,4.818072,43924937.82234886
1996-12-10,4.9292585178488,4.966320016745195,4.830425482151199,4.879842,47664605.7985484
1996-12-11,4.8057186542719155,4.879842549907909,4.64511584265524,4.743948,58007152.72056101
1996-12-12,4.818072677449144,4.879842440850286,4.64511573884343,4.669824,44129992.90765562
1996-12-13,4.336264870198526,4.410388759517142,4.243609341432583,4.348619,254807970.24039125
1996-12-16,4.410388925678454,4.422743055945371,4.188016359854494,4.206548,75519657.4621281
1996-12-17,4.175664699440543,4.286851024433182,4.101539889785051,4.274496,77679067.1026479
1996-12-18,4.2868492797412685,4.299202520165642,4.150954740170777,4.175663,76390720.32776591
1996-12-19,4.237433797637459,4.249787930577035,4.126247490671726,4.163309,79091573.77364977
1996-12-20,4.188017944892525,4.348620809655492,4.076831619899886,4.274496,75546160.92002426
1996-12-23,4.286850057242129,4.311557432062262,4.150955493024602,4.188017,28689685.713692177
1996-12-24,4.200372079835108,4.286851024433182,4.15095642955538,4.274496,10864645.450598152
1996-12-26,4.286849614400655,4.360973510184682,4.2744945940312915,4.354796,29440230.863718987
1996-12-27,4.360974445805097,4.360974445805097,4.200371599411322,4.237434,29836856.103103902
1996-12-30,4.262139095640385,4.286847344314322,4.113890493086598,4.120068,31138298.458666217
1996-12-31,4.138599125482416,4.1880147379221615,4.113890874517584,4.126245,35539469.679575495
1997-01-02,4.163306235245626,4.2003686094520996,4.027412642134954,4.150953,61093444.83399354
1997-01-03,4.225078821854039,4.410389,4.212724691378938,4.410389,53225989.2612647
1997-01-06,4.447450126962677,4.459804253925353,4.408836475470361,4.435096,39874084.011620045
1997-01-07,4.422743,4.435097130110642,4.336264978715753,4.422743,36508101.0448041
1997-01-08,4.428920150511729,4.459805028537725,4.268317361592258,4.286849,46789049.43654419
1997-01-09,4.336263354221237,4.348617479703653,4.113890874517584,4.126245,91693450.67866789
1997-01-10,4.1138908632006705,4.1385991140975324,4.002704623654706,4.039767,134922271.508233
1997-01-13,4.07683126775091,4.0891854016263665,4.015061487864156,4.052123,60352750.93475692
1997-01-14,4.101539889785051,4.323912539770328,4.089185754842469,4.274496,73262157.0192135
1997-01-15,4.311556691660852,4.311556691660852,4.07683,4.07683,59148484.43422952
1997-01-16,4.138600650168775,4.225078670914813,4.058299249694492,4.07683,69001768.4184035
1997-01-17,4.07682874752332,4.18801499417841,4.052120495046639,4.101537,61559322.36144645
1997-01-20,4.138601101209409,4.237433262760311,4.1138928384490985,4.212725,43577314.00402352
1997-01-21,4.237431239851826,4.299200977773988,4.1015367490351675,4.126245,72015655.990083
1997-01-22,4.12624722871407,4.225079396465799,4.113893096558804,4.188017,64556514.66056608
1997-01-23,4.237432685251999,4.237432685251999,3.9903518703035554,4.002706,95631405.35427783
1997-01-24,4.0150580980721715,4.0150580980721715,3.866809506219029,3.916226,120157874.03934297
1997-01-27,3.9285817831480334,3.9532900404769844,3.7062092461677705,3.767979,118324413.4249156
1997-01-28,3.91622819649879,3.91622819649879,3.681501498367322,3.718563,153515338.4444475
1997-01-29,3.7679800172539704,3.805042413253253,3.7062102467455524,3.724741,96365740.59780264
1997-01-30,3.76797874972946,3.7803328775733696,3.656792488624361,3.706209,108776928.73013908
1997-01-31,3.7432709648188593,3.928582016293297,3.706209466116133,3.842104,96142711.7823984
1997-02-03,3.891519,3.9779970023355435,3.8668107451926863,3.891519,67109462.91152632
1997-02-04,3.928581760895644,3.977997385783497,3.8791652465176485,3.940935,57333968.687633775
1997-02-05,4.002704077459877,4.002704077459877,3.7185610098989503,3.817394,80781140.3847756
1997-02-06,3.842104238664956,3.965643761335044,3.8297492190096403,3.903874,79429313.05477585
1997-02-07,3.9656442421726443,3.9903525054986617,3.879166210021949,3.953291,38303281.72856489
1997-02-10,3.977997127793281,4.039767766759684,3.940934744413439,3.965643,54618259.16735318
1997-02-11,3.9656441618109217,3.9903524246362387,3.8297496057620246,3.866812,76774301.5124604
1997-02-12,3.9532908263514326,4.101538620815013,3.9409358057407555,4.095362,89905868.31073786
1997-02-13,4.1386001334659905,4.17566251894003,4.039767995025357,4.083007,55734850.813824214
1997-02-14,4.089182612303809,4.1385991140975324,4.027412874551569,4.039767,41586081.325185336
1997-02-18,4.064476386702264,4.064476386702264,3.9409350976947195,4.027414,41313104.347554035
1997-02-19,4.027414241285715,4.138600518563602,3.977997722722114,4.089184,40764023.321621135
1997-02-20,4.113890874517584,4.212722988886994,4.107713367031416,4.126245,66358930.833821066
1997-02-21,4.1385991140975324,4.150953239545965,3.9903504982062756,4.039767,60470162.741861105
1997-02-24,4.002704743984763,4.039767121444233,3.940934114885647,3.984174,40328730.277342305
1997-02-25,4.0150587491031375,4.064475250896862,3.9594656293301553,4.039767,37325662.03288457
1997-02-26,4.039768128900755,4.101537883914363,3.965643355496228,4.027414,30354467.159323573
1997-02-27,4.027414900487687,4.027414900487687,3.9409359788466274,3.953291,36826481.01948478
1997-02-28,3.9285825239765737,3.965644027468688,3.842104496507885,3.879166,51456884.00919167
1997-03-03,3.8791648725963435,3.9038731274036573,3.7679786154534862,3.891519,62166405.97154992
1997-03-04,3.91622813016506,3.9532905206602402,3.8297492190096403,3.903874,76902472.5582844
1997-03-05,3.928583,4.002706905456082,3.842104962052833,3.928583,43425762.64154277
1997-03-06,3.9285820811121233,3.9285820811121233,3.520898472734031,3.613554,192030892.57833147
1997-03-07,3.6691470224798306,3.7185626498334954,3.48383686329576,3.53943,134233296.45349675
1997-03-10,3.57031513008225,3.6320848910032497,3.4344205886677504,3.557961,97357334.72064477
1997-03-11,3.607376896461225,3.619731916943464,3.471483234530699,3.533253,63108950.17299921
1997-03-12,3.5208977456221766,3.533251872672363,3.323233491799254,3.37265,87251343.16825049
1997-03-13,3.385003886401443,3.6567919937133295,3.3726497602295433,3.570314,135187134.49752596
1997-03-14,3.916229306351037,4.064478023365978,3.9038751724755816,4.052123,175195570.89308494
1997-03-17,4.002704392663972,4.163306235245626,3.9409337689865165,4.150953,95471351.99401197
1997-03-18,4.163307907073333,4.200370296162667,3.9409353515177776,4.002706,74037013.96005602
1997-03-19,3.928581382210972,3.953289637018286,3.7803327428571434,3.891519,81030248.08564469
1997-03-20,3.8791652465176485,4.0027056429724945,3.8421037502242945,3.940935,59821236.27311793
1997-03-21,3.977997385783497,4.0027056429724945,3.928581760895644,3.940935,52462413.859655134
1997-03-24,3.903873503706646,3.9532900180846418,3.8421037502242945,3.940935,49135564.17652156
1997-03-25,3.9656422393220185,4.002704615592663,3.817394513219271,3.854456,59280717.112038635
1997-03-26,3.8791655925257778,4.027414259392889,3.8544573331328884,4.002706,49831688.86248453
1997-03-27,4.015059384546515,4.027413511950171,3.817395125068115,3.891519,54728886.072507925
1997-03-31,3.8668131633370844,3.8915214335959245,3.7556268366629153,3.81122,45220038.743919276
1997-04-01,3.607376481713824,3.8173957949398596,3.5826691120609486,3.656793,79840788.51430748
1997-04-02,3.669147391358971,3.7185630236806553,3.582669367678316,3.632085,48049091.84493204
1997-04-03,3.644437156812959,3.829747234272836,3.5703133037269663,3.817394,80055331.04594392
1997-04-04,3.7556250942165024,3.928582016293297,3.7432709648188593,3.842104,60708931.876909114
1997-04-07,3.903874735017831,3.9409362430006607,3.842104962052833,3.928583,42417994.62472856
1997-04-08,3.903874,3.9285822603301206,3.8297492190096403,3.903874,30900844.405838918
1997-04-09,3.9162263561992345,3.953288729905961,3.780331875431091,3.792686,44902142.34977534
1997-04-10,3.792687005417279,3.805041133261189,3.68150074431218,3.706209,38277660.906117275
1997-04-11,3.644439394039534,3.681501788079067,3.607377,3.607377,47879103.387308836
1997-04-14,3.6197314498228357,3.8544572399074415,3.5579608028346232,3.842104,47142509.23348249
1997-04-15,3.879165680397161,3.916228070326036,3.5703150994605912,3.687678,76044004.50722648
1997-04-16,3.656792488624361,3.7185622383538206,3.6073759772487217,3.706209,35223776.40073725
1997-04-17,3.730919182986871,3.8544587462632234,3.644440243406657,3.662971,41709718.073662065
1997-04-18,3.6938542515364845,3.730916628841212,3.570313883344,3.669146,60556952.489761926
1997-04-21,3.63208374136953,3.669146119885229,3.5456057476562015,3.570314,34099991.0910917
1997-04-22,3.595023277771381,3.595023277771381,3.446774610912799,3.483837,54243204.475295484
1997-04-23,3.5085436035394433,3.755624364504482,3.471482112037707,3.730917,78618531.75184546
1997-04-24,3.7803335878396562,3.9409355010049243,3.7679794576745964,3.903874,75012401.26325798
1997-04-25,3.86681140564732,3.891519664674825,3.743271,3.743271,36638514.587055005
1997-04-28,3.755626,3.842104926640522,3.6320855657182394,3.755626,34303236.411932394
1997-04-29,3.854456620154903,3.9409346225435264,3.75562449035504,3.805041,61961344.61941408
1997-04-30,3.767980167106327,3.9532912649821683,3.755626034615243,3.928583,90102825.04282078
1997-05-01,3.9409338818432,4.064475132735967,3.916226521154537,3.996527,91066127.74841757
1997-05-02,3.990351588949016,4.212724128825371,3.9779974601236456,4.20037,74081089.36993645
1997-05-05,4.237432827320863,4.459805390331927,4.22507869721022,4.422743,139127325.6964739
1997-05-06,4.410390405023408,4.4474528082557265,4.274495815995469,4.342444,69910129.10195272
1997-05-07,4.274494370978518,4.398035673322411,4.237432869765611,4.249787,51416414.55517653
1997-05-08,4.212724587777436,4.39803565085641,4.175663086753846,4.336265,67975561.91791785
1997-05-09,4.360973260342564,4.422743021708718,4.225078717948718,4.336265,47818399.01389791
1997-05-12,4.311556869456797,4.410389024312137,4.249787106231064,4.323911,42031262.967808545
1997-05-13,4.373327853094102,4.521575651849596,4.360973721616085,4.428921,104759764.90156408
1997-05-14,4.546282384581763,4.558636511901528,4.336263999125844,4.379503,83608804.73907657
1997-05-15,4.385679845277397,4.558636747191069,4.373326606810083,4.540106,72268370.62702942
1997-05-16,4.43509853610841,4.533930718834696,4.373328755463432,4.385682,77978570.14393656
1997-05-19,4.373327,4.398035258136253,4.299202225591238,4.373327,40290495.53029079
1997-05-20,4.385680099289389,4.472159,4.323910345414815,4.472159,50279140.32984962
1997-05-21,4.533929337507608,4.657469750649726,4.533929337507608,4.638939,90097894.63789026
1997-05-22,4.68217775849239,4.706886017685432,4.595699740806959,4.620408,49083845.17601042
1997-05-23,4.620405642901623,4.682175369882207,4.570989149725347,4.645113,25357908.525196265
1997-05-27,4.595699977854017,4.731594520934998,4.546283456919021,4.682178,44285139.17599885
1997-05-28,4.6698231282721085,4.7192387518704235,4.595699248129575,4.657469,44985322.619216576
1997-05-29,4.682177256544217,4.7563011366867505,4.620407504673793,4.657469,54457715.638171725
1997-05-30,4.348619889568975,4.6574705293147165,4.348619889568975,4.608054,77884144.77043888
1997-06-02,4.620407471670666,4.84278,4.5462827025674795,4.84278,61874549.4480443
1997-06-03,4.818070469524356,4.830423704951373,4.589520492796613,4.595698,66967822.19423471
1997-06-04,4.608054488435663,4.688355912338506,4.546284709735326,4.614232,57703595.094481595
1997-06-05,4.6574686182217215,4.781009001325937,4.645114490962295,4.694531,56202989.77171522
1997-06-06,4.694531351283739,4.84278,4.682177223099875,4.84278,67870344.02760398
1997-06-09,4.836602491163012,4.904549751429209,4.818071743632272,4.84278,50250811.482660785
1997-06-10,4.836600970922773,4.873663343824923,4.688352368804008,4.706884,46812451.83573677
1997-06-11,4.706888184327957,4.836605270566583,4.663648266091123,4.811897,35844335.08664047
1997-06-12,4.805718493147969,4.935435528534441,4.787187742232838,4.901457,59415601.766087115
1997-06-13,4.892196186838609,5.139277,4.855133798017334,5.139277,106971834.3282917
1997-06-16,5.139277120006193,5.238109269680516,5.052798210737205,5.170162,96466488.86437213
1997-06-17,5.1454522448452815,5.287524252610464,5.126921500132422,5.262816,75732837.53815448
1997-06-18,5.003381875641963,5.126922267699925,4.941611234867926,4.972497,111854194.60476296
1997-06-19,4.966319368943942,5.015735880346908,4.879841363478844,4.898373,71150877.06877364
1997-06-20,4.9045505424498765,4.929258802802628,4.768656,4.768656,88955218.33673891
1997-06-23,4.8180725207055035,4.9045505424498765,4.768656,4.768656,72323220.52980965
1997-06-24,4.842781696876439,4.978675375534905,4.7563027692877835,4.953968,57753066.87608802
1997-06-25,4.991027994067022,5.139276649758768,4.904549982201068,5.034267,82817780.01905741
1997-06-26,5.015735618858317,5.1207452553700366,4.978673237238291,5.009559,51663310.189579554
1997-06-27,5.028090516397598,5.077506143305017,4.972497380195389,4.978674,38288899.41120869
1997-06-30,4.978674,5.028090516397598,4.855133598496182,4.978674,34114822.972060435
1997-07-01,4.9354345175137935,4.978673520451801,4.756300997061993,4.79954,52162919.33543631
1997-07-02,4.811895142570105,4.818072652572495,4.682178106403287,4.756302,58851233.24111884
1997-07-03,4.781008503778552,4.929257125973764,4.768654377804789,4.916903,25086736.387356028
1997-07-07,4.929258133500038,5.003382015003375,4.8427801234977865,4.873665,32147855.09434892
1997-07-08,4.8736651050332505,5.040444509127656,4.867487595905594,5.034267,34626128.036355644
1997-07-09,5.06515212673413,5.170160873736094,5.040443872325419,5.096037,64534055.737978354
1997-07-10,5.089860857408186,5.207224652596615,4.953967200676194,5.145454,54979802.49906034
1997-07-11,5.139277120006193,5.225755139784947,5.126922990110624,5.170162,32771129.802122254
1997-07-14,5.170161844703696,5.318410509507349,5.170161844703696,5.312233,39740066.39859359
1997-07-15,5.435774941145627,5.608731024361284,5.398713431593963,5.58093,81210089.551383
1997-07-16,5.6952067443276295,5.8311003518801865,5.664320984461633,5.676676,84782519.67771281
1997-07-17,5.689031431773392,5.695208941926279,5.509898758674833,5.522252,60901844.382110775
1997-07-18,5.503721248521947,5.590199274739935,5.3369418167485545,5.522252,82960769.51982632
1997-07-21,5.522251377591449,5.522251377591449,5.374003603495302,5.454305,31395061.935847007
1997-07-22,5.472835347305341,5.633437239025262,5.386356447697543,5.621084,41135026.08998549
1997-07-23,5.676676379944297,5.7075612523874835,5.435772240111405,5.596375,57965349.68675259
1997-07-24,5.546959531594769,5.6025526682026126,5.386356741620918,5.411065,51135808.72497373
1997-07-25,5.423419129189542,5.546959531594769,5.374003501921562,5.411065,44186659.5390741
1997-07-28,5.4295958909549995,5.497542257906996,5.324586252047252,5.386356,33129543.78841651
1997-07-29,5.380179381000751,5.411064254977124,5.293701378070879,5.386356,34284812.45576787
1997-07-30,5.39871112310163,5.559313004629779,5.3492946121759966,5.472835,36750943.83601917
1997-07-31,5.485189650989294,5.546959406048761,5.361649251380193,5.38018,31907266.76676245
1997-08-01,5.398711631699649,5.509897902266802,5.374003373909134,5.423419,43965859.948936276
1997-08-04,5.448127847628114,5.571668260465537,5.423419587162577,5.54696,32503559.929691214
1997-08-05,5.596375253592396,5.633436746407604,5.522250488981861,5.614906,41871631.51083919
1997-08-06,5.633435993724362,5.744622236294513,5.584020380076484,5.732269,49757055.11866244
1997-08-07,5.756977634689123,5.769331763204522,5.608728981994463,5.621084,55985780.97498632
1997-08-08,5.559313725490195,5.719915627843137,5.485189838980392,5.6705,66990732.739617325
1997-08-11,5.707562781105304,5.719916021799264,5.491366837116886,5.633438,43629932.62679025
1997-08-12,5.6766777897168,5.68285440994336,5.559314,5.559314,28812907.491823632
1997-08-13,5.633436252704797,5.645790379057197,5.485188515455976,5.608728,37874288.30280235
1997-08-14,5.633437978530313,5.732271019627388,5.614907228069739,5.719916,41601804.89398796
1997-08-15,5.719915526474123,5.794040301160475,5.497542981395427,5.509898,52030253.98618995
1997-08-18,5.522249994555272,5.726091744748481,5.355470623349006,5.707561,34315844.69113865
1997-08-19,5.846545855631326,6.105979930871978,5.781686892076017,6.096715,67631092.32634296
1997-08-20,6.207901940784681,6.244963447159973,6.013325919098046,6.078184,61485993.475946106
1997-08-21,6.124510982458701,6.133775912439455,5.911403361058082,5.929935,41310404.28746689
1997-08-22,5.837279449541285,6.059652,5.707562424937101,6.059652,46261555.119006835
1997-08-25,6.078181882522504,6.087447700633555,5.86507518188895,5.874341,30851384.149132643
1997-08-26,5.874342684846291,5.892873436893203,5.698297427184466,5.726094,56280319.53369959
1997-08-27,5.763155779267064,5.8187489189722434,5.60564129044223,5.689031,37310358.9939306
1997-08-28,5.689031283622019,5.726093675103266,5.355472428761635,5.383269,54140220.644296244
1997-08-29,5.466657957711372,5.707562134788557,5.392534074490015,5.651969,56390955.68047171
1997-09-02,5.7260916218087905,5.80948130562154,5.651967754916334,5.763154,42637917.99455646
1997-09-03,5.818747247470844,5.837277992219325,5.689029365761539,5.707561,34152155.38230778
1997-09-04,5.744622801378621,5.828012491509068,5.707561309869552,5.790951,25983877.582593948
1997-09-05,5.837280248090139,5.920669965919998,5.790952923570326,5.855811,24268729.438911192
1997-09-08,5.8836076064766205,5.929935820753428,5.8094837089201885,5.92067,28543087.184389602
1997-09-09,5.920668748098273,5.9391994961965455,5.800216661734145,5.902138,31237220.889853816
1997-09-10,5.874341087305749,5.874341087305749,5.577843798246284,5.624172,56903613.28536894
1997-09-11,5.633437167821107,5.8094823850777475,5.512985972926151,5.77242,38816394.91312136
1997-09-12,5.818748706512972,5.837279455908009,5.614906905206751,5.735359,26316647.362928808
1997-09-15,5.763155922189154,5.846545633814928,5.62417306947953,5.633438,35623099.565700375
1997-09-16,5.6890307682742,5.874341819403527,5.633437630833441,5.865076,47133515.405426964
1997-09-17,5.540782980543446,5.577844479082065,5.299878792591428,5.346207,184893774.65563905
1997-09-18,5.457392636593044,5.568578898190932,5.364737122098106,5.438861,95294597.08177869
1997-09-19,5.46665847016992,5.58711057,5.3925345799999995,5.559314,69699696.76114716
1997-09-22,5.614906926704022,5.651969315126197,5.503720650927705,5.508346,37065276.00844246
1997-09-23,5.512986431253328,5.6241727062400155,5.475924043094365,5.540783,34622079.03323411
1997-09-24,5.707561695768582,5.800216320295838,5.614906181751239,5.624172,72625429.84695348
1997-09-25,5.605641043372548,5.726093137254901,5.494454768862744,5.6705,40199206.419187024
1997-09-26,5.6982971052250955,5.70756292547019,5.540783498000186,5.577845,41945820.93320987
1997-09-29,5.596376137493344,5.6149068868277245,5.466658223682074,5.540783,34454792.19857555
1997-09-30,5.540782839712777,5.559313588511089,5.4018,5.4018,29892179.556740347
1997-10-01,5.4851886298300006,5.4851886298300006,5.281346875,5.33694,42507054.60432383
1997-10-02,5.37400237983,5.44812625,5.26281612983,5.33694,36909689.8222577
1997-10-03,5.4295974960681495,5.596376932232458,5.383269281917846,5.466659,36642557.0235129
1997-10-06,5.52225156979678,5.5963763489150145,5.4481276801687795,5.494455,24418480.588156603
1997-10-07,5.50372051453191,5.59637603854601,5.455065401457987,5.563939,29066537.73163221
1997-10-08,5.596376784892821,5.596376784892821,5.448128104597482,5.522252,25573297.346372455
1997-10-09,5.485189433427714,5.559313314457098,5.448127048167956,5.512986,19514550.42439796
1997-10-10,5.429597790868971,5.485190939275513,5.336942247027944,5.355473,43438356.51005989
1997-10-13,5.4110657516131955,5.438862323778144,5.355472607283298,5.392535,24538996.965249185
1997-10-14,5.38326730767,5.42959550483,5.281346875,5.33694,26160608.888239328
1997-10-15,5.281346423965857,5.327673727679443,5.13309780679649,5.179426,60341099.48816722
1997-10-16,5.225756122003986,5.262818518656844,5.040445917720504,5.105304,41226751.6834257
1997-10-17,5.0033830345370065,5.123835144828188,4.947789889708817,5.068242,51082287.371518575
1997-10-20,5.114568,5.179426948670609,5.068240687801044,5.114568,32869618.70484467
1997-10-21,5.188691671912872,5.299877928378791,5.170160925665236,5.290613,43545849.5851426
1997-10-22,5.309145288770053,5.392535005347593,5.170162427807487,5.197959,31455767.061648622
1997-10-23,4.966322428777846,5.151633571222154,4.929260911881495,5.058978,34648594.04409349
1997-10-24,5.151632119701216,5.207225268872487,4.97558685082873,5.03118,39065514.94877941
1997-10-27,4.947789064658501,5.040444587085159,4.595699502621473,4.632761,48626956.77925107
1997-10-28,4.299202304988011,5.170161749199323,4.262140806589364,5.151631,90108244.6931467
1997-10-29,5.170162427807487,5.318411109330995,5.040445387405861,5.197959,70737139.32718593
1997-10-30,4.966320607206933,5.31841111501529,4.966320607206933,5.003383,56190831.28355354
1997-10-31,5.197959178518841,5.318411291986647,5.114569459077362,5.304505,62449244.761575304
1997-11-03,5.355473509469797,5.44812906212521,5.188694048384332,5.318412,55470859.18007104
1997-11-04,5.336940556698634,5.466657565399472,5.29987817300264,5.438861,47673156.05204839
1997-11-05,5.466658895943092,5.522252040272989,5.374004248386805,5.392535,28068209.1075904
1997-11-06,5.383268852380656,5.392534672369451,5.216489429523868,5.244286,33458713.937340565
1997-11-07,5.058973942956769,5.207222560126136,5.0033808227044965,5.179426,36719921.29127822
1997-11-10,5.24428628801076,5.3369418245164955,5.114569248494974,5.1331,27843811.09746547
1997-11-11,5.1886909270487624,5.207222560126136,5.077504686544218,5.179426,26306312.604215216
1997-11-12,5.077506037195197,5.188692307276042,4.706885729919155,4.818072,56569034.96651773
1997-11-13,4.929259247807641,4.984852393875057,4.734683236571686,4.94779,49999868.62821583
1997-11-14,4.984852767486419,5.1701629717699005,4.966321124414788,5.105304,34081986.57607853
1997-11-17,5.2164891804536175,5.355472026198298,5.188692611304681,5.225755,49632923.8550219
1997-11-18,5.244285635486811,5.2535514548315705,5.1330993613104825,5.151631,23591491.1209285
1997-11-19,5.1516300718147265,5.188691563535889,5.0404438176711714,5.160895,20982359.896645833
1997-11-20,5.207225068488246,5.309145541550014,5.133100279452094,5.21649,27077528.083366398
1997-11-21,5.299880306353503,5.3184119504060545,5.0960393376990485,5.188694,35155858.02061173
1997-11-24,5.058975288678443,5.077506037195197,4.743947226952662,4.818072,71643288.2783819
1997-11-25,4.984852574038335,5.040445722115007,4.836603882670421,4.957056,51746934.640802935
1997-11-26,5.012647833750093,5.068240967250131,4.836602614503263,4.873665,33145730.128681395
1997-11-28,4.87366592493448,4.96632057202531,4.81807278088386,4.938524,15514952.69299086
1997-12-01,4.781010141176471,4.799540891738541,4.63276146820913,4.725417,82877579.90458831
1997-12-02,4.688353115025975,4.697618932098766,4.447449876543209,4.503043,68438320.48683524
1997-12-03,4.4752461834547965,4.540105120291363,4.391856503017751,4.484512,82421619.36558539
1997-12-04,4.558635863891843,4.651291360874091,4.4752461834547965,4.484512,46833582.759060524
1997-12-05,4.484514133161226,4.669824325782809,4.475248312208525,4.623497,52461952.07973532
1997-12-08,4.725416122033429,4.818071636609214,4.642026425762251,4.79954,55139006.44328414
1997-12-09,3.4097109266348187,3.55795953718064,3.3170563233473285,3.400446,1159049943.346961
1997-12-10,3.502367568,3.539429955163392,3.372650547163392,3.474571,447129839.9140498
1997-12-11,3.4467750085470086,3.4745715811965816,3.2244024273504275,3.252199,222421756.01800504
1997-12-12,3.317056873019176,3.405071911655217,3.2521979283782043,3.37265,124604881.50611536
1997-12-15,3.456040640413985,3.474571391337694,3.381915857738597,3.437509,101486438.26375437
1997-12-16,3.474570747489909,3.4931014949798183,3.428243434020081,3.45604,94754510.39177787
1997-12-17,3.502368707391709,3.520899462256748,3.3170584902699214,3.35412,88914275.17119245
1997-12-18,3.409711757165841,3.409711757165841,3.261464,3.261464,81029344.70274697
1997-12-19,3.20587,3.2892596743685854,3.1132145097605077,3.20587,118283079.70603922
1997-12-22,3.252198568965517,3.372650664312827,3.2058712505197238,3.224402,65630851.860282935
1997-12-23,3.2429332945501814,3.2429332945501814,3.1039504263624544,3.131747,70404810.5179633
1997-12-24,3.131746931349182,3.168809325216919,3.113216179160482,3.122482,32587200.554558836
1997-12-26,3.150277436995598,3.178074,3.122480873991196,3.178074,25379036.96540735
1997-12-29,3.252198568965517,3.2614643884507584,3.1780746815542065,3.224402,51435304.903048694
1997-12-30,3.2336663314761713,3.317056,3.2244005162547023,3.317056,49389211.7921434
1997-12-31,3.3170578203062857,3.335588571428571,3.2614646774491427,3.307792,57923060.91193159
1998-01-02,3.3170583403714207,3.4745719733323455,3.279995942825734,3.409713,32792708.24565
1998-01-05,3.4282444935658174,3.4838376427074773,3.391182097641249,3.465306,74319858.89973353
1998-01-06,3.4560405306565287,3.4653054610790086,3.326322609839339,3.363385,46779602.24595162
1998-01-07,3.3355888365054516,3.3355888365054516,3.1132162474050884,3.131747,111032569.70604587
1998-01-08,3.15954276164059,3.1873393281344664,2.9834984335061234,3.011295,109814372.24170995
1998-01-09,3.00202956,3.00202956,2.7611262498300797,2.779657,168523040.7924431
1998-01-12,2.7240643281312855,2.779657477684985,2.6314087823783217,2.677737,169569453.71289262
1998-01-13,2.798187433149213,2.8537805668507876,2.7240635513771596,2.825984,145535958.51299936
1998-01-14,2.8723114405415013,2.9464353026008636,2.835249064766869,2.900108,112359229.37380263
1998-01-15,2.9186399623262296,2.9279057825129122,2.798187857860453,2.853781,66851321.16963425
1998-01-16,2.8908428183503863,2.937170131122123,2.8630462527893252,2.881577,80393924.74912176
1998-01-20,2.9834982532868146,3.002029,2.927905123657185,3.002029,68190080.77536893
1998-01-21,3.0205594902800015,3.03909112491,2.9649663653700014,2.983498,51466345.96691534
1998-01-22,2.983498567744545,2.992763497332615,2.927905432255455,2.955702,45752051.53699527
1998-01-23,3.002029080594632,3.002029080594632,2.84451550557865,2.881577,61079937.96105397
1998-01-26,2.890842693069307,2.890842693069307,2.7981871820511683,2.807453,50929405.58577472
1998-01-27,2.7981873629045935,2.844515566152993,2.7796566152993036,2.816719,59966939.47106545
1998-01-28,3.0483564822643543,3.1873393141227613,3.039091553133876,3.141012,172910295.31246617
1998-01-29,3.1966053770190257,3.391181356489749,3.187339557690356,3.312417,140987726.61775374
1998-01-30,3.3911818548387096,3.539430538432258,3.372651102948387,3.446775,144401346.18592742
1998-02-02,3.6691467476835125,3.687677495367025,3.62281943372967,3.650616,113084561.21629885
1998-02-03,3.6784136425961034,3.6876785744037734,3.576492276788681,3.659882,75583953.96070145
1998-02-04,3.6135541799648747,3.6691473211951036,3.58575760934976,3.62282,57169372.51014404
1998-02-05,3.659881203199061,3.743270908255421,3.502367612367111,3.53943,79070012.24603961
1998-02-06,3.5394301390893332,4.002706,3.5208984997995554,4.002706,150334648.6102152
1998-02-09,4.206547336247284,4.2598126732794706,4.002705553242839,4.104626,181147374.03368783
1998-02-10,4.141687423087162,4.141687423087162,3.9749080637682157,4.039767,111869508.770085
1998-02-11,3.993439,4.058297939363189,3.93784587754297,3.993439,66222669.95068661
1998-02-12,3.91004924508106,4.002704743984763,3.826659562914711,3.984174,73915169.59741217
1998-02-13,3.9193171782590808,3.9656445079828293,3.8729898485353322,3.928583,40371879.28492284
1998-02-17,3.984176095261745,4.002706848991755,3.77106842465978,3.798865,49013681.8411815
1998-02-18,3.7803330482634756,3.8822534957150454,3.7247399152007774,3.845192,42242627.29268136
1998-02-19,3.863722251851852,3.872988069336178,3.7247394370370372,3.752536,60931993.72371111
1998-02-20,3.798864902508179,3.798864902508179,3.604288880120119,3.724741,66432196.225187205
1998-02-23,3.7988637356446433,3.919315818526318,3.7803329880821224,3.91005,76351607.36103119
1998-02-24,3.9656437104259443,3.9749095303033535,3.8173959293288733,3.882254,57229632.71635498
1998-02-25,3.8822527442707333,3.9007843780314246,3.7525357553956833,3.863722,62665125.751800984
1998-02-26,3.8173945601723958,3.8359253037906846,3.7247390631010995,3.789598,59724566.26660665
1998-02-27,3.761802265081318,3.7710671941780136,3.613553615142853,3.650616,88949835.60034801
1998-03-02,3.641349946951291,3.659880693441633,3.576491,3.576491,46110464.51071735
1998-03-03,3.6598802550621,3.8822527442707333,3.576490571608863,3.863722,118856429.11161828
1998-03-04,3.8544561831196544,3.965642427723971,3.8081288776978415,3.863722,64681112.53863503
1998-03-05,3.7247394370370372,3.845191506373215,3.7015682221511113,3.752536,56218281.45019794
1998-03-06,3.7895980749451854,4.002704743984763,3.7247391367635987,3.984174,82730109.05879112
1998-03-09,3.9749081046526658,4.014283155185512,3.7618014398276034,3.789598,89049687.61055924
1998-03-10,3.965643610910666,4.021236749799555,3.8660358273555557,4.002706,93396417.32368053
1998-03-11,4.030503691275167,4.160220754957315,4.021237869051275,4.14169,124750521.52623689
1998-03-12,4.113891818610695,4.188015699025892,3.9656431682901787,4.104626,106100334.97366142
1998-03-13,4.595700825538387,4.595700825538387,4.299203424219506,4.327,297585665.41871965
1998-03-16,4.354794619115139,4.438184308988557,4.354794619115139,4.391857,72363711.97878255
1998-03-17,4.391855968392629,4.401121783809894,4.225076627820757,4.262139,64804789.14798415
1998-03-18,4.206548208431947,4.382592572105299,4.188016567368209,4.354796,69235155.78502414
1998-03-19,4.354795750511794,4.3640615705128205,4.280671858974359,4.336265,43647021.1114865
1998-03-20,4.336265324491381,4.336265324491381,4.215813213425402,4.289938,63129635.64610957
1998-03-23,4.262141010865763,4.465981930298616,4.225078621200591,4.456717,94034084.47985366
1998-03-24,4.4381838788062264,4.540105193988103,4.428918951600558,4.493777,96991765.96337557
1998-03-25,4.577168572076355,4.5957002131207965,4.503044676369511,4.549372,93674320.44669022
1998-03-26,4.503044571428572,4.672136674742858,4.503044571428572,4.669824,73742907.65562043
1998-03-27,4.679089782876767,4.706886354082985,4.5215752863813465,4.604965,51418212.318226084
1998-03-30,4.558636311377246,4.651291817454755,4.540105565957749,4.642026,47811666.716213994
1998-03-31,4.642027606841815,4.697620751833933,4.632761786179689,4.67909,47902039.00818322
1998-04-01,4.7068851279303185,4.725415874077075,4.540105744139362,4.651292,57604691.788776115
1998-04-02,4.604965882671062,4.623497526687504,4.428921490948016,4.465983,47818838.35097447
1998-04-03,4.317731580941014,4.345528134274347,4.113889893333333,4.169483,152008954.1077395
1998-04-06,4.113893556784779,4.141690134871163,3.9471140882664772,4.021238,84375044.0328078
1998-04-07,3.956379910792105,4.030503822525628,3.89152093209371,4.021238,67810954.79242958
1998-04-08,4.002704184557658,4.076828039626934,3.947111070883246,4.01197,40148857.519871786
1998-04-09,4.030501378134673,4.039767195040832,3.9471116944491285,3.993439,30879719.00349548
1998-04-13,3.9841745547243295,4.243608564592286,3.9378463540771413,4.215812,55969596.344713666
1998-04-14,4.188016607012,4.280672144736842,4.150955103514316,4.225079,36508098.42845542
1998-04-15,4.243610149953498,4.252875971442547,4.141689671535553,4.188017,29778848.678025894
1998-04-16,4.150954780202531,4.169485530508039,4.039768499388983,4.07683,28284065.057213567
1998-04-17,4.039767,4.095360119772982,4.002704623654706,4.039767,35963083.348519854
1998-04-20,4.011971929185596,4.1231582099991435,4.011971929185596,4.07683,41048679.4468251
1998-04-21,4.067565248877715,4.086096,4.021237036836571,4.086096,27111257.297919575
1998-04-22,4.058299249694492,4.104626570203387,4.049033429796613,4.07683,34445346.78178879
1998-04-23,4.049032111177208,4.058297928057554,3.863722,3.863722,61663203.25323613
1998-04-24,3.8822532345756446,4.00270531127267,3.8729883060151526,3.956378,32927180.431900088
1998-04-27,3.8637226160590883,3.919315747225406,3.8266602321181766,3.900785,42189114.9283029
1998-04-28,3.947112128571429,4.002705257142858,3.8729882536395435,3.891519,46172972.55904442
1998-04-29,3.91005,3.9285816370526363,3.8266603017334826,3.91005,45571276.53651488
1998-04-30,3.9749088260869567,3.984174644322783,3.835926,3.835926,52524475.185392
1998-05-01,3.8729876805171886,3.8822526075813695,3.752535623273496,3.789598,58681271.70713095
1998-05-04,3.8266602321181766,3.947112312808565,3.7988636665350177,3.900785,45240750.92075057
1998-05-05,3.8359278226384754,3.872990223701868,3.7478976153751566,3.826662,73959642.39099246
1998-05-06,3.8822533632844944,3.9262537699949625,3.8266602321181766,3.900785,48344551.631017864
1998-05-07,3.891518561151079,3.9193151223021583,3.8451912557292665,3.863722,38308695.604911536
1998-05-08,3.8544561236368273,3.984174,3.8544561236368273,3.984174,32483784.91953414
1998-05-11,3.993438799152523,4.002704615592663,3.854456,3.854456,30807769.20675706
1998-05-12,3.863722,3.8822527442707333,3.7803323165467626,3.863722,38846981.61513691
1998-05-13,3.854456,3.8915183762706445,3.8266594401694953,3.854456,29313429.61030039
1998-05-14,3.817395125068115,3.9378463106461714,3.817395125068115,3.891519,35806133.800194725
1998-05-15,3.8451918182358265,3.872988383453218,3.7988636165467824,3.835926,37162415.28121241
1998-05-18,3.7988631828220725,3.854456306909664,3.780332437956204,3.808129,36858874.791268885
1998-05-19,3.8451912557292665,3.8729878168803458,3.8081288776978415,3.863722,30897257.23020445
1998-05-20,3.8822546263887756,3.891520447761194,3.7062102467455524,3.724741,40966378.60189474
1998-05-21,3.7525364464945015,3.7803330127648307,3.5950228674593405,3.650616,38207956.68325565
1998-05-22,3.6413505692307693,3.650616388804431,3.5301642923076924,3.613554,34972841.1419893
1998-05-26,3.6413507109375,3.6506165308717504,3.5394302496217502,3.557961,30444853.105472486
1998-05-27,3.48383686329576,3.5857573174234707,3.474571044014991,3.53943,35062781.407175735
1998-05-28,3.530163916331864,3.650616,3.511633168648351,3.650616,31569996.504809055
1998-05-29,3.6691463809523808,3.6969429444444444,3.4931011823393017,3.502367,68465297.89710787
1998-06-01,3.4931022891998937,3.5672270749933657,3.3355886759968154,3.381916,44743826.201951794
1998-06-02,3.4004472657275073,3.6413505692307693,3.270729349657108,3.613554,93857356.2204965
1998-06-03,3.6320848499932388,3.6506164896524975,3.4838370696606105,3.493102,55047259.430729486
1998-06-04,3.539429190043954,3.696942744830811,3.5023668108923474,3.678412,52095471.391676635
1998-06-05,3.696943348669428,3.9285816995940475,3.696943348669428,3.845192,69161419.55272976
1998-06-08,3.8081294347826087,3.8822533121989564,3.7988636165467824,3.835926,38203461.17208726
1998-06-09,3.835925438848921,3.9100493054218126,3.826659621968575,3.863722,29214495.11636707
1998-06-10,3.817395920005944,3.8637232402993567,3.669147249780684,3.687678,39785933.91386124
1998-06-11,3.715474457349415,3.715474457349415,3.5672266811121234,3.613554,43839043.224482045
1998-06-12,3.595023775401399,3.7525373942174483,3.5857579544744502,3.715475,59299125.93087021
1998-06-15,3.669147572519084,3.7803338625954197,3.6228202481507177,3.641351,33262194.443765514
1998-06-16,3.669145862338486,3.6876766055506303,3.5394288808736594,3.595022,43813425.80301317
1998-06-17,3.6506172189125943,3.7942254468412915,3.576492424448611,3.604289,74163811.87635064
1998-06-18,3.724739880224172,3.7710671941780136,3.613553615142853,3.650616,126938790.41334397
1998-06-19,3.650615119126341,3.669145862338486,3.5486938077347787,3.595022,49271835.130800314
1998-06-22,3.5764911815394727,3.641350131782946,3.5208980497565276,3.585757,44630513.16639694
1998-06-23,3.6042883599297495,3.706209711845343,3.6042883599297495,3.62282,37306310.70856405
1998-06-24,3.6506158694474506,3.74327049404164,3.585756920639446,3.706209,49761543.78255517
1998-06-25,3.7340067914036497,3.761803365807423,3.632085425596227,3.659882,36264810.38120901
1998-06-26,3.6691467476835125,3.6784125662703295,3.604287796556036,3.650616,17674844.987037808
1998-06-29,3.669147391358971,3.6876781422933176,3.5857576779189944,3.632085,25428046.368408225
1998-06-30,3.5950236756316336,3.678413393188886,3.5486954617729465,3.641351,34157538.64431086
1998-07-01,3.641349873965724,3.641349873965724,3.557960182195517,3.567226,42227791.29228146
1998-07-02,3.5394296462234753,3.557960393442623,3.3726502527808524,3.391181,68584911.86403793
1998-07-06,3.4282438195319673,3.4375087495737238,3.391181430894309,3.418978,34130561.091647856
1998-07-07,3.4097117472191476,3.4189775655737704,3.3541186160716068,3.391181,28121729.568548538
1998-07-08,3.437508860002704,3.502367819829629,3.3819157200054084,3.493102,54225215.55980902
1998-07-09,3.520898648084407,3.6784131412302283,3.511633717539542,3.62282,69224816.49422275
1998-07-10,3.6228203486918984,3.7247408209269484,3.539430628820399,3.715475,46267393.70207039
1998-07-13,3.715475273979339,3.817396643220422,3.715475273979339,3.798865,46593869.35792664
1998-07-14,3.7988628803389908,3.86372181644014,3.7988628803389908,3.854456,63952608.1946713
1998-07-15,3.854455584929286,4.05829729823207,3.854455584929286,4.01197,84009056.00201398
1998-07-16,4.039767938195499,4.132422566341964,4.0119713718535355,4.104626,54881328.91064862
1998-07-17,4.113892796105134,4.113892796105134,3.974909931371852,4.014285,44096713.01394893
1998-07-20,4.002706285714286,4.169485714285715,3.974909714285715,4.086096,57227381.58868513
1998-07-21,4.095362246947244,4.225079297297297,4.076830604404108,4.113893,57560150.44630475
1998-07-22,4.002705580514268,4.011971399188094,3.7988637961209983,3.845192,59920170.288713805
1998-07-23,3.798864902508179,3.808130723880597,3.7062102467455524,3.724741,35822759.22003704
1998-07-24,3.7525364464945015,3.7710671941780136,3.5579604826021938,3.650616,43553940.73591964
1998-07-27,3.604287587959487,3.965642928560492,3.595022659398995,3.956378,51152454.17227576
1998-07-28,3.93784587754297,4.011970633812317,3.8822527550859403,3.993439,50781011.66528398
1998-07-29,3.9934393091371265,4.002705126760564,3.9100496189962817,3.947112,46560162.214804135
1998-07-30,3.984174564661616,3.9934394932221076,3.9378463638988763,3.956378,48456977.19833646
1998-07-31,3.937847932250495,4.039769302929336,3.928583,3.928583,41933672.37836136
1998-08-03,3.9193154366197183,3.9934393091371265,3.8637223098591553,3.947112,38958952.77357217
1998-08-04,4.030503161764705,4.039768982771294,3.7432716054639994,3.780334,60199416.24205692
1998-08-05,3.7618035759565993,3.7988650842384444,3.6228206961736023,3.734007,40960980.29403802
1998-08-06,3.659882123298898,3.808130821610211,3.641351369568888,3.798865,31110397.21316761
1998-08-07,3.808130723880597,3.808130723880597,3.7154751786275817,3.724741,29026957.84753893
1998-08-10,3.706209132540659,3.7525364464945015,3.650616,3.650616,22233411.6375976
1998-08-11,3.5950234981313067,3.6506166404246243,3.530164535625677,3.632085,35010613.17474674
1998-08-12,3.6320839306638217,3.7988633084415997,3.6320839306638217,3.752536,36541837.9730401
1998-08-13,3.706209782717942,3.7710678557332944,3.632085,3.632085,29014819.69645534
1998-08-14,3.6969434015748033,3.7062092203812287,3.4560401180190237,3.530164,48910266.633504845
1998-08-17,3.530164,3.5672263857355593,3.465305047335307,3.530164,38820441.48657116
1998-08-18,3.548694626939657,3.5857570114095862,3.4189776155300704,3.45604,56334296.874341734
1998-08-19,3.465305506854178,3.650616570615114,3.465305506854178,3.62282,79248535.02619508
1998-08-20,3.5950236756316336,3.669147572519084,3.5208988892538624,3.641351,38746233.88407215
1998-08-21,3.576490926560962,3.715473746109834,3.5208977987414136,3.696943,52936848.76937513
1998-08-24,3.7062082382526818,3.734004797815852,3.56722544043683,3.595022,25536883.38252172
1998-08-25,3.650615764941494,3.650615764941494,3.5116329425387725,3.576491,28538598.737813123
1998-08-26,3.493101614264441,3.6135537007874015,3.4838366849481575,3.530164,21874104.149268985
1998-08-27,3.456041375483878,3.474572130348917,3.335589245134961,3.35412,40879134.083694085
1998-08-28,3.363384799496521,3.381915548727043,3.113215682178598,3.159543,47709126.24211793
1998-08-31,3.2151360392889745,3.2614642451899942,2.937170361843525,2.955702,69277438.05268596
1998-09-01,2.9649672867219734,3.076153571092676,2.6962673959895342,3.048357,85888741.17027631
1998-09-02,3.085418880820295,3.1132154473141718,2.974232614844789,3.011295,85815904.65590385
1998-09-03,2.9649668342539366,3.0668881723669164,2.8074532519295214,2.825984,65010276.6179851
1998-09-04,2.918639355297706,3.0854187470290038,2.8908427900091564,3.066888,57423911.31531376
1998-09-08,3.2429314845039094,3.2521973003748164,3.0946837675085535,3.20587,49556045.53310022
1998-09-09,3.187339789477796,3.3541192125811157,3.187339789477796,3.233668,40343556.02628346
1998-09-10,3.2058711157057624,3.2892608190955928,3.0946848445193216,3.279995,53386537.17459936
1998-09-11,3.6506169533595294,3.7988647525228227,3.6320853113463523,3.780334,164260803.4104923
1998-09-14,3.8173977321597548,3.937849,3.8173977321597548,3.937849,68337085.95012149
1998-09-15,3.8729889724226667,4.021236749799555,3.8081300138888885,4.002706,72884893.36963545
1998-09-16,3.9934388071959037,4.086094303314179,3.984173880227018,4.039767,63857722.22348467
1998-09-17,3.8915202797202797,4.011972394398882,3.8729895272660144,3.97491,60319485.221049026
1998-09-18,3.984175675807118,4.049033751779089,3.947113282758621,4.030503,53107267.256717086
1998-09-21,3.9285810656773705,4.169484306913487,3.919315248498678,4.123157,61433406.662613146
1998-09-22,4.141689525183548,4.271406573994521,4.141689525183548,4.24361,58922729.12204467
1998-09-23,4.271406573994521,4.28993821631778,4.132423704021918,4.24361,85098167.15060997
1998-09-24,4.169485609199252,4.271406072038479,4.15095485854401,4.206548,54969910.31563173
1998-09-25,4.123158564442639,4.299202931204082,4.123158564442639,4.289938,52192585.79998126
1998-09-28,4.28993502760768,4.354793059058986,4.169483,4.169483,50342572.44843066
1998-09-29,4.169484193548388,4.373325939507407,4.169484193548388,4.308467,81181354.64423889
1998-09-30,4.225078473814353,4.373327137813346,4.206547724373306,4.317734,66204214.13083808
1998-10-01,4.215812735910666,4.280671694444444,3.9841752502004444,4.002706,74893234.72670738
1998-10-02,3.8822525598305044,3.9285807525412895,3.724739017287617,3.854456,98956040.48747735
1998-10-05,3.669148730033577,3.7062111349146223,3.326323930983068,3.5209,117964146.9578801
1998-10-06,3.6320849979149106,3.6320849979149106,3.418978249076291,3.437509,55209147.66012249
1998-10-07,3.4189780153846154,3.650616388804431,3.409712195810954,3.613554,55586446.196735956
1998-10-08,3.465305224734222,3.5950231367042402,3.3077916339022715,3.53943,71115792.96259567
1998-10-09,3.6042887378169404,3.7988647525228227,3.4560409386536466,3.780334,69136668.87634797
1998-10-12,3.8081289927956474,3.8451913719472546,3.6691461828396017,3.678412,34434564.25664119
1998-10-13,3.6320836226952724,3.798862986331636,3.595022134880485,3.669146,29925464.944703754
1998-10-14,3.632083810559299,3.900784503309314,3.632083810559299,3.808129,55493373.51754628
1998-10-15,3.7803328620809618,4.002705383379842,3.7618021151360836,3.965643,33614315.09765251
1998-10-16,4.021236450548198,4.06756465583478,3.854457046292879,3.919316,45418827.54541864
1998-10-19,3.8915206379566385,4.146315172069251,3.872989883796513,4.132424,50908248.58223647
1998-10-20,4.1509547710326515,4.178751341174633,3.845192499470855,3.882254,57380730.49491352
1998-10-21,3.89152093209371,4.058300400612012,3.7618038641874194,4.021238,44845448.10249977
1998-10-22,3.947113282758621,4.141689289655173,3.9100508897101243,4.030503,31905012.848272286
1998-10-23,4.002704835241785,4.104625263716564,3.8915185898184017,4.016596,35522829.14995683
1998-10-26,4.021237213277884,4.1509551452964235,4.011972282055364,4.095362,50387057.34428362
1998-10-27,4.132421153301346,4.150952784186029,4.01197,4.01197,36829201.76033221
1998-10-28,4.002705265625332,4.188015398092781,4.002705265625332,4.17411,43088508.534753524
1998-10-29,4.150955520897673,4.280672575163399,4.150955520897673,4.252876,43955055.355481796
1998-10-30,4.262141768776982,4.410389574819218,4.262141768776982,4.382593,69837291.55931203
1998-11-02,4.382593839709852,4.44745282321188,4.382593839709852,4.438187,56160235.96617267
1998-11-03,4.428920820605786,4.447451572327044,4.391858427672956,4.419655,50289923.64788655
1998-11-04,4.447450485064458,4.558636747191069,4.410388101192221,4.540106,89123870.25580461
1998-11-05,4.4474511243977135,4.734682639345141,4.4474511243977135,4.716151,78478209.2568283
1998-11-06,4.660558,4.743947711070518,4.614230679235352,4.660558,59535222.46649435
1998-11-09,4.5956997917077125,4.716151,4.484513513597769,4.716151,66775775.98791896
1998-11-10,4.669824,4.706886391734858,4.558637714285715,4.669824,35196786.85963325
1998-11-11,4.855134702317236,5.040445791448764,4.845869770503927,4.966321,127392046.4589381
1998-11-12,4.892194816983367,4.9292571954268665,4.8736640725066005,4.882929,48803698.325984254
1998-11-13,4.882930609341288,4.938523750584225,4.855134038719819,4.919993,31572689.737566702
1998-11-16,4.919992265895953,4.966319580189225,4.716150481923329,4.808806,47498672.22757583
1998-11-17,4.808806472813219,5.021913206903579,4.753213334399193,4.901462,52923797.503357165
1998-11-18,4.91999187150838,4.994115746333854,4.901461125174525,4.975585,38106328.200603545
1998-11-19,4.966320607206933,5.003383,4.836603566666668,5.003383,49855967.45242169
1998-11-20,5.105301872928222,5.188691563535889,5.003381436459975,5.160895,62368770.792895414
1998-11-23,5.188693273059486,5.485190641456252,5.179428341821687,5.466659,68377584.564832
1998-11-24,5.36473928155653,5.429598256759558,5.133100846823249,5.188694,53584386.38169836
1998-11-25,5.18869314400538,5.21648971600807,5.06824192498726,5.1331,27111706.433695037
1998-11-27,5.142366716801856,5.32767693262222,5.133100894689177,5.318412,14363729.109140096
1998-11-30,5.262818078267158,5.281348830297742,5.068242068729873,5.077507,37725873.90118812
1998-12-01,4.994117427699492,5.485190821031472,4.994117427699492,5.475925,88791968.93675497
1998-12-02,5.420331391481247,5.466658713715097,5.346207498009034,5.383269,51384485.077375844
1998-12-03,5.38327003611863,5.420332434733282,5.188694,5.188694,46376214.563741855
1998-12-04,5.281346205128205,5.429594816154749,5.262815462308595,5.420329,51920095.625191756
1998-12-07,5.448126746859972,5.485189130069999,5.262816609790001,5.429596,31777757.391526002
1998-12-08,5.429595953581539,5.448126700283089,5.133098669416287,5.23502,43976207.45265539
1998-12-09,5.290613174825,5.429596,5.179426914685001,5.429596,44780263.26032361
1998-12-10,5.429595041135225,5.522249648562395,5.160894366922626,5.179426,72861983.31050584
1998-12-11,5.512987069006125,5.607954390673954,5.346207637232733,5.522252,140292929.11725143
1998-12-14,5.605641462762504,5.679766244308202,5.494455179934222,5.503721,86328544.81540762
1998-12-15,5.642703450236968,5.874341819403527,5.512986426038598,5.865076,77959712.2867632
1998-12-16,5.920670009708737,5.920670009708737,5.65197010232202,5.726094,64318180.94498624
1998-12-17,5.744624041621282,5.837279569377991,5.707562542110775,5.809483,42985970.09406861
1998-12-18,5.781685686826617,5.865075384232771,5.707561807851183,5.828013,60200332.368990935
1998-12-21,5.883605618262701,5.920667999261798,5.726092055624086,5.790951,54177111.018552914
1998-12-22,5.790952956903663,5.957732393523381,5.707563238593804,5.92067,57279543.53139087
1998-12-23,6.013324589710557,6.244962066563547,6.004058770419968,6.180104,84288282.20224126
1998-12-24,6.189369715733643,6.207901356667987,6.09671506902313,6.10598,12143583.787172575
1998-12-28,6.17083817948718,6.578520885839453,6.10597922344629,6.504397,65209488.28922958
1998-12-29,6.559989615281365,6.652645132332893,6.476599916782026,6.597052,41796079.88422708
1998-12-30,6.550725074041504,6.652646429518654,6.448804608054646,6.485867,37540151.19292456
1998-12-31,6.476600708695652,6.578521167271373,6.374680250119931,6.393211,23577999.380905777
1999-01-04,6.467333620720344,6.587785695044851,6.282023489789605,6.374679,48452481.19411189
1999-01-05,6.263493745817197,6.578520929860561,6.161572401429465,6.569256,75328992.32954234
1999-01-06,6.615583073182401,6.9676726321211575,6.569255757121821,6.875018,84605320.31846318
1999-01-07,6.70823787093011,6.986203516279561,6.70823787093011,6.763831,54557101.76318716
1999-01-08,6.800894851650026,6.884284574174987,6.671177801996878,6.856488,57240866.80551326
1999-01-11,7.0417972042285015,7.125186904451642,6.930610937264316,6.995469,62539648.01462203
1999-01-12,7.0973904924150855,7.115921240816326,6.689706911666546,6.810159,49089244.83260964
1999-01-13,6.661909919350295,6.930610646223475,6.467333960333901,6.782362,71786746.26922007
1999-01-14,6.837956571428571,6.837956571428571,6.485866963163429,6.615584,67101351.142998114
1999-01-15,6.708238335404379,7.014000566459562,6.606316998725899,6.986204,77996143.98972604
1999-01-19,7.468008098879772,7.71817711460578,7.308166775765234,7.662584,107696340.49928848
1999-01-20,7.9312890166426735,7.9868821618773405,7.542137,7.542137,91629102.44595133
1999-01-21,7.523606338619249,7.718182372286044,7.13445427128566,7.217844,103491612.61290766
1999-01-22,7.023265801247639,7.718179992976962,7.004735052631579,7.393887,69542758.76815537
1999-01-25,7.47727549293413,7.708913815853794,7.375355057804688,7.569931,36710023.95984851
1999-01-26,7.683431089105702,7.847897818955348,7.60699364203756,7.838632,45475489.21801662
1999-01-27,7.875695088163412,7.959084797722236,7.560667,7.560667,60760644.53043627
1999-01-28,7.708916833533659,8.051740653845805,7.6996510123529305,7.959086,62948404.96308245
1999-01-29,8.079534111465964,8.320438253320587,8.02394098480567,8.209252,76597148.88893653
1999-02-01,8.635468071013815,8.950496183492728,8.524281783020117,8.765186,99991646.45761083
1999-02-02,9.024617194244835,9.154335081766295,8.468685931981497,8.718855,118468782.87050307
1999-02-03,8.765181788266172,9.01535081604395,8.691057038894321,9.006085,64016917.45081242
1999-02-04,9.080213336943743,9.098744978168797,8.635468179387471,8.644734,55241523.33663476
1999-02-05,8.644732045196246,8.67252861125797,8.237049372787661,8.329704,91114672.02013421
1999-02-08,8.487222244209256,8.737391450091609,8.431629087346511,8.505753,63406185.20194508
1999-02-09,8.552074899537212,8.579871460304386,7.9683471234265575,8.098065,58531971.40566296
1999-02-10,8.172192771233796,8.33897221554469,7.773774913327649,7.959086,83701412.11154146
1999-02-11,8.070269803578153,8.848573636637672,8.005410854326493,8.830042,87187480.15572292
1999-02-12,8.598403944623561,8.672527817507287,8.311172491777818,8.403828,73969575.36475044
1999-02-16,8.616935122807018,8.69105899940974,7.810834740350877,7.922021,68684745.97580592
1999-02-17,7.838633328248456,8.394564769968204,7.449481319044631,7.59773,95279734.1991358
1999-02-18,7.7089162522163255,7.810836719557196,7.338294996309964,7.532871,106463667.70385422
1999-02-19,7.625524357627018,8.04247281783463,7.542134665585496,8.033207,58383115.23654251
1999-02-22,8.144394134020619,8.172190701030928,7.959083983781938,8.088801,67313168.54005927
1999-02-23,8.181457550770256,8.691060750511793,8.135129340255384,8.67253,68369045.71099783
1999-02-24,8.737390609628122,8.74665554188703,8.237052245991757,8.255583,51154682.231406316
1999-02-25,8.22778572490394,8.737389866974729,8.079537036967446,8.598407,98745084.9067275
1999-02-26,8.55208098202663,8.55208098202663,8.107335693436026,8.283381,62921408.540787876
1999-03-01,8.325069638225257,8.464052436860069,7.963714361774744,8.144392,52747534.745380625
1999-03-02,8.269479548672566,8.408462398230089,7.769141290265487,7.852531,47052568.146499515
1999-03-03,7.949818407142856,7.9915132589285705,7.199311074999999,7.783039,76334064.367402
1999-03-04,7.852530180412371,8.26947868556701,7.810835329896907,8.088801,60694995.15441164
1999-03-05,8.325075,8.477956176961602,8.186092111853089,8.325075,33782486.19381808
1999-03-08,8.46405585807504,8.603038712887438,8.116598721044046,8.519649,89603678.21491238
1999-03-09,8.408460766129032,8.811510951612902,8.33896935483871,8.616935,67871696.83884118
1999-03-10,8.811509561779243,8.811509561779243,8.213883518945634,8.436256,113851317.75280409
1999-03-11,8.561341315254237,8.561341315254237,7.75524099661017,8.199986,108682952.32455274
1999-03-12,6.6989731115973745,6.7823628183807445,6.226431439824946,6.351516,453915734.44827974
1999-03-15,6.539131189706667,6.698972566666667,6.448803466666667,6.671176,135511340.12953636
1999-03-16,6.754566566037735,6.782363136268343,6.546092289308176,6.629482,90071813.86871554
1999-03-17,6.67117729032258,6.67117729032258,6.462703,6.462703,53068594.13158859
1999-03-18,6.490498726315789,6.643379852631579,6.44880387368421,6.601685,58843144.780461356
1999-03-19,6.671177142857143,6.671177142857143,6.101347428571429,6.129144,126484574.15097442
1999-03-22,6.2542272413793105,6.351515220689655,6.031854717241379,6.045753,54027358.1305753
1999-03-23,6.0457551798561155,6.059653467625899,5.781687712230216,5.795586,66590037.22833204
1999-03-24,5.837279421686747,5.851177706024097,5.7399914313253015,5.767788,64435111.43266708
1999-03-25,5.948465283372366,6.031854983606558,5.809482449648712,5.934567,69121396.09343024
1999-03-26,5.990160443181819,6.254227840909091,5.837279318181818,6.115245,54300318.302864395
1999-03-29,6.282024859649123,6.35151628508772,6.115245438596491,6.337618,52108946.92611641
1999-03-30,6.323719093023256,6.393210511627907,5.976262,5.976262,43807567.33891519
1999-03-31,6.1708382559241715,6.240329677725119,5.8372794312796215,5.865076,69719936.28045058
1999-04-01,5.976262857142857,6.004059428571428,5.698297142857142,5.739992,82841152.04341748
1999-04-05,5.920668962962963,5.93456724691358,5.559313580246913,5.628805,92625194.2019665
1999-04-06,5.642703693931399,5.670500263852243,5.225755145118733,5.26745,112320063.55067442
1999-04-07,5.35083887755102,5.392533725947522,4.669823020408163,4.767111,219036951.83518907
1999-04-08,4.836601962466488,5.2257538445040215,4.767110554959785,5.184059,154656710.6007088
1999-04-09,5.475924299516908,5.7816865700483095,5.253551739130435,5.75389,171053028.90740004
1999-04-12,5.64270371,5.89287284,5.559314,5.559314,101825962.69971439
1999-04-13,5.684398857142857,5.698297142857142,5.211857142857142,5.253552,96828488.61113396
1999-04-14,5.434228411917098,5.656600930051813,5.323042152849741,5.364737,70003704.28224161
1999-04-15,5.531517,5.698296407035176,5.448127296482412,5.531517,70670595.42617333
1999-04-16,5.601007086734694,5.601007086734694,5.434227719387755,5.448126,56569497.474911556
1999-04-19,5.545416152406417,5.559314438502674,5.197959,5.197959,78935991.99224158
1999-04-20,5.170162,5.364737989247312,5.086772290322581,5.170162,100312736.81559688
1999-04-21,5.270918034598963,5.392533564766839,5.170161046632124,5.364737,67649996.16943012
1999-04-22,5.531517714285714,5.795585142857143,5.392534857142857,5.739992,72512090.39141518
1999-04-23,5.753890397971014,6.1569406915486935,5.726093826000139,6.080489,80101603.97954835
1999-04-26,6.198633346405229,6.504395529411766,6.170836784313726,6.379311,79250358.11077403
1999-04-27,6.476598770601337,6.476598770601337,6.087446913140312,6.240328,59576614.00169991
1999-04-28,6.226431121281465,6.282024256292906,5.920668878718535,6.07355,45226357.52566456
1999-04-29,6.087448568807339,6.156939990825688,5.948465724770642,6.059652,42798447.83165766
1999-04-30,6.170839150115473,6.295923727482679,5.8650768498845265,6.017958,44177208.863870434
1999-05-03,5.96236545323741,5.96236545323741,5.670501410071942,5.795586,87128538.42562254
1999-05-04,5.698295980148884,5.712194263027295,5.531516585607941,5.601008,87565673.44663675
1999-05-05,5.58711057,5.58711057,5.36473801,5.559314,95011272.9736079
1999-05-06,5.545416441860465,5.6427044496124035,5.350840426356589,5.378637,63150319.26304006
1999-05-07,5.42032943877551,5.573210525510204,5.257019082269387,5.448126,65298095.16152894
1999-05-10,5.475922117948718,5.4898203974358974,5.309142764102564,5.420329,70307263.63657999
1999-05-11,5.503721712846348,5.767789168765743,5.3890441658841315,5.51762,93696348.01780477
1999-05-12,5.587110148148148,5.837279259259259,5.364737604938272,5.628805,112494553.68413012
1999-05-13,5.309143956521739,5.6704993043478265,5.1006697173913045,5.114568,257820073.95345998
1999-05-14,5.253550869109947,5.475923392670157,5.197957738219896,5.309144,179015371.87539083
1999-05-17,5.406431158163265,5.559312244897959,5.295244913265306,5.448126,62248257.47422141
1999-05-18,5.531518287153652,5.559314861460957,5.448128564231738,5.51762,47256722.55428971
1999-05-19,5.587110312796209,5.89287256872038,5.55931374407583,5.865076,77208270.61746514
1999-05-20,5.93456724691358,6.004058666666666,5.628805,5.628805,92966963.01435207
1999-05-21,5.614907708737864,5.962364868932038,5.5871111359223296,5.726094,53558760.998335
1999-05-24,5.823381563131313,5.8789747045454535,5.462026143939394,5.503721,57516537.44802835
1999-05-25,5.60100734375,5.6427021875,5.33694,5.33694,55447053.929779984
1999-05-26,5.253551856,5.336941568,5.017281005333333,5.211857,103095001.69517314
1999-05-27,5.225754716180371,5.378635838196287,5.100670161803714,5.239653,58390752.45059167
1999-05-28,5.295247405541562,5.531518287153652,5.267450831234257,5.51762,41917035.78716911
1999-06-01,5.54541544117647,5.781686274509803,5.531517156862744,5.6705,66556776.298386395
1999-06-02,5.6427033078758955,5.837279284009547,5.601008455847256,5.823381,59488908.805726424
1999-06-03,5.9067707386363635,6.129143284090909,5.892872454545455,6.115245,109822460.09767392
1999-06-04,6.170836784313726,6.407107562091504,6.115243660130719,6.379311,107506100.58045453
1999-06-07,6.421007710526316,6.448804280701754,6.2542282894736845,6.337618,61373129.462836035
1999-06-08,6.26812581797235,6.282024101382489,5.948465299539171,6.031855,52886926.99012161
1999-06-09,6.059651550351289,6.0735498337236535,5.837279016393443,5.934567,48740281.93632323
1999-06-10,5.865077438848921,5.878975726618705,5.670501410071942,5.795586,56632425.737449154
1999-06-11,5.78168612345679,5.837279259259259,5.559313580246913,5.628805,62209568.68287319
1999-06-14,5.698297281323876,5.920669858156028,5.670500709219858,5.878975,77536539.10758254
1999-06-15,5.9484664378109455,6.129144156716419,5.545416141791045,5.587111,128220396.46250091
1999-06-16,7.268803853889943,7.421685005692599,6.949143263757116,7.324397,456337728.2116193
1999-06-17,7.060327842293907,7.783038566308243,7.060327842293907,7.755242,227717424.87210587
1999-06-18,7.393885832442067,7.991511942959002,7.379987550802139,7.796936,140402249.03731415
1999-06-21,7.727446857142857,7.866429714285714,7.574565714285714,7.588464,69891263.56796317
1999-06-22,7.421684571428571,7.727446857142857,7.338294857142857,7.588464,70824382.24652578
1999-06-23,7.463378882562277,7.8247342846975085,7.449480597864769,7.810836,84946184.0576348
1999-06-24,7.769141574430822,8.061005569176881,7.769141574430822,7.935921,95688061.91493087
1999-06-25,7.9776155699300695,8.057514030537062,7.852531005244755,7.949819,38319476.204426795
1999-06-28,7.949819706984668,8.172192286201023,7.949819706984668,8.158294,48798732.461713195
1999-06-29,8.102701833333333,8.255583,8.033210393939394,8.255583,51629560.86808164
1999-06-30,8.172193272727272,8.297277863636364,8.019312106060605,8.255583,53274097.96497716
1999-07-01,8.199988990066226,8.450158145695365,8.088802698675497,8.394565,54555736.36037126
1999-07-02,8.38066460487805,8.589138848780488,8.352868039024392,8.547444,46139692.46244842
1999-07-06,8.50574704361874,8.672526397415186,8.436255646203554,8.603035,53297964.03246064
1999-07-07,8.519645323101777,8.630831558966074,8.477950484652666,8.603035,48774022.77219609
1999-07-08,8.491853552166933,8.700327861958266,8.477955264847512,8.658633,46566888.79179889
1999-07-09,8.672527593004771,8.742019,8.53354477901431,8.742019,45351830.338048905
1999-07-12,8.644734,8.6864288585209,8.5613442829582,8.644734,47278760.97749219
1999-07-13,8.50574704361874,8.672526397415186,8.50574704361874,8.603035,64145529.74618841
1999-07-14,8.630834408866995,8.644732692939245,8.380665295566503,8.464055,71379315.23365574
1999-07-15,8.408462580128205,8.71422485576923,8.394564294871794,8.67253,74539321.28225559
1999-07-16,8.728123710691824,8.853208286163522,8.700327138364779,8.83931,67609505.15368281
1999-07-19,8.81151056329114,8.839307126582279,8.714222591772153,8.783714,46822335.06236655
1999-07-20,8.70032015,8.70032015,8.213880525,8.338965,64784568.58854786
1999-07-21,8.325071880327869,8.519647850819672,8.269478745901639,8.477953,35638843.18537742
1999-07-22,8.436259727586208,8.436259727586208,7.838633420689656,8.061006,49528138.9196336
1999-07-23,8.074904573402417,8.186090867012089,7.866430272884283,8.047108,31118493.90489105
1999-07-26,7.880326987499999,8.08880124642857,7.741344148214285,7.783039,33212283.7878623
1999-07-27,7.90812607925801,8.352871306913997,7.845572662988196,8.241685,51983919.24709571
1999-07-28,8.227782898839138,8.491850255389718,8.06100351575456,8.380664,37885977.76978053
1999-07-29,8.213885886699508,8.53354642036125,8.186089318555009,8.464055,52655780.828456335
1999-07-30,8.436258431855501,8.547444704433499,8.352868727422004,8.464055,33161917.51471369
1999-08-02,8.408461581967213,8.672528970491802,8.352868447540983,8.477953,37014912.385100506
1999-08-03,8.491853893939393,8.547447045454545,7.99151553030303,8.255583,49923865.15888703
1999-08-04,8.199989574829932,8.352870736394557,8.116599850340135,8.172193,38741733.70599544
1999-08-05,8.088803545454544,8.352871015151514,7.908125803030303,8.255583,47231087.43501216
1999-08-06,8.102694724315068,8.269474032534246,8.088796448630138,8.116593,21319191.43906809
1999-08-09,8.102699283505155,8.283376969072165,8.033207865979382,8.088801,20016860.34802933
1999-08-10,8.116598277777777,8.116598277777777,7.796937729166666,8.005412,27907220.765152376
1999-08-11,8.144396425170068,8.172193,7.89422725170068,8.172193,28043473.15341182
1999-08-12,8.088800968309858,8.213885519366197,7.866428433098592,7.894225,33194297.09692845
1999-08-13,8.102701919093851,8.63083686407767,8.061007055016182,8.589142,54957308.308559805
1999-08-16,8.505748216216217,8.78371384419714,8.35286712082671,8.742019,53753048.92382411
1999-08-17,8.769817681742044,8.839309105527638,8.144394867671693,8.297276,52733575.60360774
1999-08-18,7.894224282186949,8.00541053968254,7.7135466137566135,7.880326,117582876.64748895
1999-08-19,7.82473429861111,8.144394847222221,7.796937729166666,8.005412,42598781.9240284
1999-08-20,8.074904841216217,8.227786,7.991515118243243,8.227786,25526976.515918132
1999-08-23,8.325072430948419,8.38066556905158,8.213886154742097,8.352869,29604822.75610931
1999-08-24,8.255576832487309,8.547440659898477,8.17218716751269,8.213882,39922213.39434874
1999-08-25,8.255576832487309,8.297271664974618,8.15828889001692,8.213882,32452762.59142754
1999-08-26,8.213888136363636,8.45015903030303,8.213888136363636,8.255583,31538956.727828916
1999-08-27,8.241684287162162,8.311175722972973,8.019311692567568,8.227786,26073806.489376362
1999-08-30,8.21388092979452,8.241677481164384,8.060999897260274,8.116593,19545140.430227313
1999-08-31,8.116593,8.130491275684932,7.880322313356165,8.116593,27422916.240841445
1999-09-01,8.144393207296849,8.491850255389718,8.130494925373135,8.380664,44661095.76759073
1999-09-02,8.283376624390245,8.644731980487805,8.255580058536585,8.547444,54414995.28981997
1999-09-03,8.644734918674699,9.256259575301204,8.644734918674699,9.228463,115570442.22857046
1999-09-07,9.228460496433666,9.96506954208274,9.165907100345791,9.742697,109600312.03372127
1999-09-08,9.645407768688294,9.965068256699578,9.575916358251058,9.853882,79842601.62644528
1999-09-09,9.83998284255319,9.895575965957446,9.589813787234043,9.798288,57729711.9404941
1999-09-10,9.89558038814016,10.437613583557951,9.839987239892181,10.312529,72387517.64964734
1999-09-13,10.326424110655738,10.382017241803279,9.895577344262295,10.173543,67097767.70983324
1999-09-14,10.229136550206327,10.326424533700138,9.714900066024759,10.104052,90664524.36606622
1999-09-15,8.922699294289897,9.659308426061493,8.8671061522694,9.492529,288535589.4093134
1999-09-16,9.492527263703705,9.555058418410667,9.270154736296297,9.381341,69431238.56173652
1999-09-17,9.42303854806313,9.728800860832138,9.41607828596155,9.687106,72401009.13523605
1999-09-20,9.72879778393352,10.117949695290859,9.64540808864266,10.03456,47241448.55379807
1999-09-21,9.965070425561798,10.229137842696629,9.756596148876405,9.895579,60309598.86227981
1999-09-22,9.895579567715458,10.173545285909713,9.75659670861833,10.159647,42726491.87516063
1999-09-23,10.173542137931035,10.256931827586207,9.562017747126436,9.673204,45246151.12014592
1999-09-24,9.56201867851852,9.687103225185187,9.131171906666667,9.381341,57072697.54931624
1999-09-27,9.60371499113737,9.701002986706056,9.381342429837519,9.409139,46959031.00166763
1999-09-28,9.339646040816326,9.562018565597667,9.158968364431486,9.534222,42494458.38370451
1999-09-29,9.50642742857143,10.020664,9.50642742857143,9.631512,51491962.009703144
1999-09-30,9.645413145604396,10.20134473901099,9.450837087912088,10.117955,65854775.001470156
1999-10-01,9.937276401933701,10.20134388674033,9.881683247237568,10.062361,38865846.1965338
1999-10-04,10.10405217876344,10.368119567204301,10.020662477150537,10.340323,45870772.12191534
1999-10-05,10.382020005405405,10.423714864864865,10.117952562162161,10.284732,52043286.10604535
1999-10-06,10.3264255626703,10.39591698637602,10.159646145776566,10.201341,35199937.19453158
1999-10-07,10.048459271328671,10.104052406993006,9.86778158041958,9.937273,43125378.18473942
1999-10-08,9.923378113259668,10.145750732044199,9.645412339779005,10.062361,32098376.315459166
1999-10-11,10.0206614843962,10.395915104477611,9.992864919945726,10.243034,28442813.550164923
1999-10-12,10.215239162234043,10.632187699468085,10.201340877659575,10.45151,51192918.535216436
1999-10-13,10.270833281949935,10.701680144927536,10.25693499604743,10.548799,64145949.81381293
1999-10-14,10.534899823540226,10.562696392995477,10.256934128987714,10.402855,53462532.57591305
1999-10-15,10.298630008333335,10.340324866666668,9.951172855555557,10.006766,63908059.806734756
1999-10-18,9.978967535612536,10.020662386039888,9.492527613960116,9.756595,52881530.39046921
1999-10-19,9.923374690442225,9.96506954208274,9.575917593437945,9.742697,44316172.79589009
1999-10-20,9.881679582402235,9.965069283519554,9.77049331424581,9.951171,50812479.75740744
1999-10-21,9.381340456431536,10.173542539419088,9.339645609958506,10.048458,62165056.817672916
1999-10-22,10.090155722379603,10.215240297450425,9.687105424929177,9.81219,45768233.18749434
1999-10-25,9.701003428571429,9.853884571428573,9.589817142857143,9.631512,47108777.54707672
1999-10-26,9.673205283453237,9.756594984172661,9.506425882014389,9.659307,47857978.45021387
1999-10-27,9.666247704243235,10.020665149232913,9.617614817294282,9.965072,43972144.656857476
1999-10-28,10.0762564373297,10.215239284741143,9.728799318801089,10.201341,44572046.94951379
1999-10-29,10.243034219448095,10.840660367936927,10.2291359369251,10.576593,60605959.66489397
1999-11-01,10.701678119658121,11.660659665445666,10.646084986568987,11.382694,101558406.34036195
1999-11-02,11.424388641509433,11.98031996226415,11.424388641509433,11.785744,94171704.39133924
1999-11-03,12.313882109051255,12.842017007633588,12.230492388222464,12.744729,98105616.83971468
1999-11-04,12.939302,13.119979686358754,12.814217447905477,12.939302,94099749.3527858
1999-11-05,13.286758815761448,13.648114181043663,13.008793150159745,13.050488,94611055.4448232
1999-11-08,13.25896385488959,13.495234699263934,13.078286150368035,13.217269,61075881.10675511
1999-11-09,13.314555518716578,13.314555518716578,12.84201388235294,12.994895,62473092.799133815
1999-11-10,12.939305835456475,13.342356178343948,12.772526383227175,13.092187,57304721.12871593
1999-11-11,13.258965806646525,13.981676731117824,13.231169232628398,13.800999,53918964.94232048
1999-11-12,14.065060564299424,14.843364310940498,13.731501815738962,14.482009,78397284.1751445
1999-11-15,14.55150324585366,14.732180936585367,14.231842716097562,14.245741,47857077.511798084
1999-11-16,14.301334148255814,14.551503258720931,14.231842728682171,14.343029,65315617.78199012
1999-11-17,15.51048334859155,16.094211216549297,15.260314262323943,15.788449,112696478.29245292
1999-11-18,15.955238631844987,16.60845833192923,15.357612097725358,16.497272,72867319.74534942
1999-11-19,16.483364909688014,17.386753374384238,16.31658550082102,16.92811,67551054.87263492
1999-11-22,16.83082106779661,17.317260983050847,16.650143384987892,17.219973,45610848.95429278
1999-11-23,17.31726505952381,17.31726505952381,16.274893567176868,16.344385,73039129.3401373
1999-11-24,16.219300154046998,16.219300154046998,15.288114969538729,15.969131,82094653.42854285
1999-11-26,15.788451056027164,16.42777213752122,15.746756202886246,16.372179,20764703.189477712
1999-11-29,16.19149913006029,16.677939018087855,15.802347219638241,16.135906,40063853.17006681
1999-11-30,16.163706285714284,16.17760457142857,14.951064179200001,15.07964,71869025.47076721
1999-12-01,15.21862078249337,15.746755567639257,15.01014652519894,15.718959,45257836.01509489
1999-12-02,15.774551349794237,16.90031228312757,15.760653066666665,16.886414,55468182.143349096
1999-12-03,17.261669166004765,18.19285421763304,17.122686322478156,17.49794,83983837.16883245
1999-12-06,17.51183842231076,17.762007542629483,17.24777101752988,17.442347,43489180.38380958
1999-12-07,17.414551717665613,17.817601996845426,16.969806582018926,17.623026,58335432.85926038
1999-12-08,17.456244794745487,17.567431067323483,16.872516863711002,16.92811,48258655.27811433
1999-12-09,17.136585164677804,17.664719987271283,17.122686879872713,17.470144,74874796.75324942
1999-12-10,17.678617683899557,18.846073568685373,17.21997430059084,18.818277,55802301.26807041
1999-12-13,18.679297202819104,18.693195489428344,17.692518853563037,17.748112,67872574.98149663
1999-12-14,17.92878677497969,18.48471814784728,16.983703441104794,17.108788,85054563.04093546
1999-12-15,18.95725686307054,20.333186796680497,18.42912214107884,20.096916,166578140.64605734
1999-12-16,19.930141285415214,20.15251385205862,19.429803010467552,19.916243,67004667.9988791
1999-12-17,20.458270919365955,21.08369360372157,20.072588927523945,20.166407,92159772.80930609
1999-12-20,20.986416048020764,21.848109951979232,20.958619470473717,21.417263,79090672.09007987
1999-12-21,21.639631284069097,22.09827472168906,21.15319127447217,21.723021,67855939.27060145
1999-12-22,22.195560114217724,23.43250742177275,22.014882417608565,23.363016,61442835.54828709
1999-12-23,23.515894755711773,24.572164260105446,23.404708492091387,23.724369,62975405.162514545
1999-12-27,24.155218341317365,24.169116625748504,22.709796760479044,23.210135,43626787.392662734
1999-12-28,23.14064165194346,24.14131804770318,22.681998303886925,23.599285,38484519.23437511
1999-12-29,23.501997436931816,24.50267385056818,23.488099153409088,24.460979,25576449.740625672
1999-12-30,24.89182957070707,25.114202140852974,24.196915289001122,24.766745,30801460.789457798
1999-12-31,24.766740883435585,25.211485949804796,24.641656333519244,24.919622,12046002.092246825
2000-01-03,27.71318065925926,27.838265225925927,24.82233734074074,26.267759,110304525.31180905
2000-01-04,25.68403491120139,26.37894927568195,23.34912264654672,23.946749,131339024.87139277
2000-01-05,22.59860929779412,23.654878859068628,21.34776376470588,22.681999,186684471.6817067
2000-01-06,22.271984738303704,23.349113593749998,21.05589708007812,21.347761,123531456.06230088
2000-01-07,21.12538916565901,23.01555556469166,20.80572867170496,22.987759,103155283.1008886
2000-01-10,24.016234781857452,25.795215136069114,23.46030342116631,25.739622,102888151.38777097
2000-01-11,25.04470412791991,25.517245715239156,24.349790028921024,24.989111,97342517.00670744
2000-01-12,24.961318106508873,24.961318106508873,23.05725319526627,23.4881,93810591.85289572
2000-01-13,24.127421639500295,24.433183895300413,23.015558891136227,23.363016,62709178.90053237
2000-01-14,24.238602850789935,24.766737545933292,23.293519712112346,23.752163,64169354.54467873
2000-01-18,23.988435740449436,25.461653694382022,23.48809756741573,24.738943,75076722.15421654
2000-01-19,24.961319879649892,25.906403260393876,24.016236498905908,25.406065,55310781.106794775
2000-01-20,26.239958734177215,26.79589006329114,25.850806803797468,26.351145,61301186.34313614
2000-01-21,27.35182142827225,27.35182142827225,26.239958768586387,26.545721,57213676.02899164
2000-01-24,26.79589438062284,26.85148752249135,24.016237287197235,24.099627,56237152.550120376
2000-01-25,24.488775526024366,25.572841638981174,24.405385825027686,25.1003,59651251.18026478
2000-01-26,25.239282292849033,26.212162116912598,24.460978433598182,24.488775,53479177.1944493
2000-01-27,24.82233643908323,25.211488410132688,22.23725548854041,23.043356,68639315.70991656
2000-01-28,22.904372527704485,23.09894850791557,20.736240176781003,21.069799,97127546.1621632
2000-01-31,21.31996672909056,22.292846566793518,20.930814794009375,22.216394,76614677.48780473
2000-02-01,22.793184097222223,24.15521582986111,22.237252777777776,24.016233,64200376.47036486
2000-02-02,24.43318166168009,24.905723286536247,24.016233169159953,24.155216,71876009.35756484
2000-02-03,24.627757122381475,25.35046782800441,24.1274189415656,25.211485,62432622.9692539
2000-02-04,25.628433303783783,25.906398957837837,25.267077953513514,25.711823,45999388.10250833
2000-02-07,26.378940348279457,26.684702565172056,26.18436439207508,26.656906,50243617.92024926
2000-02-08,27.018260726128016,27.324022935991604,26.239956919202516,26.490126,62640384.85509658
2000-02-09,26.71249913034411,27.268430433785195,26.156567826903025,26.656906,58990651.89711064
2000-02-10,26.684704032096292,27.852159833500505,25.79521389769308,27.713177,50915235.87317325
2000-02-11,27.796566492146596,28.797242885863874,26.1287725026178,26.545721,62703337.85622173
2000-02-14,27.07385511758794,27.685379565829145,26.07317874773869,27.657583,42271184.04561961
2000-02-15,27.407416272912425,28.10233047861507,26.295553543788188,27.29623,53931342.80814603
2000-02-16,27.129448734693877,27.824362892857145,26.74029680612245,27.240635,37649884.07942766
2000-02-17,27.463018154158213,27.907763387423934,26.684713995943206,27.407425,45410942.016625054
2000-02-18,27.43521133511206,27.57419416862327,25.96199329989328,26.045383,71825866.8916483
2000-02-22,26.295554292939936,27.324027346680715,25.044708687038987,26.378944,84932019.78631139
2000-02-23,26.768092013875123,28.137060827860168,26.5179229296333,28.046734,78319479.64065976
2000-02-24,28.102331382441978,28.936228456104946,26.795892633703332,27.5464,79779630.0060988
2000-02-25,27.51860421238938,31.576903419469026,27.51860421238938,31.410124,116006444.68961664
2000-02-28,31.688092021857923,34.02300406557377,30.35385656830601,30.520636,137513134.96547058
2000-02-29,32.63317895117845,33.10572072474748,31.632502254208756,33.022331,62492411.5744585
2000-03-01,32.79995251748252,33.13351135664335,31.46571716083916,31.799276,50517024.34986256
2000-03-02,32.68875374452555,32.71655030383212,30.187063406934307,30.465029,58810111.423166536
2000-03-03,31.632475796666668,33.41145510333334,31.20854413839835,33.355862,53934747.66144553
2000-03-06,33.272485559405936,34.21756869141914,32.188419613861385,33.689434,51176066.804802954
2000-03-07,34.07860562802335,35.57962088407005,33.07792879065888,33.328098,60688898.4858962
2000-03-08,34.41215263609023,37.16401298421053,33.3558830075188,36.969437,70581102.57399917
2000-03-09,37.497571845982144,37.80333410714286,35.63520170982143,37.358589,63492997.55405644
2000-03-10,37.358599938744256,37.38639651607963,35.69080529862174,36.30233,50253264.391018435
2000-03-13,34.91248374603175,37.191801952380956,34.15499314550679,35.02367,73978569.35038504
2000-03-14,36.41351282467532,37.24741006493506,34.0230074025974,34.24538,81354448.39566681
2000-03-15,37.35857933227345,37.80332432432432,34.24536438791733,34.968075,162801608.32416427
2000-03-16,35.88536766514112,36.71926466742944,34.10638739359268,36.441299,107401303.46341385
2000-03-17,36.357916745497256,36.46910303523884,35.35724013782302,35.496223,74261853.85977545
2000-03-20,35.801970310399994,35.857563432,34.4955319528,34.745701,53045681.10454874
2000-03-21,34.63452634546862,35.96876171030209,33.80062924244771,35.885372,59159052.50334315
2000-03-22,36.02435120297398,37.52536583643123,35.07926791524164,37.386383,59806845.315846674
2000-03-23,36.96943207194244,39.137564178417264,36.71926298273381,38.637226,57115644.4435219
2000-03-24,38.60942830603449,39.888070280172414,38.44264891810345,38.692818,59384136.8700517
2000-03-27,39.61011874558304,39.72130504381625,38.665035210600706,39.332153,36647051.52296138
2000-03-28,38.97079878267149,40.0270686498195,38.025715217328525,38.498257,40516681.70327815
2000-03-29,38.27587542954545,38.303671998484845,36.496895017424244,36.691471,58422453.27258752
2000-03-30,34.91248956812749,37.58096010836653,34.69011702310757,34.884693,79805265.52147098
2000-03-31,35.662998354683744,36.27452287830264,33.80062821457166,34.717915,89761526.9378936
2000-04-03,34.96808086666666,35.857571,33.35588,34.189777,80493304.32895191
2000-04-04,34.74570679012346,34.74570679012346,28.94316352703676,33.772827,138994015.62534282
2000-04-05,32.577574760383385,36.02434888178914,32.2648291531936,34.8013,82897831.4028499
2000-04-06,35.857571817490495,37.108417346007606,35.63519927908745,36.552486,70161765.9808419
2000-04-07,37.21961339670014,38.804018149210904,36.913851076040174,38.748425,52574598.51593968
2000-04-10,38.915196515151514,38.9707896530303,36.580284724242425,36.691471,63228577.01725832
2000-04-11,35.66298515347334,36.302306009693055,34.16197096930533,34.41214,79802818.49661195
2000-04-12,34.662328225641026,35.57961517948718,32.43860227692308,32.521992,75473553.78784916
2000-04-13,33.30029390964379,34.467749956559516,31.910465282363162,31.993855,71059570.26747793
2000-04-14,31.097373967130682,31.701959506766972,26.795889623999997,27.796566,123611717.00130154
2000-04-17,26.907074673350046,33.3002845647452,26.76110846307,33.272488,129630227.08130512
2000-04-18,33.60605608788598,35.162664144893114,32.799955486935865,35.107071,88521255.80342491
2000-04-19,34.96807766806371,35.38502612992456,33.02231817937972,33.161301,51922109.63767676
2000-04-20,32.827754579876434,33.57826209355693,31.076570381288615,31.493519,56659184.58493
2000-04-24,29.964695363244175,32.32740325366695,29.797915982743746,32.216217,67145890.37564528
2000-04-25,33.30028280397023,33.967400322580644,32.29960652605459,33.606045,69437765.77249718
2000-04-26,33.85622927272727,34.606736818181815,31.604706636363634,32.105045,53726042.122040324
2000-04-27,31.159944919967664,34.49553224413905,31.104351797898143,34.384346,58574017.41042275
2000-04-28,34.91248992650508,35.57960756841282,34.74571051602815,35.551811,46876964.474467985
2000-05-01,35.52400969411765,36.41349976470588,35.023671529411764,35.44062,41701870.79825353
2000-05-02,35.107066236144576,35.35723535421687,34.41215201927711,34.606728,39731747.57376658
2000-05-03,34.18978068425392,34.300966962901896,32.07724138994229,33.717239,55765873.94952475
2000-05-04,33.49487277356903,34.21758372138047,32.466399501683505,33.022331,44856920.45785623
2000-05-05,32.91114125956062,34.2453767160293,32.799954971521565,34.161987,39673956.90420466
2000-05-08,33.49486009075195,33.800622299049266,32.04943874243734,32.160625,41066675.865285575
2000-05-09,32.772155375,33.022324499999996,31.688089166666664,32.021648,48943989.39117687
2000-05-10,31.54910617375231,32.52198609981516,30.020294861367837,30.075888,80011897.32120295
2000-05-11,30.659619510362695,32.188431,30.242670922279792,32.188431,52378535.08609972
2000-05-12,32.60539282645325,33.99522201769166,32.49420649115417,32.994545,43888261.87025764
2000-05-15,33.105720438311685,34.24538,31.410129383116878,34.24538,47186344.552170254
2000-05-16,34.523343674822414,35.46842715706393,34.273174517758484,35.218258,43014969.85597641
2000-05-17,34.57893002717825,35.524013323741,33.911812406075136,34.773506,38216948.84605539
2000-05-18,34.82910614371258,35.023682155688626,32.21622826860565,32.494194,52214844.71195069
2000-05-19,32.02164353256021,32.911133630686884,30.909780909901873,31.15995,58717685.68306432
2000-05-22,31.159957604608298,31.243347321658987,27.90775863963134,30.159281,102481160.77435665
2000-05-23,29.797920750499,30.465038379241513,27.740974728542913,27.852161,65851205.40556979
2000-05-24,27.469949294167314,28.68606128404669,25.85081104085603,28.574875,95779799.56167787
2000-05-25,29.130807420508,31.49351603762935,28.908434844778927,29.547756,91016169.29894778
2000-05-26,29.714538276119402,30.909790985074626,28.936234186567162,29.797928,32494786.214665662
2000-05-30,30.631835374894695,32.994545,30.492852455770855,32.994545,43769991.941092074
2000-05-31,32.57758360695652,33.995208832173915,31.910465853913042,31.966059,57268525.422542706
2000-06-01,32.88334874719101,34.634533,32.688772719101124,34.634533,60035498.02447171
2000-06-02,35.801984860483245,36.246730014029616,34.91249455339049,35.663002,65166308.770080544
2000-06-05,35.24605159227799,36.4691007011583,35.13486530965251,35.996559,43291311.53897238
2000-06-06,35.80198967072182,36.246734884022715,33.91182251419303,34.273178,44992052.5315744
2000-06-07,34.134195059374996,35.690803303125,33.60606011953125,35.579617,38314971.18139299
2000-06-08,36.41350345978756,36.802655405159335,35.69079270409712,36.635876,52579108.8631264
2000-06-09,36.85824669841269,37.24739862433862,36.413501640211635,36.774857,37072025.18829645
2000-06-12,36.7192630977502,36.83044935996897,35.746383303335925,35.829773,27213343.98350779
2000-06-13,35.57261055552071,36.35789755776588,34.71790064957919,36.330101,41854777.8397313
2000-06-14,36.41349894778481,36.46909207594936,35.023670743670884,35.134857,37315538.24169543
2000-06-15,35.24604941515151,36.74706413787879,35.19045627727272,36.691471,41357172.62466801
2000-06-16,36.413494,37.24739080916031,36.052138716030534,36.413494,47110595.182104744
2000-06-19,36.49689324200582,38.27587356758721,36.13553786337209,38.248077,57423007.1749751
2000-06-20,38.665018259162885,38.9707804452526,37.58095232666299,38.268883,64298193.6433159
2000-06-21,35.94095841841914,38.85959773313996,35.71858589920232,38.331463,121478364.75090973
2000-06-22,37.63655964263803,37.91452537116564,36.191137854294475,36.246731,47336770.8663162
2000-06-23,35.94096700235849,36.23974590104682,34.94029042688679,35.357239,45692460.60191521
2000-06-26,35.69079092063492,37.10841579365079,35.24604586243386,36.774857,43780587.64443327
2000-06-27,36.63587713677811,37.330791346504554,36.33011488449848,36.580284,32132563.541606184
2000-06-28,36.49689899246421,37.80333787490581,36.33011956066316,36.886051,36093479.483612925
2000-06-29,36.49688465996908,36.969426197836164,35.3850222179289,35.96875,40193596.17723719
2000-06-30,35.746385530111525,37.58095897100372,35.579606126394054,37.386383,42825656.770541295
2000-07-03,36.07995058144973,36.357916302416214,35.07927398597038,35.663002,47371173.87790293
2000-07-05,34.16197763612792,34.52333297320657,32.10503187121867,32.160625,106391520.49283867
2000-07-06,31.9104626446281,33.745036280991734,31.9104626446281,33.63385,56811190.58626948
2000-07-07,33.77282256177925,34.245364112026365,33.57824662932455,33.745026,35391292.55671635
2000-07-10,33.189112613827994,33.578264688026984,32.410808465430016,32.96674,49418855.18555975
2000-07-11,32.74435285220398,33.46706352636128,31.632490276577357,32.160625,47354548.26359873
2000-07-12,32.660964686192465,33.41147195983263,32.46638872635983,33.216896,38638316.400785916
2000-07-13,33.689434,34.07858587788779,33.244688996699665,33.689434,46796928.22978267
2000-07-14,33.8840165681445,34.022999408866994,33.41147490968802,33.85622,35651883.16947373
2000-07-17,33.49486461412151,34.690117044334976,32.93893325123153,33.85622,36412768.46617844
2000-07-18,33.661663011794445,34.07861176916597,32.93895183235047,32.994545,33690066.22912969
2000-07-19,33.355873220338985,33.772821635593225,32.466383267796616,32.799942,35479433.9270478
2000-07-20,33.272483277599996,35.134852851199994,33.2446867168,34.745701,39777852.661542214
2000-07-21,34.439943054681024,34.55112931151615,33.3836736147473,33.550453,34767111.60204007
2000-07-24,34.30094475666667,34.96806199666667,33.328065448333334,33.355862,42788805.75774057
2000-07-25,33.74503586019737,34.02300155921053,33.050121612664476,33.800629,30487349.806419283
2000-07-26,33.27249237947883,34.69011736807818,32.93893355863192,34.134186,35780495.834879436
2000-07-27,33.77283399666944,34.6901208459617,33.35588542880932,33.383682,36581625.2308538
2000-07-28,33.41148019170985,33.995208215025905,31.60470297668394,32.188431,37328568.06534
2000-07-31,31.910458819617624,33.57825283458022,31.743679418121364,33.43927,38681035.800123625
2000-08-01,33.439278953846156,33.74504127179487,32.410805702564105,32.521992,33941682.446757875
2000-08-02,32.46639885128205,33.46707552820513,32.188433107692305,32.521992,34081312.96201044
2000-08-03,32.38299913236481,34.46774156577885,31.854864382566586,34.439945,50524676.72349651
2000-08-04,34.82909947356322,36.608079813793104,34.74570977011494,36.274521,82307373.88648081
2000-08-07,35.968749035114506,36.63586648244275,35.91315591450382,36.413494,45814346.66774905
2000-08-08,36.02436256626506,37.02503930421687,35.94097283810241,36.913853,39271698.35129375
2000-08-09,37.13622250691244,37.48365566233172,36.10774927880184,36.191139,34678284.78678165
2000-08-10,36.218927485558154,36.63587599843872,35.57960643247463,35.607403,27471917.14599349
2000-08-11,35.5518131679507,36.44130341140216,35.24605089676426,36.079948,24853336.124542084
2000-08-14,35.66299613657057,36.71926570257967,35.52401329893779,36.635876,24578349.443589117
2000-08-15,36.44130629538462,37.16401717538462,36.07995085538462,36.135544,35086160.59578347
2000-08-16,36.19113571362586,36.58028771054657,36.052152857582755,36.107746,25518210.310053695
2000-08-17,35.96876686969471,37.38639214817572,35.940970295606846,37.330799,33822738.26365195
2000-08-18,37.1362251498847,37.69215666410453,36.079955272867025,36.163345,34987672.946183495
2000-08-21,36.524685407963936,37.08061669271225,35.92009990666451,36.997227,22817118.496475425
2000-08-22,36.85824280478684,37.44197063201197,36.55248060957368,37.164005,26140371.913629867
2000-08-23,36.88606157993967,36.969451319758676,36.024367601809956,36.858265,28223795.93830583
2000-08-24,36.858248541697414,37.83112840516605,36.77485883911439,37.664349,45434116.95500167
2000-08-25,37.66435156942393,38.60943492983752,37.58096186115214,37.636555,30204491.68368359
2000-08-28,37.80333798270893,39.10977686887608,37.775541410662825,38.581642,29043149.58912324
2000-08-29,38.609430506410256,39.70043550216704,38.49824424145299,39.026379,42359773.50089282
2000-08-30,38.99859084985835,39.49892915014164,38.74842169971671,39.24876,30436981.321193334
2000-08-31,39.33214134707904,40.47180056632302,39.33214134707904,40.444004,44789704.797774225
2000-09-01,41.006873949507394,41.333493830634275,40.416207148448045,41.194511,34196894.88485493
2000-09-05,41.08332387645847,41.277899835277964,40.27722347563486,40.499596,28708357.825347196
2000-09-06,40.638580261904764,40.80535966106443,39.61010730042017,39.693497,43252868.977505304
2000-09-07,40.08266023577793,40.80537116929404,39.80469449211789,40.555202,32107148.8251988
2000-09-08,40.38842413068593,40.41622070613719,38.47046042454874,38.498257,38864274.913796745
2000-09-11,38.275873847191015,38.5816360928839,36.63587634756554,37.108418,46610520.758389644
2000-09-12,36.9138366992126,37.94230955905512,35.162653181102364,35.301636,55769033.62212448
2000-09-13,34.578934857142855,36.80266057142857,34.217579428571426,36.385712,76597126.57265028
2000-09-14,38.41486825165563,38.52605455629139,36.58029422516557,37.775547,72143102.7524234
2000-09-15,36.079939355147644,36.858243131683956,34.69011118276137,34.829094,138213578.35205245
2000-09-18,35.051478502229195,35.57961338846421,33.24470125984625,34.009083,82066996.29138488
2000-09-19,34.43994502600473,35.4684179605989,33.85621714420804,35.273842,59807972.75357757
2000-09-20,35.13486247380766,35.857573252541044,34.46774483189992,35.551811,41992818.417885944
2000-09-21,35.32944357957245,35.579612731591446,33.57825951543943,35.107071,30534340.21881233
2000-09-22,33.77281839219064,35.91315338494676,33.57824248375827,35.90617,66025934.831829734
2000-09-25,36.079939412698415,36.71926037301588,35.02367,35.02367,39065755.38771351
2000-09-26,35.27385185287175,36.024359339103064,34.9680895436664,35.329445,44962151.43628778
2000-09-27,35.662996840375584,35.99655565727699,34.69011695774648,35.524014,54194639.99760838
2000-09-28,35.357250804320614,36.552503779623905,34.85691234954249,36.239758,47430069.132950604
2000-09-29,36.18414228042743,36.33010848412699,34.8012974920635,35.02367,39171883.614709705
2000-10-02,35.46841501587302,36.52468442857143,34.565002686150095,35.02367,51868821.85676144
2000-10-03,35.49621203507194,36.295329000361754,30.57622023381295,30.909779,108857654.72473937
2000-10-04,29.353174722935783,31.46571381284404,26.9070768293578,30.298258,230302720.7042728
2000-10-05,30.381655,30.965383046660566,29.575554364135407,30.381655,61064180.83544165
2000-10-06,30.798598802218116,31.854868436229207,29.742329168207025,30.075888,60010103.442332275
2000-10-09,30.075886956928837,30.576225187265916,28.96402422284644,29.686735,45311348.65454218
2000-10-10,29.380968990328824,29.90910372147002,28.686054870406192,28.741648,57278210.87364231
2000-10-11,28.01894385542169,29.346195888911325,27.57419871485944,27.685385,80593573.10725497
2000-10-12,28.38029537698413,28.852837023809528,27.463008650793654,28.01894,57211875.25295389
2000-10-13,27.574194133333332,31.799272266666666,27.574194133333332,31.688086,43298962.581709735
2000-10-16,32.521993860759494,32.911145924050636,29.686743113924052,30.743013,41012807.73130467
2000-10-17,31.799276653061224,31.910462935064935,29.24199216697588,29.964703,33000811.196092952
2000-10-18,28.074538351955304,31.4657202122905,27.12945488268156,29.853519,59076415.539153025
2000-10-19,32.02164717525773,32.46639227491409,30.798598151202754,32.355206,44206220.63107865
2000-10-20,32.13283188652482,32.46639069503546,31.076562326241135,31.354528,38306663.39483726
2000-10-23,31.298934411009178,31.35452754495413,29.686733526605508,30.298258,31834304.426016834
2000-10-24,31.1321552530541,32.52198361256545,30.687410178010474,31.854866,41274206.34888246
2000-10-25,32.466382079999995,32.57756832,30.242657279999996,30.576216,37506439.64576912
2000-10-26,30.909782473394497,31.91045888440367,27.518601302752295,30.298258,56196912.78950757
2000-10-27,30.68741673126143,31.298941340036563,29.353181221206583,30.409451,39306216.63475608
2000-10-30,30.020295770750987,30.35385461264822,27.907756438735177,28.130129,39820897.639680214
2000-10-31,29.01961125,30.9097775,28.908425,29.35317,47084284.25277406
2000-11-01,29.18639297808765,29.51995175498008,27.018260928286853,27.907751,70480944.07535742
2000-11-02,28.852835029598307,28.908428160676532,24.238605150105705,26.295551,168374555.78512123
2000-11-03,28.018942663917525,28.24131522474227,26.239962177319587,26.962673,73095236.83909233
2000-11-06,27.296225610738258,27.57419124832215,24.460976107382553,24.850128,84937994.33346982
2000-11-07,25.239283957647057,25.294877094117645,23.571489863529408,23.627083,66275042.81844696
2000-11-08,24.349796886649877,24.46098317380353,21.792512282115872,22.070478,70872049.07841143
2000-11-09,21.959288574712645,24.349793406896552,21.403357218390806,24.183014,75639621.72994648
2000-11-10,23.51589616216216,23.96064124324324,22.126067783783782,22.626406,61394046.07607589
2000-11-13,22.348443863636362,23.01556159090909,20.90302212121212,22.014885,69312503.79004933
2000-11-14,24.349792850220265,25.350469268722467,23.571488969162996,25.239283,87122156.4614177
2000-11-15,25.62843785930736,26.184369266233766,24.64163737475671,25.684031,56942389.12497808
2000-11-16,25.572847214611873,26.517930698630135,24.238611707762555,24.349798,42706028.81387353
2000-11-17,23.960648444685464,26.017595062906725,22.459633344902386,25.628443,67045128.33651268
2000-11-20,21.62573299242424,23.01556159090909,21.34776727272727,22.014885,100932410.04892826
2000-11-21,22.07047504188482,22.793185811518327,20.903019183246073,21.236578,65933724.11506222
2000-11-22,21.014203764705883,21.403355686274512,19.624375473389357,19.846748,59939171.45771186
2000-11-24,20.73623538341969,21.570132248704663,20.569456010362696,21.458946,25232324.434760217
2000-11-27,22.626410399999997,22.959969275675675,20.347091416216216,20.569464,51338612.906977065
2000-11-28,20.90301776114265,21.18098342285997,19.79115511427336,20.152466,48426957.368889734
2000-11-29,20.625051655737703,21.01420357377049,19.4020027704918,20.347086,84778459.18575269
2000-11-30,19.346409141509433,24.57216333490566,19.12403662264151,23.571487,94870310.89722936
2000-12-01,23.46030885106383,24.794544425531914,22.682004765957448,23.515902,54709416.68535615
2000-12-04,23.349114944567628,25.68402643902439,23.29352181374723,25.072502,45768244.42969433
2000-12-05,26.18436654761905,28.01894,25.684028333333334,28.01894,67178595.97829182
2000-12-06,27.74097415320911,28.130126095238097,26.07318011594203,26.851484,47359265.13409836
2000-12-07,26.351146874172183,26.629112558498896,25.01691158940397,25.183691,46193089.55744414
2000-12-08,26.740299,27.240637234927235,26.017588216216218,26.740299,45028714.43210115
2000-12-11,27.129453714285713,28.686061714285714,26.68470857142857,28.408096,56526418.34039142
2000-12-12,28.35250048780488,28.908431869918697,27.046017265326828,27.351824,29771210.13940423
2000-12-13,28.40809165859031,28.463684792951543,25.128096731277534,25.239283,42646453.15003599
2000-12-14,26.01758675454545,26.629111229545455,24.238606463636362,24.460979,51596299.559392124
2000-12-15,26.184368960612694,26.754176408805254,25.07250615973742,25.406065,134913228.39644784
2000-12-18,26.684709375,28.85284201171875,26.62911623046875,28.46369,69298225.21254271
2000-12-19,28.296904520408166,29.46436030612245,26.79588993877551,27.240635,65940810.94291671
2000-12-20,24.961319032894735,26.517926901315786,24.460980789473684,25.350471,61204158.69196277
2000-12-21,24.73894533898305,26.907077627118642,24.294200254237285,26.23996,52524133.03983695
2000-12-22,27.01826565882353,28.44972317135062,26.68470682352941,28.352501,39987173.441947855
2000-12-26,28.018937163636362,28.630461585858583,26.68470206060606,27.518599,23147532.19268176
2000-12-27,27.01826431771894,27.62978881873727,26.12877413441955,27.29623,29722081.813129507
2000-12-28,27.185040953722332,28.130124177062374,27.01826156136821,27.629786,28166249.6408767
2000-12-29,27.463012116129033,27.852164109677418,25.517252148387097,25.850811,35640862.00235652
2001-01-02,26.295554009478675,26.46233342180095,22.7931863507109,23.460304,52030927.4338474
2001-01-03,22.459630390625,28.574876289062498,22.459630390625,28.46369,85880193.32700714
2001-01-04,28.074528003838772,29.575542372360843,27.57418988099808,28.964018,64738670.75348455
2001-01-05,28.908432282157676,28.964025421161825,26.351147887966803,26.795893,43187883.307341166
2001-01-08,26.74030027974948,26.907079699373696,24.51657468475992,26.629114,45694262.02088436
2001-01-09,27.24063611111111,28.46368507936508,26.907077301587304,28.01894,50386841.90051443
2001-01-10,27.129454778625952,29.68673945038168,26.907082198473283,29.130808,72656664.72416419
2001-01-11,28.74165374859287,30.326013784399247,28.686060607879924,29.631144,57231206.209925614
2001-01-12,29.40876555512573,30.242662499032885,28.46368235203095,28.741648,45232770.09898666
2001-01-16,29.408775986247544,29.68674173280943,27.629795208251473,28.296913,35074802.81506325
2001-01-17,29.631139131578948,30.298256710526314,29.13080094736842,29.575546,59061927.3774354
2001-01-18,29.895142698188895,30.242667415896488,29.186397781885397,30.075888,37942182.28901504
2001-01-19,30.353860936708863,31.13216506329114,29.909115721518987,30.743013,56467274.165677905
2001-01-22,29.909114330058937,29.909114330058937,27.86604385556935,28.296913,64716157.377308264
2001-01-23,28.408094080761078,28.852839193571427,27.85216268974814,28.004978,47831554.27066216
2001-01-24,28.463686253638254,28.47756052170651,26.684705862785865,26.740299,73745725.73964113
2001-01-25,27.18504539874739,27.35182481837161,26.239962020876828,26.629114,68573546.27908386
2001-01-26,26.3511492962963,27.129453283950618,25.572845308641977,27.018267,52320864.52843182
2001-01-29,26.851483466119095,27.685380468172482,26.517924665297738,27.073856,37546228.63843259
2001-01-30,27.3518249814433,28.018942663917525,26.795893579381445,26.962673,48104293.804623894
2001-01-31,27.18504310944206,27.407415650214592,25.850807864806868,25.906401,51877358.41809907
2001-02-01,26.017588216216218,27.296230372141373,25.90640194178794,26.740299,43158654.47129069
2001-02-02,26.62911280855856,26.740299083333333,24.627759862612614,24.683353,43457926.88699951
2001-02-05,24.460979,25.350469145454543,23.571488854545454,24.460979,40397412.13955501
2001-02-06,24.349793457013575,25.350469900452488,24.183014049773757,24.572166,32317726.386025555
2001-02-07,24.127425679458238,25.239288613995484,23.571494212189616,24.627764,48178600.37963658
2001-02-08,25.294874758064516,25.684026677419357,23.738267080645162,24.127419,46965109.48808905
2001-02-09,22.459626652519894,22.848778599469497,20.680646323607426,20.958612,103008446.48013905
2001-02-12,21.014204331521736,21.34776313043478,20.01352793478261,20.458273,58349607.51574681
2001-02-13,21.069796343490307,21.68132077562327,20.013526869806096,20.06912,50039568.563544385
2001-02-14,20.68064901,22.2928501425,20.1803107275,22.237257,46371951.36072763
2001-02-15,22.737592134803922,23.68267542647059,22.404033325980393,22.681999,51810241.68107934
2001-02-16,21.347761,21.8480991484375,20.62505034114583,21.347761,45680331.53453424
2001-02-20,21.681326918918916,21.9036995027027,20.458277708108106,20.569464,44827018.82752025
2001-02-21,20.291493600543475,21.570135663043477,19.62437600271739,20.458273,64747092.77757708
2001-02-22,20.916898337608554,21.514546877005348,19.9579388342246,20.791836,60791668.42216339
2001-02-23,20.347082710227273,20.625048321022728,18.29013719034091,19.568779,81910986.88374987
2001-02-26,19.902346107816715,20.680650145552562,19.179635215633425,20.625057,50419210.35660652
2001-02-27,19.95793872910663,20.180311305475506,19.179634711815563,19.290821,46751043.54034491
2001-02-28,19.45759835526316,19.56878463157895,16.733534585526318,16.900314,70110158.90000623
2001-03-01,16.900312888888887,19.124038269005847,16.677940350877194,19.012852,86419618.95038156
2001-03-02,14.454211777777777,15.955226077777777,14.0094668,15.010143,251929545.2415077
2001-03-05,15.399299698529411,15.454892838235294,14.843368301470589,15.121334,57947797.4628429
2001-03-06,15.788450269503546,16.01082280851064,15.454891460992908,15.677264,64585762.54121893
2001-03-07,16.288795211409397,16.677947315436242,15.844049949664429,16.566761,59007374.01233712
2001-03-08,16.358256895782855,16.455567114285714,15.399297603571428,15.566077,45354185.9005323
2001-03-09,15.232521740458015,15.288114885496183,14.343031419847328,14.565404,65666706.70446216
2001-03-12,14.231843818930042,14.565402658436215,13.39794672016461,13.509133,75147536.30007195
2001-03-13,14.176251697416975,15.12133514391144,13.675913402214023,15.065742,65185196.32156186
2001-03-14,14.454216420233463,14.898961540856032,13.842691879377432,14.287437,59429657.065154515
2001-03-15,14.676591319148937,14.787777617021277,12.89761055319149,13.06439,87504937.08470124
2001-03-16,12.619641266666665,13.0087932,12.0081168,12.508455,100425622.10920534
2001-03-19,12.786421659919029,13.953877550607286,12.619642246963563,13.731505,56710236.78759175
2001-03-20,14.120657339130434,14.287436756521739,12.730828860869565,12.786422,73688386.9858198
2001-03-21,13.11998,14.231842711864406,12.675234915254237,13.11998,56857963.96031092
2001-03-22,13.564728403225807,13.898287298387096,12.786424314516129,13.787101,71929838.62234707
2001-03-23,14.509807937007874,14.732180472440945,13.939911603199999,14.120656,81022033.43102473
2001-03-26,14.516479336787565,14.56095473404974,13.698148393782384,13.733728,38665520.68018239
2001-03-27,14.267423615434165,14.676588215590742,13.751518412911084,14.605429,49403355.14965018
2001-03-28,14.338582472491497,14.35637049696401,12.968766717131473,13.395722,52207434.58247343
2001-03-29,12.995451244940684,13.626989258897419,12.479546951849267,12.746394,60990556.62330852
2001-03-30,12.915396090225563,13.600303458646616,12.737498072453862,13.01324,41547511.84178575
2001-04-02,13.431300986842105,14.249631907894736,13.351246875000001,13.52025,43884016.937556624
2001-04-03,13.013239367021278,13.48466909118541,11.652319597264437,11.705689,80448342.68192159
2001-04-04,11.81242838748137,12.49733575633383,11.563371162444113,11.936957,55365990.67919906
2001-04-05,12.879814899792674,13.013238396682793,12.452859709744299,12.87092,49785721.06733629
2001-04-06,12.74639645904059,12.853135298892987,11.839116320295203,12.052594,49000869.85424051
2001-04-09,12.541811508896796,12.63076052669039,12.123751125266903,12.497337,32489285.117301393
2001-04-10,12.870920976619907,13.760411023380094,12.675233166332665,13.315666,54267948.445087165
2001-04-11,13.876046310367032,13.991680029620092,13.351247122987767,13.813782,75063225.98691654
2001-04-12,13.742622648546142,14.231842225031604,13.644778733249051,14.071734,51962914.449633576
2001-04-16,14.231843609022555,14.863380779682705,13.876047518796991,14.196264,49223250.28613163
2001-04-17,13.760413246634602,14.81001167139406,13.707043835206155,14.42753,45651655.78538392
2001-04-18,15.432659439174108,17.078217675204744,15.121337779017857,15.939669,107410595.79091637
2001-04-19,17.487378431102364,18.27013074578947,17.18495174409449,18.074442,115906384.93846725
2001-04-20,18.31460066379747,18.53697318278481,17.184948267341774,17.567429,67986705.68129234
2001-04-23,16.304349027988337,16.455562303207,15.050168333527699,15.254751,68582457.36033317
2001-04-24,15.03238258293356,16.081980893457914,14.872273476583821,15.094646,59730625.87027216
2001-04-25,15.219176277316175,15.637235728695652,14.810009947826087,15.343704,48296209.96338303
2001-04-26,16.15314054911243,16.233194659763317,14.943433098675563,15.032383,51238005.97683015
2001-04-27,15.486018362099127,15.539386863862918,14.82779586997085,15.254751,53032532.946621016
2001-04-30,15.806240159034653,15.904083187242515,14.116208853341584,14.374161,104496715.18219393
2001-05-01,14.516481389246795,14.55206188998523,13.804889164283717,14.267425,71975603.72818501
2001-05-02,14.987909149679673,15.32591540943506,14.231842516016306,15.272546,73961582.89521603
2001-05-03,14.961223446734138,15.272544981000307,14.418633597523003,14.632113,56851110.67475353
2001-05-04,14.35636761606881,15.299228788846342,14.196260306612054,15.201384,54138214.388900384
2001-05-07,15.245858533991909,15.299229715854672,14.68548069321395,15.005698,51729077.915102646
2001-05-08,15.343702004477581,15.361491803903062,14.712165014362968,15.15691,38619097.58330029
2001-05-09,14.81890485456652,15.610550142781367,14.64100594761465,15.1747,46496414.732541665
2001-05-10,15.361495239261455,15.54828817500233,14.569848098298054,14.578743,45554410.10790848
2001-05-11,14.569852521830315,14.694382072955975,14.107318382389936,14.142898,38477535.509341866
2001-05-14,14.30300372175787,14.667694737051448,14.231844499261564,14.267425,30486336.47047733
2001-05-15,14.418636386090396,14.676589453860641,13.947207432517263,14.16958,43319192.2414073
2001-05-16,13.982786634146343,14.605429804878051,13.742624268292683,14.58764,69365909.770189
2001-05-17,14.605430190730141,14.934542479158905,14.187369765051505,14.338584,49833597.53839709
2001-05-18,14.240739729070045,14.543166431623687,14.125105989858357,14.480903,33550674.97123625
2001-05-21,14.472007693370166,16.19761804697376,14.40084935634116,16.099775,77396681.6306439
2001-05-22,16.32214337883959,16.473356696245734,15.530496298223209,15.637236,68646407.45973265
2001-05-23,15.308122317283601,15.352597707664886,14.898957798573976,14.970117,46785572.81816835
2001-05-24,14.996803156357236,15.477126894631613,14.516477639102755,15.388177,34509098.72589196
2001-05-25,15.094646569019867,15.254755681405205,14.605427888552393,14.685482,31068922.695216954
2001-05-29,14.56095544041909,14.614323962844331,13.733728666239589,13.884942,50448223.11825285
2001-05-30,13.662569681598898,14.231843418332186,12.853133587181254,12.906503,68460899.36212775
2001-05-31,13.031031372549018,14.133999215686273,12.986556862745097,13.6092,87543067.18984218
2001-06-01,13.787098518284994,14.222948729508198,13.573620863808323,14.107315,43817682.10322092
2001-06-04,14.703275210366638,14.712170113162086,14.169580153149449,14.285213,38615261.78518304
2001-06-05,14.338582190206143,15.085752141536096,14.31189659606205,14.907855,42191360.728957996
2001-06-06,15.067965475372587,15.334811656470587,14.943435063450941,15.121334,48947923.50992313
2001-06-07,14.996804527112754,15.477128309290247,14.774431993933296,15.414864,37890920.60753828
2001-06-08,15.370391238696529,15.566078189300411,15.050173883597884,15.130228,24035453.596601453
2001-06-11,15.121332111097463,15.130227012339285,14.249631789398903,14.400846,29408533.370789465
2001-06-12,14.240740146886008,14.552062651080275,13.64478162730989,14.356373,39648885.32310355
2001-06-13,14.54316782903226,14.632117757232322,13.644782538064517,13.787101,38497549.26724625
2001-06-14,13.66257002020202,13.671464922558924,13.075506464646466,13.20893,50661039.539160244
2001-06-15,13.119980449999998,13.787098099999998,13.039926331999999,13.342353,67038175.35032989
2001-06-18,13.546937215633424,13.609201536388142,13.00434813477089,13.200036,57807263.55594788
2001-06-19,15.16580625549791,15.192491849642002,14.623219039848149,14.907855,138430199.91809687
2001-06-20,14.694377817351597,15.806240545662101,14.623219492229907,15.583868,72905582.61915463
2001-06-21,15.530497436766817,16.046403512953855,15.388179009951175,15.921874,48227626.97406096
2001-06-22,15.832927016688158,15.984140373095483,15.43265725686499,15.548291,33432853.552843846
2001-06-25,15.699500188519975,16.064190238253293,15.574971575126618,15.806239,34410051.49928456
2001-06-26,15.432657625669329,16.900316708225777,15.130230905627393,16.402203,65286149.31002866
2001-06-27,16.508939179858917,16.757997354878196,15.743979296143388,16.046406,63856570.05062691
2001-06-28,16.35771905993655,17.460686582355738,16.268771845172942,17.060417,81506374.55110271
2001-06-29,17.06931802949021,17.807594014736843,15.832924857878211,16.900314,67555999.25539845
2001-07-02,17.113793299284985,17.78980592441267,16.962579948927477,17.41622,33067926.794677604
2001-07-03,17.24721285861305,17.78980273141123,16.70462565428528,17.58522,24777565.36455046
2001-07-05,17.23832687913064,17.709757784997358,16.811372282091916,16.838057,32660716.257226117
2001-07-06,16.571202915078853,16.855841581738527,16.046405432401013,16.197617,32206085.707113583
2001-07-09,16.170935025912215,17.19384895769434,16.0997757958752,16.820263,36841770.19110819
2001-07-10,16.980363991472426,17.309474399878965,15.619443410680558,15.646129,42551012.64983818
2001-07-11,15.628343204444445,16.099773022222223,15.530498390509777,16.010824,39923092.02824289
2001-07-12,16.838043389114954,17.727533267039675,16.188716667719785,17.487371,51281865.18145009
2001-07-13,17.13158184587606,17.700855593610257,16.98926340894251,17.38064,34862327.79746316
2001-07-16,17.176052157245074,17.60300916473026,16.464460999226688,16.633465,30488817.40031316
2001-07-17,16.473359548717948,17.41621922051282,16.419989243843077,17.34506,33855457.98054317
2001-07-18,16.757990507029263,17.264999773961677,16.52672312211272,16.704622,30834525.164771758
2001-07-19,16.935900123710642,17.51406895260996,16.517838696400624,17.051533,37082689.22213622
2001-07-20,16.918101495542736,17.04263010802307,16.633465556506344,16.962576,28509929.80075668
2001-07-23,17.01595356202375,17.167166957567783,16.09977917262985,16.126463,29000644.97740143
2001-07-24,16.197617,16.63346901323921,15.904085209580902,16.197617,37132277.85119256
2001-07-25,16.357726512378814,17.202743227414327,16.286567284964484,17.131584,41001906.65381555
2001-07-26,16.97147519629057,17.389534754507626,16.615679070582175,17.265007,40639902.897230215
2001-07-27,17.024835189462706,17.789797365676673,16.67793503032188,16.953676,31501201.98003076
2001-07-30,16.962577057846815,17.060420973754688,16.411094057674397,16.606781,28342978.449586347
2001-07-31,16.544514823008853,16.864730349448013,16.046401287720137,16.08198,49185148.594886936
2001-08-01,16.331038492110153,16.757992834061135,16.09977018558952,16.295458,41760331.498507135
2001-08-02,16.606785426913458,16.766893695624997,15.993037063519226,16.286568,37584442.38030996
2001-08-03,16.29546087111111,16.313250675555555,15.921874977777776,16.010824,32163254.058629338
2001-08-06,15.726187746058864,16.019719530911775,15.397075461430498,15.530499,27914752.073973924
2001-08-07,15.477126403712298,15.512706894130394,15.130225294663576,15.334808,38086655.40514103
2001-08-08,15.156915600957461,15.65502927944965,14.36526834449499,14.498691,53129190.95538349
2001-08-09,14.516478739212006,14.605427751094435,14.098418383364601,14.222947,52155273.0246411
2001-08-10,14.036158029023746,14.160686680738786,13.342355540897097,13.484674,69409183.1956783
2001-08-13,13.377934297004462,14.151790868706184,13.137771912683238,13.956103,53126716.8922442
2001-08-14,14.169578261093246,14.51647942379421,13.751517885530546,13.831572,41674884.82147945
2001-08-15,13.884943163890739,14.0717361212525,13.306774486342439,13.351249,37620535.05256325
2001-08-16,13.182245768778575,13.653675610711952,13.048822228608751,13.618096,42808225.54048672
2001-08-17,13.253405251358695,13.422408405570652,13.013242874320651,13.093297,29119261.2525325
2001-08-20,13.075509054692775,13.271196945307224,12.826451739365293,13.173353,28479564.997612983
2001-08-21,13.22671977282378,13.564726061571125,12.524022488322718,12.568497,32460390.132567164
2001-08-22,12.790869539617487,13.146665632513661,12.47065305601093,13.022137,32457354.73371229
2001-08-23,12.915398012847964,13.36903802569593,12.452863097787294,12.461758,35548788.78244948
2001-08-24,12.817551753785386,13.600303005924951,12.550704736010534,13.511354,37839770.83273815
2001-08-27,13.45798603081045,13.591409553918284,13.119979772270595,13.280088,26695292.681795485
2001-08-28,13.288983905781583,13.342353319057816,12.435073293361885,12.461758,41168412.1132829
2001-08-29,12.630757468164795,12.639652367790264,11.77684710411985,11.874691,49398983.518813245
2001-08-30,11.63453029,11.919167116666667,10.513772785,10.673881,85898203.28707056
2001-08-31,10.762830090090088,11.412157855855854,10.709460684684682,10.860674,43534830.15879126
2001-09-04,11.14531156705298,11.590056641556291,10.682776689569538,10.745041,51041374.71415883
2001-09-05,10.896254225352113,11.154206366197181,10.335875436619718,10.736146,65453901.42794258
2001-09-06,10.5137730989011,10.718355824175825,9.650967692307692,9.713232,84297958.08439456
2001-09-07,9.659862086720866,10.060132615176151,9.384120167118338,9.846655,54156984.98627199
2001-09-10,9.686547620418848,10.246926408376963,9.650968014834206,10.193557,60584707.57557936
2001-09-17,9.15285219346049,10.05123710263397,9.108377693006357,9.793285,71796084.66413467
2001-09-18,9.739920118629174,10.344773605448156,9.517547513181018,10.122401,87419491.08714424
2001-09-19,9.988975708035715,10.255822788392857,9.126170148214285,9.962291,75608921.68277356
2001-09-20,9.597600057471263,10.264717763041556,9.553125543766578,10.060135,64398343.26278921
2001-09-21,9.063903668215612,9.917814121747211,9.037218966542751,9.570913,90129281.91908129
2001-09-24,10.051238985623003,11.332104838658147,10.006764476837061,11.136417,86032990.68273036
2001-09-25,11.260943916734695,11.616739933061226,10.807303995918367,10.896253,64481104.192422844
2001-09-26,11.109731123770494,11.154205627868853,10.602721777049181,10.851779,43910101.744607955
2001-09-27,10.647193709302327,10.958515162790698,10.469295735880399,10.709458,46779172.57810806
2001-09-28,10.825096008744039,11.332105435612084,10.736146986486489,11.189787,49777388.07718144
2001-10-01,11.091943075516696,11.296525826709063,10.833990910969794,11.189787,33959676.26550889
2001-10-02,11.136416787301586,11.421053638095238,10.976308558730159,11.207576,47550947.680390485
2001-10-03,11.002992748901903,12.595180058565154,10.87846413250366,12.150435,79887003.38712153
2001-10-04,12.541811965192167,12.977662168237853,12.105961762146482,12.26607,64650852.06590212
2001-10-05,12.01701085140845,12.826446815492957,11.892482241549295,12.630759,44374413.28743585
2001-10-08,12.283860874100721,12.808660143884893,12.12375262230216,12.363915,34815332.36034055
2001-10-09,12.470651846715327,12.497336551094891,11.936957759124088,12.186015,32152801.38749214
2001-10-10,12.008119629111267,12.85313545486354,11.901380787963612,12.710817,43657809.56487691
2001-10-11,12.924290379425518,13.342350701402806,12.897605678022712,13.315666,55877409.96207024
2001-10-12,12.950977713520748,13.297878902275768,12.630761231593038,13.288984,46830306.515531965
2001-10-15,12.870924709141274,13.111087091412742,12.639657229916898,12.84424,55963960.1876016
2001-10-16,12.94208281124498,13.324563609103079,12.799764374832664,13.288984,36867746.24756867
2001-10-17,13.582514088579794,13.653673297950219,12.123750296486092,12.150435,60921643.710698426
2001-10-18,12.194907515427772,12.862024994389904,12.08816871879383,12.684127,45867745.88428514
2001-10-19,12.524021524071527,12.995451311554334,12.319438786107291,12.933187,39938046.97944907
2001-10-22,12.737497278929768,13.333455601337795,12.639653375250838,13.297876,27085070.202188678
2001-10-23,13.377933708194536,13.76930942838108,13.164456042638243,13.351249,43593056.79940506
2001-10-24,13.048821902455662,13.40461800068213,12.835344243519783,13.039927,66581618.28666678
2001-10-25,12.452863512544804,12.541812537634408,11.79464072688172,12.408389,93209678.14597043
2001-10-26,12.194913755522828,12.524025213549338,11.91917172312224,12.07928,52416415.71351935
2001-10-29,11.936956801492537,12.328332434328358,11.750163885820896,11.919167,44373626.10994543
2001-10-30,11.856903674814815,12.292753847407408,11.652320940740742,12.008117,44546305.63642909
2001-10-31,12.337232028023596,12.612974056047197,11.981435862831857,12.06149,40976608.03101441
2001-11-01,12.088173607621735,12.648552516584333,11.936960251235003,12.604078,41602813.07367346
2001-11-02,12.550706341176472,12.94208201730104,12.363913404844292,12.853133,34620955.84010529
2001-11-05,13.18224635695187,13.47577815842246,12.98655848930481,13.306775,39622016.90492249
2001-11-06,13.057717250985545,13.600306319316688,12.844239584756899,13.538042,39020325.391219795
2001-11-07,13.3957201732991,14.178471418485236,13.342350770218228,13.858255,49518934.959704526
2001-11-08,13.90273021747573,14.48089967007262,13.538039277669904,13.742622,52499291.619896114
2001-11-09,13.67146409817945,13.956100956436929,13.502460963589074,13.680359,33469509.389336936
2001-11-12,13.466880566233767,13.813781716883117,13.022135501298703,13.698148,31341887.96908896
2001-11-13,13.457988076446282,13.58251671694215,12.701921330578513,12.915399,101084858.47010997
2001-11-14,13.191139880697051,13.404617532171581,12.630761045576406,13.271194,59407848.60804537
2001-11-15,13.057716078431373,13.564725490196079,12.897607843137255,13.15556,46527550.48055727
2001-11-16,13.217825995876288,13.27119541443299,12.781975744329896,12.942084,45664466.016446814
2001-11-19,13.182247480833896,13.386830268997985,12.897610558170815,13.226722,34243090.84291633
2001-11-20,13.164456675824177,13.502462995879121,12.933189193681317,12.950979,45028146.211958185
2001-11-21,12.897605823863637,13.093293636363637,12.426176093750001,12.52402,38040222.86773735
2001-11-23,12.577391641915336,12.853133608605134,12.524022229007633,12.817554,12193838.465591798
2001-11-26,12.933187953867028,13.155560511533242,12.853133833107192,13.111086,36698660.507604025
2001-11-27,12.959870512482663,13.271192041608877,12.657443884188627,12.826447,40496797.74921301
2001-11-28,12.737499031161475,13.2356135184136,12.515126492209633,12.559601,33821509.77566882
2001-11-29,12.737501744890768,12.897610007047215,12.452864834390414,12.621868,41383360.92565697
2001-11-30,12.81755531646472,13.146666729864576,12.168227392729865,12.479549,83354590.2179638
2001-12-03,12.292753817518248,12.693024383211679,12.141540492700729,12.186015,47323514.70107332
2001-12-04,12.337231325362318,12.363916036231885,11.848011626086958,12.274967,53690407.477266535
2001-12-05,12.89760849056604,13.680359902407288,12.853133978529604,13.671465,127878637.43936731
2001-12-06,13.884945772327043,14.258532646723143,13.787101823899372,14.142898,75340551.13739772
2001-12-07,14.000576656191075,14.187369610307982,13.831573507228159,14.15179,47744873.68735687
2001-12-10,13.911626845654995,14.249633124513618,13.564725664721141,13.715939,40335014.0300274
2001-12-11,13.973890083388484,14.018364590337525,13.431301098610192,13.440196,46174204.97439174
2001-12-12,13.59140922384106,13.742622546357616,13.119979453642385,13.431301,50524113.04012917
2001-12-13,13.111087322426723,13.564727385821405,12.799765710293116,13.048823,59057978.255969904
2001-12-14,13.031031214824983,13.075505724090597,12.728604551818806,12.959872,61098481.91401891
2001-12-17,12.853133333333332,13.34235294117647,12.808658823529413,13.15556,36572297.41645358
2001-12-18,13.342352491694353,13.60919954152824,13.262298376744187,13.386827,45331023.92374235
2001-12-19,13.173350076407507,13.698149302949062,13.146665369973189,13.271194,66407700.769049115
2001-12-20,13.208929472049688,13.26229888405797,12.808658881987578,12.888713,49792341.71790466
2001-12-21,13.155558951321279,13.288982470097356,12.764183296244783,12.790868,66614455.094056174
2001-12-24,12.817553311715482,13.022136050209205,12.657445081589959,12.755289,14338213.58340058
2001-12-26,12.684128310858764,13.075503938963802,12.524020099361248,12.532915,30148734.75165195
2001-12-27,12.541810914939242,12.675234435310935,12.337228183702644,12.443967,35167450.1386897
2001-12-28,12.506234,12.773081098150781,12.461759483641535,12.506234,27689677.164204672
2001-12-31,12.541811144098478,12.657444863866763,12.274964098479362,12.283859,33567094.509958155
2002-01-02,12.435071,12.50623020457797,12.274962789699572,12.435071,47755339.87703005
2002-01-03,12.58628803466318,13.644781516023547,12.541813518639636,13.600307,87126636.70018624
2002-01-04,13.840465910679614,14.133997642718448,13.564723980582524,13.742622,48300256.675909445
2002-01-07,13.947207147837315,14.018366367979342,13.582516144609425,13.778204,37855839.26613367
2002-01-08,13.698148444444445,14.240737441269843,13.689253542857145,14.00947,44928434.12348932
2002-01-09,14.489795228999998,15.343704871488343,14.436424931261206,14.88117,117879553.22061372
2002-01-10,14.810010505691404,15.148017640957063,14.55205926024756,14.845591,47910481.54404226
2002-01-11,14.84559483663233,14.996808196189798,14.409744564966688,14.472008,46679427.13962015
2002-01-14,14.294107035027885,14.836696038846616,14.258528317710269,14.578743,41142556.968327105
2002-01-15,14.658795103001767,15.121329899941141,14.58763590347263,15.112435,47384681.42294739
2002-01-16,14.810014324487334,15.156916450407119,14.685485675512668,14.74775,43283662.38917801
2002-01-17,15.05907168693796,15.566081188506455,14.934543926920263,15.317023,55881100.67434775
2002-01-18,14.898958313106796,15.005698008422085,14.6232172875483,14.658796,50099942.17806155
2002-01-22,14.836695711417818,15.094646965591407,14.160683196988709,14.178473,47574669.57125778
2002-01-23,14.27631983886782,15.076862967102329,14.080632842985075,14.898964,51026970.734340996
2002-01-24,15.228071178185738,15.503812215652173,15.148017070359652,15.343704,52608118.61334134
2002-01-25,15.094646454749109,15.494917898447104,14.827800308100645,14.845591,46315410.42704867
2002-01-28,15.050172802366866,15.24585973891225,14.898959482248522,15.032383,30916363.692968704
2002-01-29,14.952326010510001,15.210279000000002,14.48979298949,14.676585,48212683.672666356
2002-01-30,14.649899718217528,14.854484201494634,14.071732095563654,14.783325,52802503.69705732
2002-01-31,15.121331575898028,15.414863306488988,14.810010043453067,15.352599,58860464.47249746
2002-02-01,14.92564594535625,15.14801848790491,14.52537447927849,14.578743,56983429.0455494
2002-02-04,14.623220885568433,14.801117160068168,14.151790154355451,14.338584,45472672.92554829
2002-02-05,14.205158431372547,14.463110588235294,14.036155294117645,14.06284,45069411.86844194
2002-02-06,14.31189862456991,14.38305784706622,13.920522900840218,14.267425,44790258.91781453
2002-02-07,14.14289519472362,14.649903755610241,14.000576752512565,14.160685,38637972.103750624
2002-02-08,14.222949843634117,14.454217320766379,13.662570956736712,14.391953,40194704.9160041
2002-02-11,14.28521096616734,14.587638507645257,14.169578135779815,14.543164,30856103.252359666
2002-02-12,14.391953,14.765538924598271,14.231844746600743,14.391953,31145365.05226219
2002-02-13,14.569849690543819,14.596535288056126,14.267424778607895,14.338584,27885971.223120775
2002-02-14,14.400846171965624,14.996804562284254,14.303001367647058,14.516479,35921027.95726154
2002-02-15,14.560956311052548,14.623220628676822,13.707044779857974,13.778204,40447323.540862076
2002-02-19,13.635884705882352,13.876047058823529,12.90650274509804,13.15556,52100293.184022576
2002-02-20,13.440197894261766,14.009471663442941,13.297879451966473,13.795994,47958478.81638684
2002-02-21,13.804887444298819,14.053944692005242,13.555830196592398,13.57362,40105895.70063108
2002-02-22,13.600308018709677,13.956104173548386,13.093298498064517,13.787101,35639170.99033365
2002-02-25,13.858258395348837,14.632115819110833,13.804888979192166,14.534271,46410288.48299306
2002-02-26,14.525376057146033,14.961226287887099,14.472006641136925,14.703275,46721028.38026901
2002-02-27,14.872276823870875,15.023490173827296,14.222949798842409,14.560957,45288071.4697049
2002-02-28,14.578740516722894,15.076856706165362,14.569845616536067,14.783325,55009723.518261276
2002-03-01,14.818905379612257,14.872273897251596,13.831571347717324,14.222947,87753082.7471972
2002-03-04,12.408386214337964,12.497335219458668,11.518896163130943,12.159329,234649842.02664474
2002-03-05,12.426178830324911,12.577392173285201,12.159331754512637,12.31944,82069252.33614515
2002-03-06,12.274967270155587,12.639658326732674,12.12375390523338,12.577394,53442061.84524394
2002-03-07,12.870925467857143,12.924294889285713,12.203807699999999,12.452865,43571916.9845654
2002-03-08,12.826446815492957,12.942080524647888,12.541809992957747,12.630759,47883165.21596208
2002-03-11,12.58628545172414,13.11997953448276,12.488441536551724,12.897607,35620181.32510938
2002-03-12,12.799765484764544,13.013243157894737,12.66634193905817,12.84424,33858604.0123822
2002-03-13,12.746395723542117,12.81755494600432,12.328335291576673,12.35502,37507436.2485856
2002-03-14,12.417281854166667,12.524020666666667,11.90137759375,11.954747,52236331.5593379
2002-03-15,11.474423047619048,11.590056768253968,11.198681098412697,11.207576,136242091.95636952
2002-03-18,11.412158736507935,11.572266965079365,11.09194227936508,11.207576,55293023.21929381
2002-03-19,11.33210568306011,11.705691584699453,11.296526073380171,11.39437,41824517.28353564
2002-03-20,11.260947842105265,11.607849078947371,11.136419192982457,11.154209,40428993.934038706
2002-03-21,11.25204994296578,11.785744011406843,11.065257019011407,11.696795,55468519.79537985
2002-03-22,11.794639979766536,12.008117626459144,11.358789784435798,11.429949,45590834.21982023
2002-03-25,11.492213070287539,11.563372284345048,11.118627196485622,11.136417,34675031.65515444
2002-03-26,11.127522951219513,11.563373170731708,11.083048439024392,11.305421,42348300.34193331
2002-03-27,11.323211026128265,11.403265149643703,11.163102779097386,11.234262,31570553.633162558
2002-03-28,11.3409994921875,11.465528114062499,11.198681067187499,11.385474,27025256.919474766
2002-04-01,11.207576355140187,11.465528509345795,11.118627336448599,11.421054,32221266.093304522
2002-04-02,11.18089160734238,11.305420233040705,11.091942588986434,11.145312,32044873.037201647
2002-04-03,11.163105332532052,11.314318711538462,10.958522525641026,11.100841,32755494.47109458
2002-04-04,10.994100648117838,11.198683427168575,10.709463738134204,10.869572,35254682.88907788
2002-04-05,10.976307922506182,11.145311042868919,10.700565989282769,10.789515,28254614.410378966
2002-04-08,10.638306602917341,11.002997715559156,10.469303404376012,10.976313,32779213.930943847
2002-04-09,10.967415611018362,11.01189012687813,10.5226704524207,10.656094,40718936.78865821
2002-04-10,10.60272338008658,10.745041814718615,9.65986375064935,10.273612,68077083.79487176
2002-04-11,10.077922114259598,10.175766018281536,9.704336298903108,9.731021,46921829.682620145
2002-04-12,9.864449013900956,10.318089139878367,9.713235638575153,10.238035,51448107.57142362
2002-04-15,10.326980954867256,10.478194284955752,10.042344098230087,10.051239,38672040.3325401
2002-04-16,10.398143528192369,10.922942902155885,10.264719958540628,10.727255,33250384.557838894
2002-04-17,10.682775715619693,10.807304325127333,10.389243993208828,10.478193,36724075.03851093
2002-04-18,10.540459042918455,10.71835708583691,10.309191587124463,10.362561,36087974.29515735
2002-04-19,10.567143490360436,10.762831332774518,10.451509765297569,10.611618,30090944.472369812
2002-04-22,10.451510892388452,10.504880309711286,10.07792497112861,10.166874,46811191.22751005
2002-04-23,10.175766834532375,10.19355663669065,9.67765237410072,9.89113,59134553.079375155
2002-04-24,9.81997170285714,9.90002582,9.339647,9.339647,64191039.554278664
2002-04-25,9.339647,9.704337978095237,9.295172490476189,9.339647,50224050.22373973
2002-04-26,9.508650527147086,9.63317915893386,8.983851293188549,9.010536,44515722.37212082
2002-04-29,9.090590053691276,9.295172804410356,9.01053593384468,9.277383,47783212.24854034
2002-04-30,9.188435198207173,9.312963845617531,8.894903386454185,8.930483,77746094.58413391
2002-05-01,8.83263937777778,8.894903703703704,7.898674488888891,8.405684,121678439.25610335
2002-05-02,8.30783823859649,8.459051568421051,7.249344929824561,7.605141,142810346.31705055
2002-05-03,7.525085701067617,7.59624490391459,6.973601879003559,7.498401,123702228.91520472
2002-05-06,7.3382947080291965,7.569562177615571,7.249345681265206,7.31161,71978190.57635733
2002-05-07,7.338293,7.507296111515151,6.6711754545454545,7.338293,112620033.02402888
2002-05-08,7.738563475409834,8.165518701639343,7.578455265573768,8.138834,72792157.32867879
2002-05-09,8.040991518867923,8.067676225235848,7.48061268514151,7.542877,49846754.22918868
2002-05-10,7.560666167290886,7.676299885143571,7.115921098626717,7.124816,58098789.21785489
2002-05-13,7.293819645808735,7.614036118063755,7.187080821723731,7.533982,52989229.069036804
2002-05-14,7.925358023836549,8.049886657207718,7.622931342792281,7.836409,78150379.8487292
2002-05-15,7.694088405875953,8.645842694232863,7.605139406964092,8.174413,94632880.6728997
2002-05-16,8.245575009394571,8.592476223382045,8.174415786012526,8.521317,49581878.951340504
2002-05-17,8.690315869246861,8.894898535564852,8.343414826359833,8.503523,52360574.78764978
2002-05-20,8.343418362239298,8.405682678375411,7.649615982436882,8.103256,40908375.10255137
2002-05-21,8.156627962711864,8.361210779661018,7.7741470440677976,7.871991,47233556.288364656
2002-05-22,7.756353790909091,7.9342518136363624,7.507296559090908,7.827513,67128683.14623049
2002-05-23,8.023201436499468,8.370102607257206,7.827513596584847,8.334523,49402906.20111072
2002-05-24,8.183312677966102,8.218892298305086,7.818621569491525,7.871991,32459480.70824776
2002-05-28,8.049883892617451,8.05877879194631,7.622928724832216,7.95204,34093809.13576893
2002-05-29,7.863091599999999,7.952040599999998,7.471716,7.471716,41701761.68366143
2002-05-30,7.427244673396674,7.809725536817101,7.3382956353919235,7.489509,51381893.5259975
2002-05-31,7.542877555555556,7.5784571666666665,6.973603777777778,7.044763,59111832.1510603
2002-06-03,6.938023278688524,7.28492444262295,6.466593491803278,6.511068,97437839.6908157
2002-06-04,6.64449431202046,7.1781886342711,6.448806393861893,6.955816,90806812.02608004
2002-06-05,7.000286845265588,7.71187890069284,6.75122962586605,7.702984,68563441.12878853
2002-06-06,7.516192055214724,7.551771662576687,7.1692908834355835,7.249345,66788820.231345035
2002-06-07,7.053658166267942,7.765250415071771,7.000288747607656,7.436139,60747148.48660037
2002-06-10,7.489508282555283,7.498403185503685,7.187081582309583,7.240451,42937961.46124046
2002-06-11,7.373873442092154,7.542876572851807,7.089236590286426,7.142606,44559121.27870416
2002-06-12,7.035868389830509,7.3827696125908,6.875760133171914,7.34719,69158482.08634865
2002-06-13,7.293820581113802,7.489508450363196,7.187081743341405,7.34719,51126919.815602966
2002-06-14,7.231554364060677,7.649614702450408,7.062551248541423,7.62293,50638226.24633835
2002-06-17,7.738565836956521,8.343419258695652,7.711881127173913,8.183311,82574478.71649995
2002-06-18,8.040993425389754,8.129942467706014,7.7385666815144765,7.987624,97815780.51245277
2002-06-19,8.396786672727272,8.467945881818181,7.58735066931818,7.827513,125761712.56438668
2002-06-20,7.694089113475177,7.827512624113475,7.44503189361702,7.525086,63901106.77804879
2002-06-21,7.3738743460591145,7.720775551724139,7.187081389162564,7.222661,70587056.48790659
2002-06-24,7.142607591173054,7.800830457607433,7.053658555168409,7.658512,66981051.93280365
2002-06-25,7.747456898850576,7.880880381609195,7.400555843678162,7.738562,64099773.31705813
2002-06-26,7.293820414394765,8.450157797164668,7.249345899672846,8.156626,86163728.23763159
2002-06-27,8.316735170454546,8.62805680785124,8.10325747623967,8.610267,90168034.0458664
2002-06-28,8.450155702217527,8.823741533262934,8.316732191129882,8.423471,57662588.37954094
2002-07-01,8.272259066666667,8.334523382222221,7.943147684444444,8.005412,47787484.26689345
2002-07-02,7.89867201843318,8.005410829493087,7.658509693548386,7.720774,54318986.153460786
2002-07-03,7.6318237507853395,8.565788195811518,7.59624415287958,8.494629,56213788.736388616
2002-07-05,8.71700376753507,8.939376312625251,8.681424160320642,8.877112,27001534.73336824
2002-07-08,8.681424601503759,8.96606147368421,8.218889684210527,8.281154,53024865.97882372
2002-07-09,8.396788612765958,8.805954159574469,8.307839580851065,8.361209,52864881.14338489
2002-07-10,8.47684373273942,8.574687679287306,7.960939287305122,7.987624,60334769.88901831
2002-07-11,7.889777429936305,8.476840914012739,7.747459009554141,8.378997,82217213.82642815
2002-07-12,8.503528152892562,8.743690558884298,8.378999497933885,8.610267,56306735.203449555
2002-07-15,8.432367534975368,9.046115804926107,8.361208315270936,9.028326,70458782.72450508
2002-07-16,8.859323291291291,9.321858242242243,8.788164068068069,8.886008,88997936.08108388
2002-07-17,9.277383389684813,9.384122220630372,8.894902578796561,9.312963,81754239.97711578
2002-07-18,9.143962825870645,9.170647542288556,8.85043094527363,8.93938,76939996.9572834
2002-07-19,8.717005226337449,8.948272711934157,8.441263224279835,8.645846,67124169.91928841
2002-07-22,8.45905020910076,8.583578813651139,8.156623598049839,8.209993,69867899.27835505
2002-07-23,8.325627463636362,8.476840782954543,7.791933395454545,7.827513,74964408.23541272
2002-07-24,7.560667712765958,8.423473322340426,7.436139068085106,8.361209,78778597.68844433
2002-07-25,8.12994073029967,8.245574460599334,7.79193444173141,8.014307,70058329.68465021
2002-07-26,8.014310018220794,8.316736811361201,7.845306810289389,8.298947,49888668.4057628
2002-07-29,8.539103497382197,8.672526989528794,8.281151412565444,8.494629,55805577.26535203
2002-07-30,8.476841341438703,8.894901722391085,8.396787225937183,8.779268,57525087.512990825
2002-07-31,8.645845810189812,8.903798,8.521317166833168,8.903798,48849773.32145226
2002-08-01,8.805953764219236,8.930482403309204,8.43236784694933,8.601371,52958645.08111555
2002-08-02,8.47684182678002,8.592475555791712,8.049886519659937,8.370103,57267071.26543126
2002-08-05,8.272259167591567,8.441262311875695,8.005412097669257,8.014307,45446030.20573082
2002-08-06,8.201103037513398,8.556899264737407,8.094364169346195,8.298947,57459856.051617146
2002-08-07,8.592475632352942,8.743688971638656,8.18331012605042,8.467947,57903053.006826796
2002-08-08,8.44126303896104,8.939377612387613,8.370103814185814,8.903798,51522202.66003339
2002-08-09,8.743685798165139,9.188430752293579,8.699211302752294,8.725896,54371836.65723267
2002-08-12,8.60137058581706,8.912692168550873,8.57468587872559,8.65474,37311370.76330427
2002-08-13,8.556896869086907,8.628056094609459,8.058782290429043,8.085467,61094313.04339008
2002-08-14,8.20999775124378,8.974959621890546,8.174418129353233,8.93938,61022683.34045538
2002-08-15,9.00164,9.135063517786561,8.76147766798419,9.00164,63094686.30160726
2002-08-16,8.823741659287776,9.295171405197305,8.797056956689124,9.241802,51362236.28249123
2002-08-19,9.268487992680695,9.908920944190301,9.179538971637694,9.722128,63298054.705718756
2002-08-20,9.517543596654274,9.784390613382898,9.37522518773234,9.570913,42782715.50477996
2002-08-21,9.739916110594795,9.837760016728625,9.384120088289963,9.570913,50708942.396613576
2002-08-22,9.668760088471851,9.962291903485255,9.428597694369975,9.953397,47329237.54573438
2002-08-23,9.802182761816496,9.980080815569973,9.410807043558851,9.5976,33361466.720846877
2002-08-26,9.579810051087984,9.650969271523177,9.126170020813623,9.401912,39966148.90673302
2002-08-27,9.535335440394087,9.62428446502463,8.983851487684728,9.028326,40955030.31237464
2002-08-28,9.01053380221998,9.268485905146315,8.76147659939455,8.814846,37833139.90964788
2002-08-29,8.708108672690763,9.010535327309237,8.583580050200803,8.859322,44709432.16647956
2002-08-30,8.708106997914493,8.823740696558914,8.467944700729927,8.530209,39275540.37656053
2002-09-03,8.459053678807946,8.512423102649006,8.00541357615894,8.058783,49123183.48812718
2002-09-04,8.16552106875,8.619161128124999,8.138836359375,8.539107,48920600.2454355
2002-09-05,8.405681743421052,8.423471546052632,8.10325509868421,8.11215,50453285.996930525
2002-09-06,8.423473545171339,8.725900261682243,8.370104124610592,8.565792,43904242.83008507
2002-09-09,8.55689753783231,8.788165038854807,8.36120965235174,8.699216,44294014.311174706
2002-09-10,8.690320194075587,8.868218253319716,8.414578202247192,8.70811,45408140.11306701
2002-09-11,8.770373412244895,9.07280008163265,8.690319293877549,8.717004,38767711.93405441
2002-09-12,8.619159939873416,8.681424253164556,8.387892490506328,8.432367,37261681.32862339
2002-09-13,8.441262343268242,8.770373730729702,8.387892929085304,8.65474,40766158.544335246
2002-09-16,8.636947690732761,8.67252728987069,8.049884304956898,8.254467,59016404.087629154
2002-09-17,8.36120631229236,8.378996112956811,7.809722491694353,8.032095,91609907.8758406
2002-09-18,7.329398788461538,7.596245831730768,6.946918026442307,7.400558,137833567.68503132
2002-09-19,7.160395591861901,7.302714013563504,7.071446578298398,7.213765,53937978.711532734
2002-09-20,7.276031168961201,7.36498020525657,7.080343289111389,7.107028,78514959.6990472
2002-09-23,6.982497938481675,7.080341858638744,6.662281472513089,6.795705,61730079.80776093
2002-09-24,6.5733329475,7.276030245,6.493278825,7.115922,87209500.0479207
2002-09-25,7.222660596041909,7.649615902211874,7.080342160651921,7.640721,71706465.65945806
2002-09-26,7.711881332931243,7.756355850422197,7.293820868516285,7.373875,65410940.109508224
2002-09-27,7.222658799999999,7.6851936,7.195974099999999,7.471716,53184858.73927757
2002-09-30,7.258240061068703,7.364978885496183,6.493278486005089,6.991393,55242429.65600704
2002-10-01,6.964708900468384,7.631826611241219,6.920234386416863,7.596247,61647553.85126365
2002-10-02,7.356083394705174,7.605140631768954,7.284924184115523,7.391663,50591567.418590374
2002-10-03,7.32050299639856,7.631824509003602,7.2404488931572635,7.409452,55093703.151056245
2002-10-04,7.525087463414636,7.631826292682928,7.29382,7.29382,50620116.75637731
2002-10-07,7.222659854545454,7.32939867012987,6.804599493506494,6.849074,56915415.13495109
2002-10-08,6.964708349442379,7.32050443370508,6.929128741016108,7.178186,54737308.423047274
2002-10-09,7.035867566294919,7.338294237918215,6.938023643122676,7.178186,62385621.938467465
2002-10-10,7.187082143360752,7.631827325499412,7.1337127215041125,7.569563,44300311.259712085
2002-10-11,7.658512229834252,8.067677807734805,7.56956319116022,8.049888,55109982.89665646
2002-10-14,7.863094944864865,8.27226051891892,7.774145907027028,8.227786,36415908.24068589
2002-10-15,8.556894693498451,8.752582513931888,8.316732368421052,8.619159,59567723.60273201
2002-10-16,8.201098987124464,8.530210334763948,8.201098987124464,8.290048,46388035.871444896
2002-10-17,8.877111918946303,8.966060936170214,8.654739375886527,8.779268,59542985.01879655
2002-10-18,8.494630405690202,8.601369217070602,8.209993575342468,8.441261,61819912.688400455
2002-10-21,8.334523632780082,8.708109537344397,8.245574607883816,8.574686,53513009.339350745
2002-10-22,8.343418950455007,8.850428417593529,8.298944435793732,8.797059,51958408.4862907
2002-10-23,8.690318869477911,8.894901606425702,8.574685148594378,8.859322,56858863.917577446
2002-10-24,8.87710878296146,9.063901653144017,8.734790405679513,8.77037,62903583.99930675
2002-10-25,8.84153118128655,9.170642502923977,8.814846479532164,9.126168,50914453.25135369
2002-10-28,9.232908983118174,9.268488593843099,8.850428167825223,8.957167,46017029.60322165
2002-10-29,8.903796508032128,9.152853753012048,8.601369853413654,8.859322,48697222.202782564
2002-10-30,8.877113290709291,9.001641934065933,8.743689744255745,8.903798,57106749.16479462
2002-10-31,8.868217158979393,9.11727441118744,8.71700382728165,9.063905,60136020.40180253
2002-11-01,8.930481879565646,9.13506463178677,8.619160300098715,9.010536,49824043.763878204
2002-11-04,9.259591306640626,9.321855609375001,8.814846287109376,9.108378,68737700.60926326
2002-11-05,8.974954794493607,9.12616810619469,8.88600578761062,9.046114,45957567.63622479
2002-11-06,9.170642497104247,9.259591502895752,8.957164883204634,9.215117,59691617.154725224
2002-11-07,9.010535686274512,9.108379607843139,8.894901960784315,9.0728,46936436.38127149
2002-11-08,8.966058672251307,8.966058672251307,8.485734100523558,8.494629,63479076.01379649
2002-11-11,8.192206461878452,8.450158674033148,7.978728769060773,8.049888,54796095.29971101
2002-11-12,8.236679349473684,8.681424454736842,8.121045622105264,8.450157,59443487.263017714
2002-11-13,8.334524416839916,8.66363583991684,8.325629513513514,8.556897,48509577.24511584
2002-11-14,8.72589832173913,9.250697507246377,8.708108518840579,9.206223,53492442.0144939
2002-11-15,9.046115294117646,9.588704313725488,8.99274588235294,9.52644,64559789.70108457
2002-11-18,9.677653853658535,9.784392682926828,9.117275,9.117275,47533404.99217146
2002-11-19,9.108383228543877,9.428599826422372,8.939380024108004,9.224017,44057353.970618226
2002-11-20,9.215118715083799,9.588704608938546,9.117274790502792,9.553125,54422857.86064769
2002-11-21,9.642073113438045,10.229136605584642,9.624283310645724,10.193557,67010860.88006375
2002-11-22,9.846658888601038,10.362563329015545,9.802184367875649,10.300299,53417551.47107865
2002-11-25,10.318085071368596,10.673881108312342,10.255820764903442,10.593827,51550658.510847874
2002-11-26,10.50488126655202,10.745043666380052,10.273613770421324,10.344773,66064571.354054846
2002-11-27,10.584931991666668,10.860673917500002,10.211346156666668,10.673881,53594526.676847905
2002-11-29,10.700564204938269,10.896251995884771,10.629405008230451,10.807303,18376598.675913874
2002-12-02,10.994099515966386,11.323210909243697,10.513774779831932,10.584934,51911417.68101719
2002-12-03,10.513773567282323,10.620512385224274,10.006764182058047,10.113503,51979777.43221117
2002-12-04,9.819968101357464,10.095709959276016,9.553121142081448,9.828863,50987539.96265896
2002-12-05,10.051242179607112,10.07792689335828,9.47307338166511,9.508653,44064103.927233435
2002-12-06,9.37522534751773,10.309189921985816,9.295171241134751,10.033448,53934834.7646791
2002-12-09,9.891133340930674,10.042346710351376,9.34854419183286,9.366334,46500557.63546335
2002-12-10,9.579806293457944,9.81107366915888,9.455277706542057,9.517542,39545361.60701996
2002-12-11,9.517544893805308,10.18466252654867,9.437490777876105,10.051239,47591869.02231655
2002-12-12,10.202453318421053,10.273612539473685,9.828867407894737,10.140189,35420848.66465507
2002-12-13,10.033449847887322,10.069029457276994,9.455281195305163,9.473071,55350579.553346545
2002-12-16,9.739917438053096,10.11350331238938,9.615388813274336,10.051239,40716807.15183472
2002-12-17,9.971182086206898,10.211344366606172,9.659860611615246,9.802179,43075473.72885151
2002-12-18,9.606494336782688,9.686548456255878,9.25959315239887,9.455281,66435469.34247646
2002-12-19,9.837758394545453,10.291398248181817,9.606491018181817,9.784389,109102980.26785323
2002-12-20,10.03344972067039,10.113503840782121,9.3841218575419,9.553125,79094742.29636899
2002-12-23,9.588702784810126,9.917814104882458,9.446384376130197,9.83776,37093838.02816901
2002-12-24,9.6954428844404,9.91781542766151,9.650968375796177,9.775497,10217538.402395297
2002-12-26,9.784391320406279,9.988974048014773,9.588703493998151,9.633178,21466792.68253945
2002-12-27,9.615389805375349,9.846657275254866,9.562020389249305,9.5976,27874279.09060598
2002-12-30,9.668756697440585,9.802180202925046,9.544228092321756,9.731021,33374516.610333078
2002-12-31,9.677656237037036,9.757710378703703,9.588707190740738,9.606497,29405037.02858597
2003-01-02,9.73102264942016,10.00676460749331,9.606494023193576,9.971185,36048627.01875454
2003-01-03,9.953395616782007,10.335876413494809,9.891131301038062,10.282507,34715952.05332707
2003-01-06,10.26471710869565,10.771726532608694,10.26471710869565,10.638303,50955478.895459175
2003-01-07,10.576038817178882,11.385474925137904,10.460405087470448,11.287631,81805058.29788376
2003-01-08,11.180888470297031,11.252047665016503,10.736143503300331,10.780618,60285336.51781372
2003-01-09,11.083048368946963,11.723481340507302,11.029678954650269,11.572268,80022013.66231753
2003-01-10,11.260945046671768,11.785744223412395,11.109731724560062,11.625636,58498232.010704614
2003-01-13,11.830220394431555,11.883589809744779,11.412159974477957,11.501109,45630854.033293664
2003-01-14,11.456634245614037,11.741271121281466,11.38547502669718,11.661217,44194301.8468827
2003-01-15,11.696795913806865,11.776850030327216,11.08304768715084,11.145312,47186692.754765406
2003-01-16,11.12752267543139,11.385474839769927,10.762831684470008,10.825096,56693596.80505373
2003-01-17,10.38924462937063,10.442614036713287,10.157977197552448,10.175767,62192034.07467957
2003-01-21,10.309191804667241,10.602723581676749,10.202452976663785,10.291402,40860932.067370415
2003-01-22,10.309190296901894,10.798409853700518,10.184661682444062,10.335875,50898036.789338104
2003-01-23,10.718356047351525,11.198680716693419,10.576037626805778,11.083047,52240152.55010648
2003-01-24,11.03856952931181,11.0652542259983,10.38034701104503,10.469296,51214747.39084653
2003-01-27,10.495984274937134,10.727251725062867,10.318086236378877,10.611618,49573565.12456442
2003-01-28,10.80730522556391,10.816200126984127,10.415929563074354,10.647197,40825522.7173875
2003-01-29,10.47819533610649,10.842886345257904,10.273612574875209,10.691673,40795837.09677615
2003-01-30,10.745041770212767,11.100837855319151,10.398140587234042,10.45151,43027454.884509504
2003-01-31,10.309192279301747,10.833991541147133,10.229138154613468,10.700568,54055678.16586932
2003-02-03,10.682778,10.798411733555373,10.576039169025814,10.682778,34234551.443454124
2003-02-04,10.54045983375959,10.78951711253197,10.246928040920716,10.433721,53789457.85496852
2003-02-05,10.567144500000001,10.709462944444445,10.229138194444445,10.246928,46450086.113613755
2003-02-06,10.238030199479619,10.424823104943625,10.077921994796185,10.25582,43920110.2398443
2003-02-07,10.442614049382716,10.5849324691358,10.015658790123455,10.086818,49403246.692861915
2003-02-10,10.149083327659575,10.4959845106383,10.122398621276597,10.45151,37958259.14150204
2003-02-11,10.531562693534845,10.798409721242653,10.42482388245172,10.593827,51857013.80624773
2003-02-12,10.513772827826088,10.629406539130434,10.220241099130435,10.229136,44576438.322845645
2003-02-13,10.282504800693243,10.398138505199308,10.095711893414213,10.264715,38850913.0550629
2003-02-14,10.282505388034188,10.602721818803419,10.09571247008547,10.407034,46625702.38552118
2003-02-18,10.584935982286636,11.06526080837359,10.487092036231884,11.047471,45409595.37255178
2003-02-19,10.967414902597403,11.002994512987012,10.780621948051948,10.95852,39155909.37462358
2003-02-20,11.020783213647443,11.091942427294883,10.87846478635256,10.949624,35039960.00227953
2003-02-21,10.833993999999999,11.065261523809523,10.558251952380951,11.020787,49728919.177913524
2003-02-24,10.842884337563452,11.07415176395939,10.504878098984772,10.513773,51452287.01437628
2003-02-25,10.353665939698494,10.682777314070352,10.21134750753769,10.620513,53090860.30025103
2003-02-26,10.593830168088736,10.762833336177474,10.38035248208191,10.424827,45841643.607131325
2003-02-27,10.593828804878047,10.753937048780486,10.433720560975608,10.576039,41405400.73651393
2003-02-28,10.576038684782608,10.798411239130434,10.52266927173913,10.638303,39888015.97397631
2003-03-03,10.851782070145424,10.851782070145424,10.353667483319077,10.398142,38645951.17089187
2003-03-04,10.44261694067068,10.549355785038692,10.273613770421324,10.344773,42070157.55686471
2003-03-05,10.122396913160252,10.149081615040286,9.775495788719786,9.935604,72593728.37323226
2003-03-06,9.944500804659496,10.095714144265232,9.80218236738351,9.926711,41755152.13447838
2003-03-07,9.731021193490053,10.051237613019891,9.642072188065098,9.83776,49560419.24177862
2003-03-10,9.624282403345724,9.784390613382898,9.490858894981413,9.570913,34366095.27220653
2003-03-11,9.615387709737828,9.748811220973783,9.47306929775281,9.499754,40990451.75275065
2003-03-12,9.473067531818181,9.837758394545453,9.464172632727273,9.784389,46700698.42889526
2003-03-13,10.060134751260504,10.620513610084034,9.953395921008402,10.584934,65084018.47380437
2003-03-14,10.57603848994975,10.718356922110553,10.362560841708543,10.620513,57972308.117319755
2003-03-17,10.415932166801621,11.074155036437247,10.318088226720647,10.985206,63313558.252799265
2003-03-18,11.002991804897958,11.074151008163264,10.727249892244899,10.896253,65866167.47977493
2003-03-19,10.362561693191866,10.522669942528736,9.873342042440319,10.060135,138911917.98121992
2003-03-20,10.166871693913043,10.318085008695652,9.882234866086955,10.229136,62756629.68993667
2003-03-21,10.39814273480176,10.52267139030837,10.024556768281938,10.095716,73657456.2913616
2003-03-24,9.908918902991843,10.05123730734361,9.77549539891206,9.811075,47420655.330837846
2003-03-25,9.953395080530973,10.220242133628318,9.846656259292034,10.051239,46850882.76181673
2003-03-26,10.086817987762238,10.300295617132868,10.006763876748252,10.175767,43110203.28983554
2003-03-27,10.051239586267606,10.238032534330987,9.98897527024648,10.104609,33491655.14469684
2003-03-28,10.006766554054055,10.131295204504505,9.873343,9.873343,31199101.459353734
2003-03-31,9.633182189861751,9.864449721658985,9.624287284792626,9.650972,50488228.54319752
2003-04-01,9.67765180669145,9.704336508364312,9.47306909386617,9.570913,56737677.58624491
2003-04-02,9.837760944153578,10.282506013961607,9.695442521815009,10.193557,54274688.21727293
2003-04-03,10.513773020654046,10.549352624784854,10.264715791738382,10.335875,49763454.18264056
2003-04-04,10.37145514335972,10.442614355321021,9.78439164467898,10.113503,39277556.94540259
2003-04-07,10.584932117847993,11.127521075149444,10.389244297181895,10.415929,51164594.535926655
2003-04-08,10.38034931478261,10.442613620869565,10.21134619826087,10.229136,39113757.99481012
2003-04-09,10.335874528200536,10.353664329453895,9.926709099373321,9.935604,43980255.25171897
2003-04-10,9.953394773087071,10.184662211961301,9.846655955145119,10.113503,35123716.67858308
2003-04-11,10.24692673870682,10.39814006731621,9.962289884853853,10.042344,30868694.201274123
2003-04-14,10.077924226415094,10.415930511149229,9.988975204116638,10.371456,32140544.394152567
2003-04-15,10.25582009965338,10.451507907279032,10.19355579722704,10.264715,37582995.53372889
2003-04-16,10.4604072746114,10.629410453367877,10.282509191709845,10.300299,46644010.23698438
2003-04-17,10.2736104625,10.682775900833333,10.193556355,10.673881,40102526.90656754
2003-04-21,10.656091616554056,10.842884541385136,10.495983395270272,10.531563,33437695.810204048
2003-04-22,10.487088363561417,10.842884406430336,10.40703425391591,10.789515,37883726.56231536
2003-04-23,10.611616694166667,10.745040206666667,10.558247289166665,10.673881,34013982.35562117
2003-04-24,10.522669945137158,10.753937416458854,10.460405625935163,10.700568,35145521.99472027
2003-04-25,10.638302327396099,10.69167173706531,10.46929919677693,10.487089,29409319.116105527
2003-04-28,10.495983675856309,10.709461309941519,10.371455055973266,10.647197,33432073.7185571
2003-04-29,10.629408681364392,10.851781247920133,10.611618876039934,10.691673,35458735.410258055
2003-04-30,10.638301205387206,10.70056551010101,10.504877695286195,10.567142,45645816.05887382
2003-05-01,10.540459681208054,10.664988318791947,10.442615751677854,10.602724,30336925.49197734
2003-05-02,10.487088066393444,10.88735860327869,10.487088066393444,10.851779,39562779.52214102
2003-05-05,10.842884916390728,10.940728832781458,10.72725119701987,10.745041,38272599.23903501
2003-05-06,10.656090296535053,11.163099601128122,10.611615796132151,11.038571,49639455.867974214
2003-05-07,10.994096298605415,11.16309939704676,10.798408500410174,10.842883,50880842.29996763
2003-05-08,10.673885950413226,10.994102528925621,10.673885950413226,10.762835,38717220.8809296
2003-05-09,10.887362724637681,11.118630233494365,10.8517831078905,11.047471,37954090.66925815
2003-05-12,10.931833678170143,11.145311308988763,10.85177956661316,11.083047,37981534.50039507
2003-05-13,10.994101574879227,11.252053796296297,10.958521958132046,11.047471,39000307.67222652
2003-05-14,11.207576312849163,11.243155920191542,10.976308865123704,11.145312,38799528.80637168
2003-05-15,11.207575073586366,11.572266008520526,11.171995470178157,11.483317,50893316.01661785
2003-05-16,11.483321656050956,11.563375796178343,11.091945859872611,11.172,38857528.105979234
2003-05-19,11.074153262119967,11.225366599835661,10.762831684470008,10.825096,37017382.75577417
2003-05-20,10.860674506578949,10.922938815789474,10.682776480263158,10.8162,37874169.48651097
2003-05-21,10.780624809917356,10.869573859504134,10.647201235537192,10.762835,40401106.214115515
2003-05-22,10.789516658536586,11.038573926829269,10.78062175609756,10.94073,30302187.33119271
2003-05-23,10.869573859504134,10.940733099173556,10.72725538016529,10.762835,28388723.788853027
2003-05-27,10.700564224505928,11.332102096442688,10.656089726482213,11.252048,40011918.71915229
2003-05-28,11.394370377828055,11.91916963800905,11.296526447963801,11.794641,87834575.04132597
2003-05-29,11.62564071784879,11.812433720966483,11.394373190179266,11.412163,56541807.36815625
2003-05-30,11.518898585703305,11.785745657186778,11.46552917140661,11.572268,49049217.31850663
2003-06-02,11.7501649640625,11.785744570312499,11.349894393749999,11.385474,46572634.56927661
2003-06-03,11.438842585253456,11.705689612903225,11.349893576036866,11.581161,37314412.259703495
2003-06-04,11.661219499263623,12.186018851251841,11.56337555228277,12.07928,60649669.02000781
2003-06-05,11.919168607784432,12.070381940868264,11.812429784431139,11.883589,42116147.234644346
2003-06-06,12.132647663865548,12.408389656226127,11.51889935828877,11.643428,115756068.65950474
2003-06-09,11.679005333592537,11.785744148522552,11.305419481337482,11.438843,57650330.894479446
2003-06-10,11.607845702764978,11.643425306451613,11.438842585253456,11.581161,45891461.141072124
2003-06-11,11.750165587792013,11.936958530519972,11.59005735116805,11.803535,46108770.889398806
2003-06-12,11.919169317329333,11.990328537134284,11.652322243060764,11.856905,45989824.07297689
2003-06-13,12.38170059347181,12.452859792284867,11.883586201780416,11.990325,91425874.77820659
2003-06-16,12.114854298901097,12.363911509157509,11.830217487179487,12.141539,35253121.12410132
2003-06-17,12.22159208539326,12.248276784269663,11.812426702621723,11.874691,41293439.55139548
2003-06-18,11.821323288375558,12.043695810730252,11.794638585692995,11.936957,56083030.70874763
2003-06-19,11.874694902548725,12.017013343328335,11.794640779610194,11.8658,44403634.31037098
2003-06-20,12.025908250580045,12.105962373549882,11.438844682134569,11.501109,58195466.10679023
2003-06-23,11.518897223962412,11.607846237274865,11.25205018402506,11.358789,34189136.975781485
2003-06-24,11.438840891699604,11.572264385770751,11.207573501976285,11.252048,34472789.309110664
2003-06-25,11.252053404684975,11.394371866720517,10.985206288368335,11.011891,29532640.669981208
2003-06-26,11.136417,11.216471115814695,10.807305634984026,11.136417,34693131.911278106
2003-06-27,11.163102831858408,11.287631469026548,10.887360849557522,11.056364,33676141.45120403
2003-06-30,11.109733323896753,11.163102739383849,10.67388309741882,10.682778,47729471.58501281
2003-07-01,10.709460869424168,11.011887505271696,10.442613837794,10.967413,51169428.104877606
2003-07-02,11.100836703614458,11.340999036144579,10.95851828433735,11.074152,45373072.80954785
2003-07-03,10.967414534482758,11.13641767816092,10.780621586206895,10.833991,17541170.74677282
2003-07-07,10.994096105011932,11.349892095465394,10.931831806682577,11.180889,33163611.498155467
2003-07-08,11.207575286724273,11.456632515318148,11.163100781618226,11.323209,49352657.095704935
2003-07-09,11.492212533543805,11.607846250986583,11.207575690607735,11.26984,37830548.88090692
2003-07-10,11.127521885714286,11.332104622222221,11.03857286984127,11.207576,46153517.941792235
2003-07-11,11.207576355140187,11.456633607476636,11.18978655140187,11.421054,34407799.49030974
2003-07-14,11.510003056962026,11.643426585443038,11.145312079113925,11.243156,32135149.24101382
2003-07-15,11.429949857482184,11.46552946793349,11.154207876484557,11.234262,39190535.88032752
2003-07-16,11.287628202256244,11.305418002417406,10.940727099113618,11.038571,34453450.54174132
2003-07-17,10.869567698924731,10.949621798180313,10.700564600496277,10.753934,33182498.144399997
2003-07-18,10.762830802980133,10.816200211920531,10.664986886589405,10.745041,27302382.18728062
2003-07-21,10.727253423438837,10.77172794011976,10.309192966638152,10.398142,40897352.81553185
2003-07-22,10.584932676056338,10.896254225352113,10.513773464788732,10.736146,49006726.43609728
2003-07-23,10.842889144628101,10.860678954545458,10.522672566115704,10.762835,31023265.710196238
2003-07-24,10.860676872431508,10.994100421232876,10.362562290239726,10.389247,47688208.394698866
2003-07-25,10.442618421487605,10.789519714876036,10.318089752066117,10.762835,32942117.016566727
2003-07-28,10.82509411952862,10.887358424242423,10.495982794612795,10.567142,39808314.11180052
2003-07-29,10.629408708053692,10.727252637583893,10.398141238255034,10.602724,34473002.22093869
2003-07-30,10.691670609427609,10.727250212121213,10.504877695286195,10.567142,31273423.977836203
2003-07-31,10.745041114261884,10.949623850708925,10.567143082568808,10.664987,38932302.58977343
2003-08-01,10.584932208121828,10.664986317258885,10.433718890862945,10.513773,32994183.914756384
2003-08-04,10.567144806070829,10.673883642495785,10.380351842327151,10.549355,30920516.941557087
2003-08-05,10.513771190721648,10.638299783505154,10.335873201030926,10.353663,34601402.80787583
2003-08-06,10.28250591441048,10.35366512489083,10.166872197379913,10.184662,49640460.822362095
2003-08-07,10.193554293239684,10.255818586479366,9.944497120280946,10.13129,34479649.383247346
2003-08-08,10.220242033658105,10.238031837023915,9.935605179805139,10.042344,28840678.530829057
2003-08-11,10.478196032534246,10.584934871575342,10.318087773972602,10.389247,57633004.58637667
2003-08-12,10.549352960526315,10.8162,10.50487845394737,10.8162,55041307.66812743
2003-08-13,11.020784223529413,11.020784223529413,10.495984974789916,10.584934,76667394.43061242
2003-08-14,10.656089409240927,10.851777194719473,10.567140415841587,10.780618,33466370.85183799
2003-08-15,10.753935901490067,10.798410408940398,10.638302182119206,10.745041,14012746.53116726
2003-08-18,10.816201195402298,10.8517808045977,10.753936879310345,10.833991,31558637.809464674
2003-08-19,10.93183159423868,10.958516293004115,10.656089706995884,10.807303,45495510.76711739
2003-08-20,10.718353704620464,10.816197597359738,10.63829961056106,10.780618,25858190.31895945
2003-08-21,10.878464309210527,10.958518421052633,10.718356085526317,10.8162,41422494.40653834
2003-08-22,10.887360585365855,11.118628048780488,10.807306463414635,10.94073,50839343.444176026
2003-08-25,10.87846240339531,11.038570599029912,10.8428828043654,11.002991,33877616.186362416
2003-08-26,10.914044667202573,11.136417215434083,10.700567020900321,11.065258,56112816.52899553
2003-08-27,10.994097889156627,11.180890814457833,10.949623383132531,11.074152,42991708.52991723
2003-08-28,11.118626664056382,11.385473703993737,11.100836861393892,11.358789,42456794.7340161
2003-08-29,11.305424141075603,11.465532429462197,11.243159806703039,11.412163,37284041.07091706
2003-09-02,11.527790303211352,11.963640399551904,11.510000503360716,11.910271,97036504.87885624
2003-09-03,12.212703287790697,12.479550409883721,12.079279726744186,12.239388,113331182.89901423
2003-09-04,12.14154367346939,12.257177422740524,12.017015020408163,12.203808,46996236.25674871
2003-09-05,11.919167844036698,12.017011759174313,11.563371788990827,11.634531,87393324.23455659
2003-09-08,11.785742303412464,12.043694399109791,11.7679525037092,11.990325,66172526.9331732
2003-09-09,11.945853313622756,11.990327823353294,11.794639980538923,11.883589,44198013.91650283
2003-09-10,11.69679605836576,11.892483901167315,11.376579588326848,11.429949,54125048.58945565
2003-09-11,11.590058514637903,11.723482058551618,11.438845164869027,11.545584,62167401.31984662
2003-09-12,10.79841198565737,11.207577513944221,10.718357860557768,11.163103,141510484.13689277
2003-09-15,11.171995913253014,11.243155122891567,11.011887691566267,11.074152,50528498.25431328
2003-09-16,11.091942588986434,11.171996705506785,11.038573177972866,11.145312,47916211.76688458
2003-09-17,11.127520714983714,11.154205416938112,10.869568596091208,10.922938,54342371.988195844
2003-09-18,10.914043888349514,11.038572506472493,10.798410171521036,10.994098,59731860.13077199
2003-09-19,10.958515986798682,10.985200684818484,10.736143503300331,10.780618,63589814.60988599
2003-09-22,10.691671507101086,10.74504091562239,10.558247985797827,10.647197,54638491.98995755
2003-09-23,10.73614761097257,10.789517027431424,10.64719858354115,10.700568,47087642.45038207
2003-09-24,10.700567811206897,10.753937226724139,10.318087,10.318087,82233728.015668
2003-09-25,10.380350924740485,10.611618383217992,10.255822293252594,10.282507,46899672.2297393
2003-09-26,10.362557581069238,10.415926976336547,10.131290201577563,10.14908,51060612.29195159
2003-09-29,10.273608904639175,10.353663,10.104605814432988,10.353663,46524190.71395312
2003-09-30,10.229138577777778,10.246928384,9.971186387555557,10.006766,61489258.867450275
2003-10-01,10.122399996578274,10.43372161334474,10.095715286569718,10.398142,53515027.87709573
2003-10-02,10.291402344736841,10.344771760526315,10.113504292105262,10.140189,59925220.32873352
2003-10-03,10.549355161936559,10.753937934891484,10.415931614357262,10.656094,85945623.60279481
2003-10-06,10.736144200984414,10.940726899097623,10.709459501230517,10.842883,40714229.877791725
2003-10-07,10.71835548770492,10.905148404918034,10.63830138032787,10.851779,51160660.3857303
2003-10-08,11.145312973871732,11.341000831353917,11.011889434679334,11.234262,80243599.17901151
2003-10-09,11.340998844282238,11.465527459042985,10.949623197891322,10.967413,71053404.20753737
2003-10-10,11.074151812652067,11.127521218978101,10.931833395782643,10.967413,42819138.47869138
2003-10-13,11.020781907166125,11.109730913680783,10.860673695439742,10.922938,51561340.3646528
2003-10-14,10.896253791565288,11.029677307380373,10.816199682076236,10.967413,36304057.57492674
2003-10-15,11.083044577557759,11.118624174917494,10.700563905940594,10.780618,49661270.25370901
2003-10-16,10.762830718462823,10.816200126984127,10.54935308437761,10.647197,68078663.42662768
2003-10-17,10.593830168088736,10.682779203924914,10.389247385665529,10.424827,55730452.313501224
2003-10-20,10.478193287993282,10.647196405541562,10.460403486146095,10.593827,38395930.76232036
2003-10-21,10.700568515859764,10.762832838063437,10.60272458096828,10.656094,38185238.60619098
2003-10-22,10.531565843003412,10.638304686006826,10.407037192832764,10.424827,34474572.67156568
2003-10-23,10.371455880851064,10.558248825531916,10.318086468085108,10.45151,33533702.307130735
2003-10-24,10.31808726342711,10.478195514066496,10.246928040920716,10.433721,45714383.679609604
2003-10-27,10.49598300854701,10.576037116239316,10.326979892307692,10.407034,31444757.459233824
2003-10-28,10.424826517529215,10.673883806343905,10.27361316360601,10.656094,49583676.34519741
2003-10-29,10.611618609756096,10.745042146341461,10.460405268292682,10.576039,46043225.63485252
2003-10-30,10.753934000820346,10.931831999179655,10.602720702214931,10.842883,59862618.456733316
2003-10-31,10.780620521303257,10.922938944026733,10.638302098579784,10.647197,36556335.437392585
2003-11-03,10.727249301066449,10.958516698933554,10.691669701394586,10.842883,40160766.65219019
2003-11-04,10.736145387387387,11.100836324324323,10.709460684684682,10.860674,47311038.61509885
2003-11-05,10.96741619271255,11.100839747368422,10.842887541700405,10.985206,40890718.38980535
2003-11-06,11.14531561968504,11.31431880944882,10.851783763779528,11.296529,86416777.22422524
2003-11-07,11.376578742375601,11.456632853932584,11.056362296147672,11.083047,56551611.30328149
2003-11-10,11.038570603818616,11.340997195704057,10.985201205250597,11.180889,49917144.87103843
2003-11-11,11.28763255263158,11.33210707017544,11.029680350877195,11.154209,38795249.398679905
2003-11-12,11.171996072043854,11.429948210649961,11.154206269381362,11.358789,43637920.8206086
2003-11-13,11.23425839856802,11.314312496420047,11.083045102625299,11.180889,39133661.91185692
2003-11-14,11.180888174938977,11.26983716598861,10.914041201790075,10.931831,41494680.90020783
2003-11-17,10.887357498759306,10.896252398676591,10.656090100909843,10.753934,38502625.45780921
2003-11-18,10.842886299745977,10.88736081287045,10.478195292125317,10.50488,47486410.791936696
2003-11-19,10.540459750623443,10.789517027431424,10.48709033416459,10.700568,42269040.01731496
2003-11-20,10.602722010152284,10.79840983248731,10.469298494923859,10.513773,46464373.16080535
2003-11-21,10.602721602693602,10.673880808080808,10.45150829124579,10.567142,35787695.85948595
2003-11-24,10.718357,10.762831510373442,10.602723273029044,10.718357,48789519.69970772
2003-11-25,10.736145011794441,10.745039912384163,10.549352099410278,10.558247,45033780.41828345
2003-11-26,10.673878405315616,10.718352898671098,10.549349823920267,10.709458,34718776.61782697
2003-11-28,10.691673,10.72725261064892,10.656093389351083,10.691673,9173231.354905821
2003-12-01,10.82509534292566,11.180891410071943,10.816200441247004,11.127522,56978145.26900058
2003-12-02,11.109733121774195,11.28763117016129,10.985204487903225,11.029679,53363148.64648373
2003-12-03,11.305418885271319,11.652320015503877,11.252049480620157,11.474422,100629790.32843658
2003-12-04,11.518899387990762,11.616743321016166,11.403265648960739,11.554479,64028241.77533232
2003-12-05,11.438844832025117,11.554478566718995,11.30542129199372,11.332106,44276819.507336065
2003-12-08,11.287631170960188,11.501108829039813,11.243156658860267,11.39437,36422321.988841854
2003-12-09,11.492209877874703,11.536684374306109,11.127519007137193,11.216468,45710129.69501629
2003-12-10,11.216470676056339,11.385473802816904,11.207575774647887,11.367684,47130932.7388059
2003-12-11,11.332108855806702,11.474427334372564,11.31431904598597,11.412163,44913577.38230693
2003-12-12,11.456637524551832,11.474427334372564,11.28763433125487,11.412163,42023945.59208452
2003-12-15,11.62564047480315,11.63453537952756,11.252054476377953,11.296529,92791775.24352834
2003-12-16,11.545584355182928,11.767956935213416,11.34100158155488,11.670113,106834889.43080498
2003-12-17,11.634530680754716,11.794638901132075,11.60784597735849,11.785744,52368204.33228484
2003-12-18,11.759061072768192,11.945854024756189,11.741271267816954,11.856905,54688963.85692557
2003-12-19,11.86580057448434,11.945854701298702,11.545584067226892,11.643428,59571981.979877405
2003-12-22,11.5366853,11.750162900000001,11.4922108,11.741268,42080068.35377576
2003-12-23,11.776848107279692,11.776848107279692,11.545580697318007,11.607845,31011814.423779782
2003-12-24,11.554480808789513,11.679009470316114,11.518901191210484,11.536691,17063589.810977865
2003-12-26,11.545581198461539,11.616740404615385,11.518896496153845,11.563371,10461274.657710109
2003-12-29,11.554476874051595,11.750164704097118,11.527792169954479,11.72348,27735664.49552522
2003-12-30,11.723480098559515,11.76795460576194,11.607846379833207,11.732375,24531806.39043672
2003-12-31,11.714584594104307,11.776848900982616,11.607845782312925,11.767954,27283384.09548508
2004-01-02,11.785744920091325,11.83911433105023,11.661216294520548,11.687901,23306384.26865525
2004-01-05,11.812431610332101,12.061488903321033,11.794641803690036,12.052594,39718925.23717301
2004-01-06,12.025909770588235,12.194912940441176,11.919170926470589,12.097069,45088740.09067816
2004-01-07,12.159329963493198,12.443966802433785,12.088170753758051,12.426177,50760653.65880432
2004-01-08,12.443968440308987,12.790869633426967,12.230490783005617,12.666341,79530158.86750562
2004-01-09,12.515128966831334,12.773081163020464,12.452864643613268,12.604078,46230744.20834273
2004-01-12,12.701920706684858,13.795993708731242,12.666341096862212,13.039927,70522864.43014596
2004-01-13,12.844235197771587,12.879814796657381,12.488439208913649,12.773076,88099700.33843061
2004-01-14,12.879818078135711,13.048821215901302,12.799763960246745,12.977662,34340457.08695449
2004-01-15,12.84423744257891,13.324562111484216,12.84423744257891,13.244508,56705744.59995042
2004-01-16,13.333458632996635,13.369038242424244,13.048821757575759,13.20893,52625423.103915304
2004-01-20,13.262300055744392,13.31566947246771,12.950978458191706,13.084402,45814216.27064042
2004-01-21,13.013242777702244,13.271194958531611,12.906503944255608,13.084402,41410795.464706756
2004-01-22,13.155561476944252,13.262300312456984,12.826450067446661,12.924294,38760175.52680247
2004-01-23,12.94208190165062,13.048820721458048,12.76418386863824,12.933187,32367418.023105983
2004-01-26,12.862025100207326,12.93318429854872,12.701916903939184,12.87092,37984801.16417474
2004-01-27,12.826446815492957,13.057714233802818,12.61296919859155,12.630759,36542172.96046896
2004-01-28,12.728603337159255,12.808657446197993,12.328332791965567,12.399492,50134228.56355728
2004-01-29,12.497339351656095,12.648552710359407,12.212702441155743,12.621868,56432428.1477195
2004-01-30,12.550707564935065,12.719710714285714,12.257175779220779,12.328335,50744231.88532758
2004-02-02,12.239385829912022,12.363914464809385,12.017013267595308,12.132647,47400519.60631509
2004-02-03,12.070381348670022,12.443967212077641,12.025906841121495,12.372808,36520134.5563594
2004-02-04,11.732375783722683,12.177120885455917,11.67011146948003,11.803535,52960448.37415232
2004-02-05,11.954751150442476,12.248282986725663,11.848012300884955,12.06149,44665799.00161589
2004-02-06,12.079275414307004,12.239383630402385,11.883587594634873,11.936957,46429859.63675667
2004-02-09,12.043695415662652,12.12374952108434,11.785743298192774,11.812428,37346229.5812512
2004-02-10,11.803532200896191,12.034799598954443,11.794637300970873,11.910271,34161598.50602896
2004-02-11,12.03480167518248,12.266069113138686,11.856903645985401,12.186015,43522798.0599072
2004-02-12,12.114858962099126,12.319441749271137,12.017015020408163,12.203808,31457450.985790662
2004-02-13,12.257175097897026,12.541811965192167,12.150436272661349,12.26607,47031546.28988747
2004-02-17,12.372811561046511,12.435075889534884,12.212703287790697,12.239388,24549786.966472507
2004-02-18,12.34612574110953,12.595183032716927,12.194912385490753,12.506234,43616438.329876125
2004-02-19,12.61297333768116,12.639658048550725,12.248282289130435,12.274967,33656238.74996976
2004-02-20,12.41728559299781,12.426180496717723,12.043699636761486,12.194913,31343790.644508906
2004-02-23,12.168226686656672,12.203806296851575,11.759061169415293,11.8658,34556533.735609904
2004-02-24,11.812430805429864,11.883590027149321,11.598953140271492,11.794641,63511543.42043984
2004-02-25,11.821324014404851,11.865798521607278,11.634531084154663,11.732375,40462393.24944864
2004-02-26,11.652319789156628,12.008115813253013,11.438842174698797,11.812428,51072970.94212975
2004-02-27,11.83022289044289,11.89248722144522,11.438847095571095,11.447742,50038311.66006362
2004-03-01,11.661215704128441,11.714585112385322,11.456632972477067,11.634531,52775402.463580176
2004-03-02,11.679007543913714,11.812431087827425,11.518899291217256,11.545584,44926965.84252473
2004-03-03,11.483318976172175,11.687901730976172,11.46552917140661,11.572268,33580132.43384962
2004-03-04,11.492211793846154,11.652320007692307,11.465527091538462,11.563371,36813339.293533005
2004-03-05,11.447739439024389,11.65232219512195,11.305421,11.305421,67339018.51156184
2004-03-08,11.438843064724919,11.456632867313916,10.958518394822006,10.994098,67270111.29062156
2004-03-09,10.98520360682372,11.100837329000813,10.789515769293258,10.949624,66500116.533681884
2004-03-10,11.02967609991942,11.225363901692182,10.949621999194198,11.038571,82404523.1941707
2004-03-11,10.97630710367347,11.207574514285714,10.825093796734693,10.896253,99201110.69374031
2004-03-12,11.109735899668324,11.118630804311772,10.629411048922055,10.727255,123507563.49131256
2004-03-15,10.700567382504287,10.71835718696398,10.300296782161235,10.371456,80793130.8776704
2004-03-16,10.487088107692307,10.576037116239316,10.113502271794871,10.407034,94629947.399038
2004-03-17,10.54046,10.611619223628692,10.38924664978903,10.54046,67022878.5081486
2004-03-18,10.495985150732128,10.522669858742464,10.282507486649441,10.326982,66463571.544910215
2004-03-19,10.318085008695652,10.478193224347827,10.220241099130435,10.229136,53483226.73586508
2004-03-22,10.122397604938271,10.184661913580245,9.91781487654321,10.086818,61521762.363512464
2004-03-23,10.184663513157894,10.344771760526315,10.051239973684211,10.140189,69720718.22329938
2004-03-24,10.211345498699046,10.398138404163053,10.051237294015612,10.25582,48482274.942422934
2004-03-25,10.362560841708543,10.700567118090452,10.344771037688444,10.620513,69682274.10483843
2004-03-26,10.611618902684564,10.807306761744968,10.584934194630874,10.602724,53859161.475862235
2004-03-29,10.709461394039735,10.780620605960266,10.638302182119206,10.745041,43950008.939007305
2004-03-30,10.647197083609273,10.789515507450332,10.531563364238412,10.745041,56116754.13802516
2004-03-31,10.762830008333333,10.816199413333333,10.629406495833333,10.673881,54620282.91302854
2004-04-01,10.6649840268511,10.994095293734745,10.638299329536212,10.931831,68018421.89108118
2004-04-02,11.225366608903022,11.252051315580287,11.02967875993641,11.189787,54984752.79288157
2004-04-05,11.207575677368833,11.438843111981207,11.16310117071261,11.358789,54873795.87735981
2004-04-06,11.252050124398075,11.332104235955056,11.047467394863563,11.083047,41227438.98857417
2004-04-07,11.056365229149797,11.083049940080972,10.86957225263158,10.985206,51573127.53170036
2004-04-08,11.15420946203554,11.189789077544425,10.940731768982229,11.011891,28250220.965681557
2004-04-12,10.976306699435938,11.180889401289283,10.958516899274779,11.038571,42706494.34605259
2004-04-13,11.056362820471161,11.074152623883021,10.87846478635256,10.949624,38457310.86291182
2004-04-14,10.869567503637834,11.091939997574778,10.860672603880356,11.002991,45514621.97869652
2004-04-15,11.047467650662252,11.047467650662252,10.656091985099339,10.745041,46250877.59088122
2004-04-16,10.82509522852377,10.86956973644704,10.59382778732277,10.664987,42110527.74841639
2004-04-19,10.71835762987013,10.95852,10.64719840909091,10.95852,44786887.28039918
2004-04-20,10.931833124166666,11.056361735833333,10.664986099166667,10.673881,52716945.22357894
2004-04-21,10.664986788732394,10.807305211267606,10.558247971830985,10.736146,43914258.52442767
2004-04-22,10.656089909458368,11.118624696847212,10.629405210185933,11.002991,53868397.96560772
2004-04-23,11.091942588986434,11.189786509177974,10.985203766959298,11.145312,43764957.40989574
2004-04-26,11.100837329000813,11.171996542648253,10.851780081234768,10.949624,39709488.83724226
2004-04-27,10.914041795061726,11.029675489711932,10.762828502057612,10.807303,43744619.72612409
2004-04-28,10.745042245378151,10.869570880672269,10.46930026722689,10.584934,42941448.66656703
2004-04-29,10.55824972703412,10.5760395328084,10.086819874015749,10.166874,97274474.04187363
2004-04-30,10.229138577777778,10.273613093333335,9.980081290666668,10.006766,69398844.7416478
2004-05-03,10.10461171403354,10.246930188879082,9.962293239187996,10.077927,53283314.1180721
2004-05-04,10.01566186431718,10.255824271365638,9.935607728634361,10.095716,74406199.6197199
2004-05-05,10.122400711894274,10.318088599118942,10.095716,10.095716,33470850.408232562
2004-05-06,10.015657302001742,10.407032898172323,10.006762402088773,10.22024,49742774.43582538
2004-05-07,10.202453318421053,10.38924627368421,10.140189,10.140189,44321114.72478472
2004-05-10,10.015660363157894,10.184663513157894,10.015660363157894,10.140189,41019898.14982738
2004-05-11,10.238032562982005,10.380351,10.166873344473007,10.380351,40650586.95992072
2004-05-12,10.27361438308887,10.371458329594478,10.095716298533217,10.309194,48009061.03813741
2004-05-13,10.246925776271187,10.540457504237288,10.229135974576272,10.495983,38347139.091212325
2004-05-14,10.442615636206899,10.478195246551724,10.193558363793105,10.318087,37736782.02170615
2004-05-17,10.140188609154931,10.229137632042255,10.051239586267606,10.104609,55116625.69031617
2004-05-18,10.166872408970976,10.255821423922603,10.113503,10.113503,29236186.61110794
2004-05-19,10.2113471319752,10.309191050487158,10.042344,10.042344,44213867.001568556
2004-05-20,10.12239954407836,10.12239954407836,9.91781677649154,9.988976,39970868.98597014
2004-05-21,10.069030126447016,10.131294447016918,9.94450148530721,9.988976,42804626.720496684
2004-05-24,10.06902939084507,10.166873316021126,10.033449781690141,10.104609,34514825.4623212
2004-05-25,10.060132883478262,10.246925801739131,9.944499172173913,10.229136,50198760.677343614
2004-05-26,10.184664290069685,10.22913880662021,10.033450933797909,10.211349,36917096.06634735
2004-05-27,10.220243903310104,10.335877646341462,10.11350506358885,10.211349,45384979.00718113
2004-05-28,10.157978805263157,10.22024312368421,10.069029778947368,10.140189,34286041.414020985
2004-06-01,9.99786881294964,10.060133120503599,9.828865692446044,9.89113,47236163.309955485
2004-06-02,9.980080315695067,10.015659924663677,9.855551684304933,9.917816,43971590.620354325
2004-06-03,9.926709112123975,9.971183615314494,9.650967192342753,9.757706,60317930.6693602
2004-06-04,9.864445506340582,9.944499617753625,9.793286296195653,9.819971,54276825.053760335
2004-06-07,9.944498395796847,10.157976,9.900023894921192,10.157976,49297461.620307036
2004-06-08,10.157980628127696,10.326983808455564,10.086821394305435,10.309194,55489973.51296329
2004-06-09,10.309189501733105,10.424823206239171,10.22913539861352,10.264715,53439609.38028965
2004-06-10,10.291400386848848,10.424823900939368,10.255820783091375,10.415929,47603115.862252906
2004-06-14,10.335876315151515,10.371455923809524,10.184662978354977,10.273612,46600737.40374856
2004-06-15,10.344769792485057,10.54935251409052,10.326979990606318,10.415929,70513657.68718278
2004-06-16,10.104610903964756,10.16687523171806,9.988977152422908,10.095716,90966918.04721925
2004-06-17,10.024552704667862,10.069027206463195,9.891129199281865,9.908919,46391413.432686254
2004-06-18,9.873339398563733,10.095711907540394,9.828864896768403,9.908919,70752675.64504261
2004-06-21,9.900026195515695,9.971185413452915,9.88223639103139,9.917816,43094683.849750794
2004-06-22,9.882235098920864,9.953394307553957,9.828865692446044,9.89113,61959205.06554862
2004-06-23,9.864446586547084,9.971185413452915,9.855551684304933,9.917816,50704773.10730508
2004-06-24,9.926709370434782,10.291400306086958,9.908919568695653,10.229136,79459682.61640084
2004-06-25,10.282505379661018,10.638301413559324,10.238030875423728,10.495983,99689812.75979581
2004-06-28,10.478196555460016,10.540460881341359,10.318088288907996,10.344773,52972580.2586485
2004-06-29,10.335872516567544,10.549350090059473,10.300292920985557,10.469296,43891336.43752168
2004-06-30,10.460404667225482,10.73614662699078,10.353665844090528,10.611618,70152544.12663554
2004-07-01,10.540459610499576,10.638303539373414,10.326981947502116,10.50488,69163207.956683
2004-07-02,10.451510021459226,10.513774336480687,10.335876293562231,10.362561,36061891.93964697
2004-07-06,10.273612593750002,10.318087107142857,9.908921583928572,9.962291,69458770.07607989
2004-07-07,9.917816486607144,10.069029832142858,9.90002668125,9.962291,56868300.67501541
2004-07-08,9.908919824175825,9.917814725274726,9.659862593406594,9.713232,80344007.4323356
2004-07-09,9.811075,10.006762805983682,9.766600498640074,9.811075,52891655.39963765
2004-07-12,9.846657194770064,9.98897563660956,9.793287779080252,9.864447,41840705.414099745
2004-07-13,9.908917587272727,9.917812486363635,9.784389,9.784389,44370036.80045837
2004-07-14,9.73991844300278,9.793287859128823,9.49975607043559,9.5976,89008281.23697591
2004-07-15,9.75770755130597,9.784392257462686,9.508650293843283,9.535335,81398647.87131234
2004-07-16,9.64207605479452,9.668760767123286,9.08169709589041,9.090592,113122186.32185891
2004-07-19,9.232907506292353,9.321856518877057,9.152853394966117,9.188433,60882182.304643236
2004-07-20,9.232908177142857,9.375226607619046,9.135064256190475,9.339647,50898144.22322386
2004-07-21,9.384121028985508,9.615388466666667,9.18843319710145,9.206223,75385658.15753105
2004-07-22,9.215117,9.304066005791507,9.001639386100384,9.215117,39342991.73846626
2004-07-23,9.143961271287129,9.170645983168317,8.921588672277228,8.983853,41177397.93827882
2004-07-26,9.001641611111111,9.135065152777779,8.921587486111111,8.966062,47773540.71386077
2004-07-27,8.992746627167628,9.330752929672446,8.983851724470133,9.232909,49767492.130595036
2004-07-28,9.170644414634145,9.22401382926829,8.939376951219511,9.117275,51394492.87204785
2004-07-29,9.197329389210017,9.339647832369941,9.13506507032755,9.232909,46206463.85662418
2004-07-30,9.241804164605139,9.35743790294957,9.20622455280685,9.348543,35649292.836327545
2004-08-02,9.224012952202436,9.49086,9.188433345829427,9.49086,45242659.042489305
2004-08-03,9.401912903409091,9.49975684090909,9.357438386363635,9.393018,49574905.95674362
2004-08-04,9.393017712177123,9.757708740774909,9.357438099630997,9.642075,58105523.13687666
2004-08-05,9.63318219642857,9.650972006578947,9.375229949248117,9.464179,52363796.584996976
2004-08-06,9.277382644749755,9.375226565260059,9.063905,9.063905,43382715.83826176
2004-08-09,9.161752661523627,9.31296605496625,9.072803606557377,9.224017,35451641.4052576
2004-08-10,9.295171485849057,9.437489900943396,9.17064287264151,9.428595,35925414.12585862
2004-08-11,9.241803037291463,9.268487742885181,8.974955981354269,9.063905,49073616.173161566
2004-08-12,8.974956138383838,9.07280006060606,8.699214175757575,8.805953,63518518.665725335
2004-08-13,8.850427926829267,9.143959707317071,8.832638121951218,9.117275,52290624.11740351
2004-08-16,9.117275,9.268488341463414,9.072800487804876,9.117275,36352843.91443716
2004-08-17,9.152850898832684,9.277379482490272,9.00163761867704,9.143956,45907211.27704465
2004-08-18,9.019431590865842,9.366332805899143,9.001641784966697,9.348543,46050980.24365936
2004-08-19,9.286279808061419,9.33075432821497,9.197330767754318,9.26849,36077061.52782168
2004-08-20,9.241804224054317,9.277383836081475,9.161750096993211,9.170645,26999170.178324424
2004-08-23,9.18843270291262,9.241802108737863,9.090588792233008,9.161748,30501407.59165173
2004-08-24,9.188433,9.21511770377541,9.028324777347532,9.188433,43445788.634471186
2004-08-25,9.206223490384614,9.286277607692305,9.126169373076921,9.250698,33516052.51841537
2004-08-26,9.224010590420331,9.268485086999021,9.081692201368524,9.099482,30670948.632021032
2004-08-27,9.10837750048591,9.197326499514093,9.09948260058309,9.152852,22853995.2355834
2004-08-30,9.072799109792284,9.108378714144411,8.966060296735904,8.992745,37892045.86586187
2004-08-31,8.992744609829488,9.019429311935808,8.734792489468406,8.868216,42617451.582144596
2004-09-01,8.859325850746268,8.992749432835819,8.841536039800994,8.93938,32512993.071107842
2004-09-02,8.957164202138,9.20622139941691,8.868215203109816,9.152852,45385558.51225388
2004-09-03,9.07280033898305,9.152854459621137,8.868217586241277,8.921587,37934087.28738508
2004-09-07,9.046116125000001,9.09059063888889,8.877112972222223,8.966062,35674476.48700176
2004-09-08,8.841529188640973,8.92158327586207,8.77037,8.77037,52909540.874558315
2004-09-09,8.877109496475327,8.912689093655588,8.805950302114804,8.832635,50481515.87833076
2004-09-10,9.001639380497132,9.339645602294455,8.93048017590822,9.304066,74435008.52208057
2004-09-13,9.384118705273073,9.517542193973636,9.348539108286253,9.446383,59013934.328091495
2004-09-14,9.464175112796209,9.508649619905214,9.304066887203792,9.384121,81136593.40070316
2004-09-15,9.864449287731686,10.149086237422772,9.811079859664607,10.077927,151872903.52470303
2004-09-16,10.006765805877114,10.140189349955476,9.935606582368655,9.988976,65086151.47338427
2004-09-17,10.00676748479583,10.300299331016507,9.98897767593397,10.238035,66620164.90469118
2004-09-20,10.095714486842105,10.273612539473685,10.06013487631579,10.140189,45562612.294504575
2004-09-21,10.380347379491674,10.389242278702891,10.086815705521472,10.14908,49987075.675824806
2004-09-22,10.033447605026929,10.13129150897666,9.873339398563733,9.908919,62216885.817716345
2004-09-23,9.926706885067873,9.997866074208144,9.802178304072397,9.828863,45766682.27037044
2004-09-24,9.891130210144928,9.971184321557974,9.793286296195653,9.819971,34622194.301795796
2004-09-27,9.766604026809652,10.033451131367293,9.722129509383379,9.953397,45662777.64264803
2004-09-28,9.997870172535212,10.104609,9.864446638204226,10.104609,51276785.87068535
2004-09-29,10.086819874015749,10.246928125984251,10.033450456692913,10.166874,47069766.28214336
2004-09-30,10.157976609929078,10.184661312056738,9.99786839716312,10.033448,55767795.079019696
2004-10-01,10.36256143697479,10.62940851260504,10.238032801680673,10.584934,78251672.61316887
2004-10-04,10.762829713563606,10.833988918281383,10.522667397641113,10.558247,74203527.44162928
2004-10-05,10.531562666666664,10.860674,10.522667765765764,10.860674,52838475.12594523
2004-10-06,10.798409988562092,10.90514880228758,10.727250779411765,10.887359,49985266.0319183
2004-10-07,10.860671807160296,11.047464688364526,10.842882008950367,10.931831,57233926.3203026
2004-10-08,10.825096,11.091943066557109,10.691672466721446,10.825096,51172794.12579805
2004-10-11,10.825094297540986,10.914043305737707,10.745040190163936,10.851779,28939839.265064277
2004-10-12,10.700564204938269,10.878462196707819,10.656089706995884,10.807303,39775491.16555722
2004-10-13,10.807305425354462,10.82509522852377,10.611617590492076,10.664987,45643787.75145249
2004-10-14,10.611616694166667,10.771724909166666,10.602721793333334,10.673881,31781804.5751119
2004-10-15,10.709460977124182,10.89625390114379,10.673881372549019,10.887359,46535761.70309071
2004-10-18,10.807308586956523,11.083050616747183,10.762834066022544,11.047471,37303493.442073755
2004-10-19,11.074152623883021,11.154206739236393,10.949624,10.949624,49519378.016998574
2004-10-20,10.887362724637681,11.047471,10.833993299516909,11.047471,39581764.18838302
2004-10-21,11.065258,11.091942705787782,10.922939569131833,11.065258,45756322.35597218
2004-10-22,11.056362820471161,11.100837329000813,10.842885179528839,10.949624,37232901.604657836
2004-10-25,10.905148713932398,10.96741302143446,10.718355791426216,10.789515,37534762.591274954
2004-10-26,10.816202066829668,10.940730709046457,10.771727551752242,10.914046,37624243.84137651
2004-10-27,10.816200235107228,11.314314719618746,10.807305333598094,11.198681,48718358.438819714
2004-10-28,11.100838530612245,11.358790708006278,10.86067615855573,11.332106,34928206.81345551
2004-10-29,11.394370542654029,11.394370542654029,11.163103068720378,11.260947,38921054.68572048
2004-11-01,11.314315294117646,11.44773882352941,11.163101960784314,11.341,31472859.536196105
2004-11-02,11.349894393749999,11.56337203125,11.27873518125,11.385474,45610622.79884
2004-11-03,11.518901858924394,11.563376383476227,11.31431904598597,11.412163,38210076.82767938
2004-11-04,11.429948461832062,11.687900606106872,11.412158658778626,11.652321,42375623.70621269
2004-11-05,11.670112485952924,11.812430930903568,11.634532874715262,11.714587,38904303.66858003
2004-11-08,11.625637390541574,11.741271121281466,11.57226797635393,11.661217,23744611.390046164
2004-11-09,11.643423609737829,11.901375698876405,11.625633810486892,11.874691,36903508.057599135
2004-11-10,11.865800388639759,12.008118834080715,11.82132587443946,11.90138,45591616.602444425
2004-11-11,11.767955116438356,11.812429625570775,11.367684534246575,11.687901,54938211.74563337
2004-11-12,11.572264802837939,11.919165899925318,11.53668520313667,11.910271,46928802.29173627
2004-11-15,11.830220169100691,11.839115071483475,11.53668839046887,11.572268,40286108.220099986
2004-11-16,11.536684496904025,11.59894879256966,11.447735503095975,11.49221,33218138.547764093
2004-11-17,11.554479354150798,11.750167226199542,11.518899741051026,11.679008,31985845.287544973
2004-11-18,11.661219661526598,11.696799279105626,11.518901191210484,11.536691,29008855.91891124
2004-11-19,11.625636862745097,11.705690980392156,11.287630588235292,11.341,34842205.27290363
2004-11-22,11.269842097003153,11.341001320977917,11.127523649053627,11.278737,46134173.71111677
2004-11-23,11.207579952755905,11.394372951968505,11.127525810236222,11.296529,31154802.50615034
2004-11-24,11.33210748084441,11.438846326817826,11.305422769351058,11.376582,21497702.9128784
2004-11-26,11.367685834123222,11.376580736966822,11.243157194312795,11.260947,10231702.537983706
2004-11-29,11.234262485015773,11.376580932965298,11.189787970031546,11.278737,36734745.74325122
2004-11-30,11.243156973312402,11.394370318681318,11.22536716797488,11.332106,36540253.682766475
2004-12-01,11.341001298701299,11.643428,11.260947171886937,11.643428,51842499.13341672
2004-12-02,11.474422494208495,11.625635813899615,11.403263284942087,11.518897,31259032.00627629
2004-12-03,11.421054851880276,11.661217220260937,11.332105826554107,11.590058,77948015.44565177
2004-12-06,11.545583508245878,12.017013343328335,11.527793703148427,11.8658,62716932.19167692
2004-12-07,11.883588036753444,12.070380962480858,11.58116139509954,11.616741,46145088.02425741
2004-12-08,11.687903672975018,11.936960981074943,11.64342915367146,11.750168,44846240.7516216
2004-12-09,11.616742249811889,11.91916892400301,11.572267738901429,11.821325,40440467.20651027
2004-12-10,11.705689192771086,11.963641310240964,11.687899391566267,11.812428,36006585.6062784
2004-12-13,12.639654162679426,13.226717621326042,12.23048872180451,13.01324,203843418.01119477
2004-12-14,12.862026721011947,12.99545023471539,12.612969495432186,12.657444,88302613.78205584
2004-12-15,12.577389503193753,12.612969105748757,12.381701689141234,12.532915,82790581.91968907
2004-12-16,12.452860894251241,12.604074205110006,12.43507109297374,12.532915,60184595.84222825
2004-12-17,12.452860801144492,12.604074110872675,12.381701596566524,12.435071,70179648.99436441
2004-12-20,12.452865979381443,12.54181502209131,12.05259528718704,12.07928,60152642.87275401
2004-12-21,12.034802545322696,12.363913923132705,12.034802545322696,12.26607,56932498.42859204
2004-12-22,12.27496401459854,12.36391302919708,12.141540492700729,12.186015,40336028.636104584
2004-12-23,12.132647,12.25717563489736,12.097067390029325,12.132647,23380020.20498907
2004-12-27,12.203803302564102,12.257172704761903,12.105959398534797,12.141539,32283104.720085323
2004-12-28,12.097067341040463,12.355019512283237,12.079277536127167,12.310545,38867992.278164774
2004-12-29,12.212702903790088,12.337231556851311,12.150438577259475,12.203808,47830646.63095322
2004-12-30,12.168225959654178,12.399493412103745,12.150436155619595,12.346124,41890399.61043645
2004-12-31,12.328336653061225,12.479550017492711,12.16822838483965,12.203808,48921720.82681078
2005-01-03,12.34612337360179,12.355018275167785,11.91027319686801,11.928063,67813341.78063948
2005-01-04,11.972537049004595,11.990326851454824,11.492212382848392,11.616741,90958176.9964571
2005-01-05,11.590056689312977,11.794639424427482,11.572266886259543,11.652321,47834593.6401855
2005-01-06,11.679006878214828,11.874694731467475,11.634532366111953,11.759061,62485339.77330332
2005-01-07,11.865799902475619,11.963643829707426,11.696796755438859,11.856905,51361777.29348426
2005-01-10,11.848008718726307,11.963642437452615,11.714585197119028,11.732375,53482099.063488856
2005-01-11,11.6434241,11.910271100000001,11.6167394,11.741268,71920988.43157315
2005-01-12,11.794637203264095,11.999219899851633,11.776847403560831,11.990325,60057786.92404084
2005-01-13,11.90137600148368,12.159328097181008,11.865796402077152,11.990325,64067837.694140896
2005-01-14,12.061488677916362,12.239386741012472,11.999224355832721,12.123753,47790402.27889829
2005-01-18,12.088170875181422,12.363912815674892,12.025906566037735,12.257174,68307559.47496544
2005-01-19,12.150435123979213,12.274963741648106,11.96364219747587,11.981432,57465618.21658714
2005-01-20,11.954746409638556,12.168224024096387,11.812428,11.812428,50875442.03444033
2005-01-21,11.874693606311045,11.999222228399699,11.812429295266716,11.839114,45774649.2685179
2005-01-24,11.883587812688821,12.008116427492448,11.750164296827796,11.776849,42204741.522965945
2005-01-25,11.99922297866078,12.22159553200883,11.972538272259015,12.088172,54730787.665827386
2005-01-26,12.41728162995595,12.461756134361234,12.105960099118944,12.114855,88301714.71305269
2005-01-27,12.159329963493198,12.435071901216892,12.00811664280601,12.426177,69610553.83325057
2005-01-28,12.372808747076023,12.408388355263158,12.052592273391813,12.168226,53362363.914016716
2005-01-31,12.248281,12.35501983224401,12.12375236238199,12.248281,43345274.65527611
2005-02-01,12.212698202930403,12.239382904029302,12.079274697435897,12.141539,48980424.969190486
2005-02-02,12.159333945427727,12.186018657817108,11.96364605457227,12.06149,47282353.34108805
2005-02-03,11.981433733133434,12.05259295352324,11.812430584707645,11.8658,44194638.20391377
2005-02-04,11.839113459004393,12.186014604685212,11.83021855783309,12.150435,40284539.77162135
2005-02-07,12.070383806642065,12.105963419926198,11.928065353505534,12.052594,48865174.169145666
2005-02-08,12.05259121009651,12.097065716406828,11.972537098737936,11.981432,32456684.05913417
2005-02-09,11.928064667425968,11.990328987091877,11.69679719438117,11.714587,47561059.30153577
2005-02-10,11.75016531278539,11.77685001826484,11.581162178082192,11.687901,46402648.17438135
2005-02-11,11.661213408988765,11.910270598501874,11.572264412734084,11.874691,56915763.11333069
2005-02-14,11.794639492111195,11.901378311044327,11.767954787377912,11.839114,39061252.89443112
2005-02-15,11.86579951091046,11.972538337095562,11.794640293453725,11.821325,48597386.58737493
2005-02-16,11.77685087771943,11.972538732183047,11.767955975243812,11.856905,31884216.91832734
2005-02-17,11.830220694444444,11.901379916666667,11.465529680555555,11.527794,50280931.807074286
2005-02-18,11.536686703245751,11.554476505409584,11.421052989180836,11.510002,39089136.21387728
2005-02-22,11.349896028436017,11.447739959715639,11.243157194312795,11.260947,57128448.61093832
2005-02-23,11.323209174517377,11.554476604633207,11.19868055830116,11.518897,46015800.81842905
2005-02-24,11.421054659492697,11.670111926210605,11.412159757109915,11.572268,43973950.82796216
2005-02-25,11.598953870525513,11.687902903274942,11.52779464432597,11.679008,32888497.03673463
2005-02-28,11.634530715057917,11.785744034749037,11.483317395366797,11.518897,42323573.16850736
2005-03-01,11.590056186311786,11.77684911026616,11.545581680608365,11.696795,52870064.8339994
2005-03-02,11.590055199233715,11.741268505747124,11.403262291187739,11.607845,55580386.368012324
2005-03-03,11.634533097020627,11.71458722383499,11.527794261268145,11.643428,39854060.33343445
2005-03-04,11.759058596385545,11.972536210843376,11.723478993975906,11.812428,62907616.960712895
2005-03-07,11.892486215441176,12.23938745882353,11.865801504411765,12.097069,61714777.356399305
2005-03-08,12.097065198237885,12.274963215859032,12.088170297356829,12.114855,43647816.3378761
2005-03-09,11.954745096629214,12.132643089138579,11.839111401498128,11.874691,43333485.056579575
2005-03-10,11.883590027149321,11.936959443438914,11.759061389140273,11.794641,32465897.52074692
2005-03-11,11.856905671504967,11.901380186401834,11.563373873185638,11.643428,41264306.18199383
2005-03-14,11.652320494296577,11.785744011406843,11.572266384030417,11.696795,33852540.37537634
2005-03-15,11.803533813688212,11.82132361596958,11.661215395437262,11.696795,38397503.760645546
2005-03-16,11.598950801843317,11.75016411751152,11.474422188940093,11.581161,50277344.732535884
2005-03-17,11.572265493161094,11.865797208206686,11.554475692249241,11.705689,49281833.13259049
2005-03-18,11.510005140350877,11.572269464912281,11.127524289473685,11.154209,172028960.00962505
2005-03-21,11.207573501976285,11.287627598418972,11.047465309090908,11.252048,64324390.99086673
2005-03-22,11.27873512890312,11.332104538030423,11.020782984787829,11.109732,56997483.1976145
2005-03-23,10.958518868105518,11.198681213429259,10.88735965467626,11.127522,78359157.32181881
2005-03-24,11.145312731451613,11.163102536290323,10.99409939032258,11.029679,38821336.50489738
2005-03-28,11.0296792920354,11.18978753982301,10.905150654867256,11.056364,40294426.35933477
2005-03-29,11.020781907166125,11.13641561563518,10.878463496742672,10.922938,40064865.69822148
2005-03-30,10.976312334935898,11.23426456971154,10.958522525641026,11.100841,39589182.11692249
2005-03-31,11.091946095352565,11.269844188301281,11.065261381410256,11.100841,36915404.15721656
2005-04-01,11.171996705506785,11.3143151348763,11.136417098164406,11.145312,43095697.63502358
2005-04-04,11.180892172576831,11.323210609141055,11.154207465721038,11.287631,54304250.2895426
2005-04-05,11.252050024096386,11.296524530120482,11.011887691566267,11.074152,47741958.02983379
2005-04-06,11.038575711631664,11.171999269789984,10.958521576736672,11.011891,34046236.38210731
2005-04-07,11.002992790361446,11.100836703614458,10.922938679518072,11.074152,45893820.58328258
2005-04-08,11.047467407766991,11.145311322006473,10.967413296116504,10.994098,43397108.88514911
2005-04-11,11.002994292741935,11.04746880483871,10.949624878225807,11.029679,27225368.93412764
2005-04-12,10.98520337870296,11.145311606084865,10.976308477181744,11.109732,46665384.54753005
2005-04-13,11.029680652528548,11.109734786296901,10.825097866231648,10.905152,39329261.985527575
2005-04-14,10.93183199834574,10.994096297766749,10.727249300248138,10.753934,55352056.187066056
2005-04-15,10.62051162051282,10.647196323076923,10.371454396581196,10.407034,69824611.89230284
2005-04-18,10.415928892372882,10.64719631440678,10.380349288983052,10.495983,47895418.65683281
2005-04-19,10.584931801346801,10.638301205387206,10.398138887205386,10.567142,54071654.947004594
2005-04-20,10.56714200679117,10.700565516977928,10.433718496604413,10.478193,62314355.156466395
2005-04-21,10.611618346754314,10.851780706655711,10.593828542317175,10.825096,57424802.14494171
2005-04-22,10.780622053691275,10.825096567114095,10.522669875838927,10.602724,48872260.37384355
2005-04-25,10.61161738028169,10.771725605633803,10.60272247887324,10.736146,36438065.484578915
2005-04-26,10.673880808080808,10.940727828282828,10.540457297979797,10.567142,34540464.39425154
2005-04-27,10.52266968235294,10.673883025210085,10.504879877310925,10.584934,29808758.372985605
2005-04-28,10.549352624784854,10.584932228915664,10.273610692771086,10.335875,44333264.47930146
2005-04-29,10.380350924740485,10.389245826989619,10.006765030276817,10.282507,46527886.24408425
2005-05-02,10.291402292241381,10.389246220689657,10.238032876724139,10.318087,30553117.065207917
2005-05-03,10.255824574633303,10.433722659188955,10.238034766177739,10.309194,44831961.06310542
2005-05-04,10.362562674914676,10.558250553754265,10.34477286774744,10.424827,42309733.485265516
2005-05-05,10.415930511149229,10.4692999245283,10.282506977701544,10.371456,50357270.763140686
2005-05-06,10.424824394557824,10.495983605442179,10.380349887755102,10.460404,31177186.655505847
2005-05-09,10.442615097872341,10.540459021276597,10.398140587234042,10.45151,31581460.47795964
2005-05-10,10.300297416666668,10.424826055555558,10.220243291666668,10.246928,41144912.89486956
2005-05-11,10.30029518974359,10.460403405128204,10.211346181196582,10.407034,36586017.68765241
2005-05-12,10.371456243902438,10.691672731707316,10.353666439024389,10.576039,70432475.71231537
2005-05-13,10.602722343042071,11.020782703883496,10.593827441747573,10.994098,78130602.80161229
2005-05-16,10.905151867206477,11.074155036437247,10.896256963562752,10.985206,47091010.40071529
2005-05-17,10.905148504504503,10.922938306306303,10.656091279279279,10.860674,69290372.8626787
2005-05-18,10.860674187347932,11.05636201054339,10.789514978913221,10.967413,50523327.60697532
2005-05-19,10.99409968141593,11.243156955752214,10.985204778761062,11.056364,45490885.701664664
2005-05-20,11.074153972111553,11.243157125099602,11.02967945816733,11.163103,28365571.38279563
2005-05-23,11.225369762204725,11.358793333070865,11.207579952755905,11.296529,53278254.763033845
2005-05-24,11.260945378125,11.438843409374998,11.243155575,11.385474,49233372.277693495
2005-05-25,11.314315294117646,11.376579607843135,11.216471372549018,11.341,36291462.39308704
2005-05-26,11.40326100619195,11.54557939628483,11.358786509287926,11.49221,35781630.165129244
2005-05-27,11.438843901945525,11.474423509727627,11.376579588326848,11.429949,24277277.177702192
2005-05-31,11.3587892953125,11.447738310937499,11.287630082812498,11.385474,31955272.130084354
2005-06-01,11.37657898525989,11.536687211792087,11.358789182311869,11.465528,37469779.84790583
2005-06-02,11.456634970724192,11.554478902927581,11.421055359013867,11.545584,37522275.702987395
2005-06-03,11.518897454328833,11.527792355837969,11.163101393963464,11.198681,55131470.48299705
2005-06-06,11.180888803162055,11.314312297233203,11.163099003952569,11.252048,32937977.15758056
2005-06-07,11.243155507545673,11.38547393169182,11.1719962954726,11.198681,38482831.951369986
2005-06-08,11.234260394632992,11.340999210734017,11.207575690607735,11.26984,40399436.28303508
2005-06-09,11.234260394632992,11.323209408050513,11.18978588792423,11.26984,33757991.06287223
2005-06-10,11.252050901898736,11.429948939873418,11.163101882911393,11.243156,32510645.231641363
2005-06-13,11.189786196825397,11.37657913015873,11.171996393650794,11.207576,33278614.394406073
2005-06-14,11.180895141826923,11.243159474358974,11.047471572115384,11.100841,41166152.36629369
2005-06-15,11.18978738985737,11.296526220285262,10.940730118858957,11.225367,47484050.36556933
2005-06-16,11.171996012841092,11.234260321829856,10.985203085874799,11.083047,45763970.50377933
2005-06-17,11.207580534846027,11.243160155591571,10.922943568881683,10.976313,65781589.31874484
2005-06-20,10.940727099113618,11.163099601128122,10.922937298952457,11.038571,38853837.240345694
2005-06-21,11.02967945816733,11.198682611155377,11.002994749800795,11.163103,29082611.25961124
2005-06-22,11.207577292161519,11.296526318289784,11.118628266033252,11.234262,35274135.49728501
2005-06-23,11.234260820143888,11.421053755395684,11.10083729496403,11.127522,46083027.64982176
2005-06-24,11.1986831288,11.260947451200002,11.038574871200002,11.118629,38858095.723852284
2005-06-27,11.118629385964914,11.234263131578949,11.118629385964914,11.154209,33233300.362222005
2005-06-28,11.198685282151207,11.492217144193296,11.180895472330475,11.412163,55345841.80054211
2005-06-29,11.98143298010317,12.266069843773028,11.767955332350775,12.070382,175105583.153872
2005-06-30,12.061484400000001,12.1237487,11.7056884,11.741268,82786877.87383781
2005-07-01,11.910274021820918,11.91916892400301,11.750165782543267,11.821325,45111682.150689535
2005-07-05,11.785745195930671,11.83911460813866,11.554477743029391,11.803535,49315888.84177494
2005-07-06,11.767950912162163,12.150431554054055,11.750161114864866,11.848005,67813139.17406347
2005-07-07,11.76795558690745,11.87469441309255,11.732375978179082,11.821325,56847955.115014605
2005-07-08,11.81243268436578,12.070384904129792,11.794642876106193,12.06149,40847208.09783866
2005-07-11,12.070384347921223,12.221597711159736,12.043699636761486,12.194913,42182468.952423036
2005-07-12,12.150438349275364,12.355021132608696,12.114858734782608,12.274967,34555292.89813977
2005-07-13,12.23938693409742,12.452864613180514,12.194912417621776,12.417285,38724085.9817585
2005-07-14,12.435072687544483,12.541811508896796,12.32833386619217,12.497337,50700278.78739287
2005-07-15,12.470653195156695,12.550707316951566,12.435073585470086,12.488443,48993567.25253901
2005-07-18,12.417284417266188,12.443969125899281,12.363915,12.363915,46967123.27769966
2005-07-19,12.435071604017217,12.906501357245338,12.230488880918221,12.399492,40901073.52785098
2005-07-20,12.266071326443337,12.524023515324306,12.257176423378475,12.479549,37737342.11068044
2005-07-21,12.408390787172012,12.497339825072887,12.043699731778425,12.203808,46295385.505901106
2005-07-22,12.15933325289855,12.310546614492754,12.070384216666667,12.274967,31097807.431987394
2005-07-25,12.274964902102974,12.363913923132705,12.194910783176216,12.26607,20748626.33263955
2005-07-26,12.274964902102974,12.417283335750545,12.23938529369108,12.26607,27878890.304718625
2005-07-27,12.355019512283237,12.40838892702312,12.186016365606935,12.310545,25480211.964620575
2005-07-28,12.328334902527077,12.36391451263538,12.19491136462094,12.31944,21344697.08038677
2005-07-29,12.301649451731762,12.32833415770081,12.070382,12.070382,30536817.641728323
2005-08-01,12.159331535502957,12.177121340236685,11.963643683431952,12.025908,28490250.88167979
2005-08-02,12.025910574374079,12.177123946980855,11.954751340206185,12.07928,32540766.171493664
2005-08-03,12.008118834080715,12.025908639760836,11.82132587443946,11.90138,35802639.525836505
2005-08-04,11.785745488721805,11.901379218045113,11.75016587969925,11.83022,34613533.81424859
2005-08-05,11.803533099397592,11.883587204819278,11.687899391566267,11.812428,28716341.12817449
2005-08-08,11.86579951091046,11.936958728367193,11.785745391271632,11.821325,28038869.33148357
2005-08-09,11.856904294161678,11.954748215568863,11.830219588323354,11.883589,24606679.345776767
2005-08-10,11.901375698876405,12.070378791760302,11.83021650187266,11.874691,33611733.98112001
2005-08-11,11.856907382946897,11.98143604263276,11.794643053103965,11.892487,28989519.4335718
2005-08-12,11.848009804511278,11.883589413533834,11.741270977443609,11.83022,35965769.02204692
2005-08-15,11.794640293453725,11.901379119638827,11.759060684725359,11.821325,42700525.78708393
2005-08-16,11.794640390977444,11.874694511278195,11.785745488721805,11.83022,36631656.04697123
2005-08-17,11.812428604229607,11.856903109516617,11.687899989425983,11.776849,33053768.4570805
2005-08-18,11.74127193277311,11.803536253628724,11.598953485103133,11.643428,32006419.93062524
2005-08-19,11.68790030910482,11.75905951951033,11.616741098699313,11.625636,25101121.69347122
2005-08-22,11.61674329106188,11.74127193277311,11.554478970206265,11.643428,25788252.0508565
2005-08-23,11.61674139389313,11.72348021221374,11.527792378625955,11.652321,29884647.874015827
2005-08-24,11.625635813899615,11.670110319691121,11.44773779073359,11.518897,39312747.13195195
2005-08-25,11.536691,11.616745139552814,11.492216478026213,11.536691,25860536.526461534
2005-08-26,11.51889650387597,11.56337100775194,11.40326279379845,11.474422,24064012.113202736
2005-08-29,11.421053366972478,11.714585112385322,11.412158465596331,11.634531,27055611.953760747
2005-08-30,11.572268194934766,11.62563761013047,11.421054851880276,11.590058,27714637.579898216
2005-08-31,11.56337390300231,11.590058612009237,11.403265648960739,11.554479,46348678.55140851
2005-09-01,11.51000264162284,11.91916811419985,11.492212838467317,11.839114,53974740.00165891
2005-09-02,11.883586300224048,12.061484298730397,11.87469140029873,11.910271,33797906.949388474
2005-09-06,11.945856246312683,12.114859424778759,11.91027662979351,12.06149,24625335.67577472
2005-09-07,12.00811711409396,12.079276326621924,11.856903787472035,11.928063,24406565.760090303
2005-09-08,11.999225851159313,12.034805468212415,11.794643053103965,11.892487,24325613.13710076
2005-09-09,11.972536210843376,11.990326012048195,11.563370783132532,11.812428,29802244.212620806
2005-09-12,11.999223,12.008117902149742,11.812430054855449,11.999223,71835866.12233141
2005-09-13,11.990328560117302,12.452863489736071,11.972538755131966,12.132647,58691480.927451365
2005-09-14,12.168224624999999,12.230488932291665,11.954747,11.954747,48093171.35695135
2005-09-15,12.017015659685864,12.034805468212415,11.80353795736724,11.892487,39955011.260470584
2005-09-16,11.945852220377358,11.98143182490566,11.670110285283018,11.785744,156981846.0336488
2005-09-19,11.812430097817908,11.910274021820918,11.687901467268624,11.821325,39196945.94303092
2005-09-20,11.84800779402985,12.070380312686568,11.803533290298507,11.919167,56458077.98481219
2005-09-21,11.936958728367193,11.981433239277653,11.714586173814899,11.821325,47001641.10199153
2005-09-22,11.848009952662721,12.114857023668637,11.75016602662722,12.025908,57307767.86251816
2005-09-23,11.154206110843374,11.20757551807229,10.905148877108434,11.074152,193216198.85658062
2005-09-26,11.145312731451613,11.163102536290323,10.958519780645162,11.029679,66467620.680529326
2005-09-27,11.05636201054339,11.083046713706407,10.931833395782643,10.967413,41794281.659676716
2005-09-28,10.967411598851518,10.976306498769484,10.833988100082035,10.842883,49829565.7160554
2005-09-29,10.842886266233766,10.985204707792208,10.673883116883117,10.95852,59220434.876242414
2005-09-30,10.940729975806452,11.163102536290323,10.896255463709677,11.029679,53068485.49264217
2005-10-03,11.047470615508884,11.180894173667205,11.002996096122777,11.011891,33262754.05377696
2005-10-04,11.011887616013073,11.074151924019608,10.798409988562092,10.887359,46104953.09284832
2005-10-05,10.869570511092853,10.896255217748562,10.700567368940016,10.825096,39138710.17864414
2005-10-06,10.842886443890276,10.922940568578554,10.584934264339154,10.700568,50784029.12817337
2005-10-07,10.736148128547578,10.762832838063437,10.540460258764606,10.656094,43946965.18255188
2005-10-10,10.647198389675273,10.736147415487096,10.540459558701084,10.682778,33571924.737179786
2005-10-11,10.682776689569538,10.860674719370863,10.664986886589405,10.745041,51340984.552781135
2005-10-12,10.727250405000001,10.896253520833334,10.673881,10.673881,42851067.94801254
2005-10-13,10.664986886589405,10.86956962086093,10.647197083609273,10.745041,30877463.938946344
2005-10-14,10.79841067099919,10.98520360682372,10.727251457351747,10.949624,36870109.512436226
2005-10-17,10.922941961227785,11.198683981421647,10.860677634087237,11.011891,44002723.9644853
2005-10-18,10.96741140097009,11.091939997574778,10.958516501212612,11.002991,29044509.442932382
2005-10-19,10.958516698933554,11.198678996718623,10.638300301886794,10.842883,65681795.79176497
2005-10-20,10.931836554365733,11.03857539785832,10.771728289126854,10.798413,53074211.92354839
2005-10-21,10.860677481239804,11.011890845024471,10.833992769983686,10.905152,40201671.65024385
2005-10-24,11.011891221528861,11.429951712168487,10.949626893135726,11.403267,64875460.8657326
2005-10-25,11.323213294525827,11.607850235158056,11.296528581341555,11.536691,58218051.2592389
2005-10-26,11.429950154028434,11.54558389099526,11.180892874407583,11.260947,49000647.63647321
2005-10-27,11.20757551807229,11.323209233734941,11.06525709879518,11.074152,33312567.86072649
2005-10-28,11.171997463414634,11.358790414634147,11.10083824390244,11.305421,38054942.40329485
2005-10-31,11.252052291009463,11.367686029968453,11.180893067034699,11.278737,47159367.578125104
2005-11-01,11.189785484681854,11.438842713275728,11.189785484681854,11.323209,27472031.38262307
2005-11-02,11.189790046474359,11.260949283653845,10.940732716346155,11.100841,56261423.796629466
2005-11-03,11.029677016393444,11.038571917213117,10.451508463114756,10.851779,124926744.26930366
2005-11-04,10.83398733068993,11.243152697858845,10.825092431403649,11.216468,49687577.76512178
2005-11-07,11.19867820142744,11.243152697858845,11.074149611419509,11.216468,32716053.395774852
2005-11-08,11.163102682250399,11.252051707606975,11.109733267036452,11.225367,29083061.783191584
2005-11-09,11.171996508393287,11.22536591846523,11.10083729496403,11.127522,26877306.64563053
2005-11-10,11.109736000787402,11.30542390472441,11.011892048818899,11.296529,35582618.34232444
2005-11-11,11.296526073380171,11.590057853239657,11.25205156128025,11.39437,34265918.343883865
2005-11-14,11.36768738377535,11.510005848673947,11.341002671606864,11.403267,26354977.919924177
2005-11-15,11.323209408050513,11.385473717442778,11.207575690607735,11.26984,30724343.025278088
2005-11-16,11.225365719775818,11.234260621297038,11.038572787830264,11.109732,34939341.29104105
2005-11-17,11.074149611419509,11.234257798572564,11.011885316415546,11.216468,47527238.52107454
2005-11-18,11.38547524564184,11.403265050713156,11.180892487321714,11.225367,37174325.25814078
2005-11-21,11.145312117363344,11.25205094051447,10.976308980707396,11.065258,46964654.95879084
2005-11-22,10.967417571428571,11.109736047619048,10.949627761904763,11.020787,51980208.037774436
2005-11-23,10.98520384493671,11.269840705696202,10.976308943037974,11.243156,38428079.80250385
2005-11-25,11.269837395717685,11.358786388580492,11.20757310071372,11.216468,8827193.8189455
2005-11-28,11.198683517543861,11.207578421052633,11.091944675438599,11.154209,25893366.889575046
2005-11-29,11.189785484681854,11.38547330714847,11.180890583660645,11.323209,31670504.183045633
2005-11-30,11.305419917460318,11.394368933333332,11.171996393650794,11.207576,38779968.12156349
2005-12-01,11.278734777604978,11.492212407465008,11.269839876360809,11.438843,34245461.713216975
2005-12-02,11.510004250783698,11.518899153605014,11.32321129153605,11.349896,32261960.109590434
2005-12-05,11.3143149352518,11.332104738609114,11.047467884892088,11.127522,49678458.061013035
2005-12-06,11.154206803514375,11.234260919329074,11.047467982428115,11.136417,35789715.13009974
2005-12-07,11.136416901678658,11.189786311750602,10.994098474820145,11.127522,45357106.19129757
2005-12-08,11.118627411575563,11.136417215434083,10.878465059485531,11.065258,83493894.13242781
2005-12-09,11.056364677600001,11.189788225600001,11.056364677600001,11.118629,50483067.65159625
2005-12-12,11.127522238317757,11.438843803738317,11.118627336448599,11.421054,53411719.09352674
2005-12-13,11.296529236165236,11.438847714731097,11.207580187061573,11.412163,45287499.31104209
2005-12-14,11.403264902419984,11.47442412177986,11.278736268540204,11.39437,41408548.69553999
2005-12-15,11.305424141075603,11.429952809820731,11.243159806703039,11.412163,44526839.127692096
2005-12-16,11.154207465721038,11.323210609141055,10.66498784003152,11.287631,229015669.27551052
2005-12-19,11.16310275974026,11.225367077922078,10.922940389610389,10.95852,99439987.15154967
2005-12-20,11.020781907166125,11.047466609120523,10.896253298045604,10.922938,99573681.00047806
2005-12-21,10.958519632183908,10.958519632183908,10.798411390804597,10.833991,47391414.29967959
2005-12-22,10.81620155844156,11.047469025974026,10.807306655844156,10.95852,72695793.22755262
2005-12-23,11.011892620745542,11.127526388168556,10.949628284440841,10.976313,31510397.70822862
2005-12-27,10.96741619271255,11.038575421862348,10.88736205991903,10.985206,23506831.369388975
2005-12-28,10.985202304560262,11.065256410423453,10.914043099348536,10.922938,24085260.577328186
2005-12-29,10.914041201790075,10.994095293734745,10.878461605370221,10.931831,23764294.28885243
2005-12-30,10.860674,11.029677117117116,10.816199495495495,10.860674,25405566.910488248
2006-01-03,10.878464641269842,11.385474031746032,10.86956973968254,11.207576,63040382.683998756
2006-01-04,11.171997584786055,11.367685440570524,11.154207779714739,11.225367,63420931.00385938
2006-01-05,11.225368634870993,11.492215749804537,11.207578827208758,11.376582,59199178.540619664
2006-01-06,11.385476097560977,11.69679770960366,11.34100158155488,11.670113,106878734.76460767
2006-01-09,11.572265708074534,11.643424913043479,11.376577894409937,11.456632,54163393.2206254
2006-01-10,11.394370148177497,11.394370148177497,11.216472097464344,11.225367,49358157.466032065
2006-01-11,11.243155606349207,11.278735212698411,11.09194227936508,11.207576,68365118.38063824
2006-01-12,11.323209936900959,11.332104838658147,11.100837392971245,11.136417,49184691.629273586
2006-01-13,11.109732196642687,11.154206705035971,11.002993376498802,11.127522,37378153.46489541
2006-01-17,11.083047803858522,11.154207019292604,11.029678392282959,11.065258,25400729.74349084
2006-01-18,11.002997715559156,11.020787525931928,10.878469042949757,10.976313,50302953.27766255
2006-01-19,11.091942491214057,11.207576214057507,11.07415268769968,11.136417,46820528.3620396
2006-01-20,11.100834082994307,11.145308578519122,10.905146302685111,10.931831,60543913.27491249
2006-01-23,10.949624902439025,11.118628048780488,10.86067587804878,10.94073,41592586.600711286
2006-01-24,10.985202512295084,11.020782115573773,10.84288409918033,10.851779,54412635.93738869
2006-01-25,11.029678081534774,11.171996508393287,10.976308671462832,11.127522,104548541.80472524
2006-01-26,11.171996823151126,11.207576430868167,11.038573294212219,11.065258,71369420.9389424
2006-01-27,11.07415060032232,11.145309800966961,11.02078119983884,11.038571,69242486.64070739
2006-01-30,11.047464913560667,11.252047597145125,10.922936323552737,11.216468,69806411.5192055
2006-01-31,11.171994100238663,11.198678799522673,11.038570603818616,11.180889,60004723.41689467
2006-02-01,11.038573662162163,11.252051315580287,11.020783857710654,11.189787,60940523.71148798
2006-02-02,11.154210571428571,11.18979019047619,10.994102285714284,11.020787,47134849.807005614
2006-02-03,10.940728108108107,11.011887315315315,10.833989297297295,10.860674,71524012.13773659
2006-02-06,10.86956829877551,10.931832601632653,10.727249892244899,10.896253,69442036.63406126
2006-02-07,10.87846240339531,11.020780799514956,10.860672603880356,11.002991,57519141.749729685
2006-02-08,11.065255303102624,11.23425839856802,11.065255303102624,11.180889,61013503.75627555
2006-02-09,11.171997270291568,11.385474925137904,11.083048247438928,11.287631,120689240.37293565
2006-02-10,11.189787074862096,11.385474925137904,11.171997270291568,11.287631,67087977.007753
2006-02-13,11.243155522818254,11.31431473498799,11.029677886309047,11.109732,42311879.350464985
2006-02-14,11.10083821935484,11.109733121774195,10.985204487903225,11.029679,53864896.70279615
2006-02-15,11.00299139967768,11.118625100725222,10.985201599516518,11.038571,42305590.46093919
2006-02-16,11.047468196141478,11.109732509646303,10.994098784565915,11.065258,33051629.162193958
2006-02-17,11.011889195161292,11.06525860967742,10.958519780645162,11.029679,39950972.281242274
2006-02-21,10.985207905186384,11.011892620745542,10.896258853322527,10.976313,46480090.71898734
2006-02-22,10.99410214423077,11.109735904647437,10.922942907051281,11.100841,45690203.11163812
2006-02-23,11.06525860967742,11.154207633870968,11.029679,11.029679,44872105.52546452
2006-02-24,11.020782691011236,11.109731703852328,11.011887789727128,11.083047,35187911.59146036
2006-02-27,11.06525719743178,11.127521506420544,10.994097987158908,11.083047,43379458.37457876
2006-02-28,11.047471,11.189789466988728,11.020786287439615,11.047471,48791082.04945729
2006-03-01,11.1097331225605,11.41215980483997,11.1097331225605,11.39437,81475317.63493726
2006-03-02,11.3409994921875,11.49221281875,11.27873518125,11.385474,71084766.43133172
2006-03-03,11.234263538702113,11.501110653635653,11.216473731039875,11.376582,58869551.592912525
2006-03-06,11.34099919733751,11.527792125293658,11.32320939467502,11.358789,54585316.00507765
2006-03-07,11.332103391304349,11.492211602484472,11.314313590062113,11.456632,40672404.94414065
2006-03-08,11.394368493779162,11.518897111197512,11.340999086314152,11.438843,43780699.67390933
2006-03-09,11.474423411214953,11.563372429906542,11.403264196261683,11.421054,54833432.360971235
2006-03-10,11.456632198449615,11.56337100775194,11.421052595348838,11.474422,43213523.08639163
2006-03-13,11.492211801550388,11.51889650387597,11.429947496124031,11.474422,27315762.83319543
2006-03-14,11.48331948611111,11.545583805555555,11.447739874999998,11.527794,50026741.282850824
2006-03-15,11.510001968277946,11.848008208459214,11.474422364048339,11.776849,85562390.75494643
2006-03-16,11.865798576296298,12.043696605925925,11.803534265925926,12.008117,92139525.28943546
2006-03-17,12.043699577941176,12.203807844117648,11.936960733823529,12.097069,79415137.6668183
2006-03-20,12.150438577259475,12.337231556851311,12.070384443148688,12.203808,139176659.94089714
2006-03-21,11.865797775330398,12.363912224669605,11.759058964757712,12.114855,162470388.2960217
2006-03-22,12.070381142959256,12.452861901358112,12.052591340243032,12.443967,93431390.24717762
2006-03-23,12.372810939855073,12.44397016884058,12.212702674637681,12.274967,57455484.80904266
2006-03-24,12.257175097897026,12.301649608411893,12.203805685279189,12.26607,39544448.71095632
2006-03-27,12.301650097543353,12.399494024566474,12.248280682803468,12.310545,41199552.41624153
2006-03-28,12.301649651214127,12.319439455481971,12.070382195732156,12.088172,53439373.79448274
2006-03-29,12.088174250728864,12.283862134110787,11.945855790087464,12.203808,62833057.353901334
2006-03-30,12.203804592162555,12.319438309143687,12.132645381712628,12.257174,56775222.41260506
2006-03-31,12.19490880131483,12.319437410518626,12.177119,12.177119,37443700.92794527
2006-04-03,12.230490391588107,12.328334314720811,12.230490391588107,12.26607,30255869.809971735
2006-04-04,12.292755195086706,12.372809317196532,12.257175585260114,12.310545,34662325.02297827
2006-04-05,12.292755267383512,12.452863512544804,12.283860364874553,12.408389,79803797.65656927
2006-04-06,12.417285457971015,12.417285457971015,12.22159757826087,12.274967,36862007.04246292
2006-04-07,12.301649214545455,12.37280842909091,12.203805294545456,12.23049,33184402.26025286
2006-04-10,12.212697997830803,12.31943680043384,12.114854095444684,12.301647,32522680.743480932
2006-04-11,12.301650097543353,12.452863439306359,12.203806170520231,12.310545,49713305.137993485
2006-04-12,12.310543407837445,12.363912815674892,12.212699493468795,12.257174,32847244.723783802
2006-04-13,12.230490314327486,12.248280118421052,12.150436195906433,12.168226,33383054.52249161
2006-04-17,12.150437774381366,12.301651128820959,12.141542871179038,12.221597,32570000.303560987
2006-04-18,12.18601789285714,12.461759903571428,12.177122989285714,12.452865,46221861.39494807
2006-04-19,12.310543631027254,12.755288704402517,12.28385892662474,12.728604,65262555.4224171
2006-04-20,12.595179901060071,12.72860341696113,12.541810494699646,12.586285,36892259.70967605
2006-04-21,12.595182168067229,12.853134345238097,12.586287265406163,12.701921,63168538.36518113
2006-04-24,12.65744250345304,13.048818097375692,12.621862904005525,12.879815,68976605.64223942
2006-04-25,12.950975890784983,13.191138218430034,12.942080989761092,13.03103,65981622.32762875
2006-04-26,13.075507194293476,13.11108680570652,13.00434797146739,13.093297,53228124.89474577
2006-04-27,13.057715461486938,13.529145243134629,12.942081741460147,13.280088,122196518.42668514
2006-04-28,13.244509059629884,13.29787847155586,12.915397686086362,12.977662,76085717.51984294
2006-05-01,12.995450703703703,13.306772246913582,12.835342481481481,12.968766,46569263.56755917
2006-05-02,12.950976720720721,12.968766523908524,12.790868492030492,12.835343,32654549.00581932
2006-05-03,12.781972504189945,12.88871131424581,12.51512547905028,12.737498,45913496.669440106
2006-05-04,12.790871130860744,12.870925261721485,12.639657772568231,12.710817,24550463.27863897
2006-05-05,12.719709474048445,12.959871820761247,12.701919670588236,12.853133,29678349.23983125
2006-05-08,12.835342018271257,12.942080829234014,12.604074594518623,12.657444,33370804.5637018
2006-05-09,12.648551931963148,12.70192134939759,12.497338582565558,12.550708,24705609.75524249
2006-05-10,12.515127659410112,12.781974731039323,12.506232757022472,12.666341,26511589.41639105
2006-05-11,12.621865242271745,12.701919355859093,12.274964083393241,12.372808,35384427.77096356
2006-05-12,12.221593386266095,12.648548613733906,12.043695374821173,12.435071,44884706.327772476
2006-05-15,12.301648382963492,12.479546407301358,12.274963679312812,12.426177,29319156.406672787
2006-05-16,12.37281070331219,12.648552710359407,12.337231089499646,12.621868,47525305.04993398
2006-05-17,12.524022758122745,12.550707465703972,12.230490974729243,12.31944,53946066.13612307
2006-05-18,12.390599442992011,12.443968859114017,11.812430768336965,12.248281,52724016.945724875
2006-05-19,12.105960886861313,12.390597733576643,12.061486379562044,12.186015,52153697.4966796
2006-05-22,12.034804193357932,12.203807356457563,12.008119483394832,12.052594,33082090.876038805
2006-05-23,12.061486111358574,12.132645321455085,11.954747296213807,11.981432,30559642.2030355
2006-05-24,11.901377947750364,12.337228111756168,11.88358814513788,12.257174,37083266.99123305
2006-05-25,12.239386018479033,12.550707610518835,12.18601660270078,12.515128,41770890.077992015
2006-05-26,12.497337,12.61297072313167,12.381703276868326,12.497337,20992362.212845825
2006-05-30,12.452861198288161,12.621864314550642,12.34612238801712,12.470651,29594371.45663045
2006-05-31,12.461757067510549,12.67523470464135,12.426177461322082,12.64855,38530836.81528713
2006-06-01,12.577390787623067,12.666339803094234,12.417282559774966,12.64855,42300749.25584356
2006-06-02,12.648549307420495,12.701918713780918,12.488441088339222,12.586285,25778364.30686259
2006-06-05,12.49733814935065,12.550707564935065,12.328335,12.328335,25283582.08955224
2006-06-06,12.435071413892908,12.452861215629522,12.09706518089725,12.292753,35183641.12579176
2006-06-07,12.328330785819794,12.346120584933532,12.008114401772527,12.043694,34181948.661266215
2006-06-08,11.963641792313378,12.088170405764968,11.741269268292683,12.034801,57204234.453066565
2006-06-09,11.999221802524126,12.043696308834445,11.856903382331105,11.981432,30062278.615778152
2006-06-12,11.972536923773585,12.07927573735849,11.759059296603773,11.785744,41175949.520030305
2006-06-13,11.803533813688212,12.04369614448669,11.652320494296577,11.696795,40933900.69672932
2006-06-14,11.696795394238059,11.821324014404851,11.625636182714176,11.732375,30842050.56520952
2006-06-15,11.856903645985401,12.310543620437956,11.830218941605839,12.186015,53830163.51120526
2006-06-16,12.870925296687808,13.271195952078928,12.532918965468639,12.621868,130300908.39168973
2006-06-19,12.764186420573829,12.950979392582227,12.612973062281316,12.710817,40027078.74718045
2006-06-20,12.826449341754387,12.879818756491229,12.65744619508772,12.675236,33725046.618461385
2006-06-21,12.710816328974534,13.25340540949759,12.70192142601514,12.924294,65591272.064841606
2006-06-22,13.004346146545707,13.075505359385904,12.675234787159805,12.746394,55016122.9128803
2006-06-23,13.057715170469798,13.404616322818791,12.933186551677851,13.253403,81643288.8971987
2006-06-26,13.226721064076347,13.28009048329925,12.91539945194274,13.048823,36652787.84147812
2006-06-27,12.995450915172412,13.048820323448275,12.746393676551724,12.897607,47064715.18321189
2006-06-28,12.897606790123456,13.01324050617284,12.888711888888889,12.968766,28479124.53659816
2006-06-29,12.995452270013569,13.217824827679783,12.808659321573948,13.111086,58891821.62331938
2006-06-30,13.137770256038646,13.315668296066253,12.888713,12.888713,55640410.644569404
2006-07-03,12.995454917623228,13.173353,12.995454917623228,13.173353,19077777.31303488
2006-07-05,13.013241411118738,13.137770037062456,12.942082196293756,12.959872,33197780.579931654
2006-07-06,12.91539680275862,13.022135619310346,12.835342690344827,12.897607,32306485.226290427
2006-07-07,12.897605784844385,13.324561010825441,12.826446580514208,13.146663,59844401.57932092
2006-07-10,13.146665137765593,13.324563177518849,12.808658862234408,12.977662,36886859.51290764
2006-07-11,12.870922688445669,12.968766606602477,12.710814458734525,12.933187,39506676.27399186
2006-07-12,12.906502144866385,12.977661357243319,12.586285689170182,12.64855,29963681.84495456
2006-07-13,12.346123168794326,12.693024324113473,12.248279253191487,12.541811,59551531.274071984
2006-07-14,12.49733931770469,12.799766034289714,12.390600476557033,12.710817,45027245.45558322
2006-07-17,12.666338785020805,12.870921504160888,12.64854898335645,12.826447,36492031.347418346
2006-07-18,12.799765205842391,13.173351125679346,12.764185594429346,13.093297,58916213.998659015
2006-07-19,13.173349553417387,13.529145625082947,13.102190339084274,13.404617,75232871.1070223
2006-07-20,13.395722587301588,13.555830825396827,13.262299055555557,13.449092,54577104.23870994
2006-07-21,13.369037880952382,13.600305335978836,13.306773566137567,13.449092,64267036.61481384
2006-07-24,13.413512018691588,13.493566135514017,13.271193588785046,13.324563,53659276.630685754
2006-07-25,13.280088,13.395721720026792,13.164454279973208,13.280088,41535591.857523836
2006-07-26,13.288984777629826,13.511357347536617,13.128876527296937,13.360144,40288916.94580538
2006-07-27,13.413514980497647,13.511358922663081,13.15556276933423,13.226722,41820800.64886825
2006-07-28,13.280088374917055,13.449091508958196,13.208929160583942,13.404617,29047313.399554793
2006-07-31,13.280086398129592,13.369035402805611,13.182242492985973,13.315666,39542994.469822235
2006-08-01,13.253405349626613,13.288984961303463,12.942083747454177,13.102192,38115424.426691346
2006-08-02,13.075509054692775,13.2889867535449,12.942085492910197,13.173353,37576234.15997431
2006-08-03,13.16445670954638,13.369039482735275,13.102192387271497,13.137772,35774307.31786181
2006-08-04,13.200033833105335,13.226718537619698,12.888712280437757,13.004346,40390666.474115655
2006-08-07,13.022135803009578,13.066610310533516,12.897607181942545,13.004346,35619618.702855185
2006-08-08,13.03992736216216,13.342354054054052,13.03992736216216,13.164456,47242000.73288255
2006-08-09,13.297876,13.564723010033447,13.208926996655519,13.297876,56891699.8474042
2006-08-10,13.23561444547257,13.582515630535358,13.217824641110376,13.457987,38667541.58701447
2006-08-11,13.431300913942627,13.484670321547696,13.244507987324882,13.333457,21714687.346274868
2006-08-14,13.440198742315241,13.787099967298891,13.395724226291696,13.600307,40832035.11508968
2006-08-15,13.760412465012724,14.009469704198473,13.724832859414757,13.982785,53702562.68690393
2006-08-16,14.000575030888033,14.009469932432435,13.707043279922782,13.822677,55772736.49670031
2006-08-17,13.71593882352941,14.187368627450978,13.707043921568626,14.06284,52179776.915615916
2006-08-18,14.01836450668364,14.062839013367281,13.698148058561426,13.97389,37242009.49055703
2006-08-21,13.86715846994885,14.045056590153452,13.742629785805626,13.911633,31788756.35951581
2006-08-22,13.902734556201551,13.92052436369509,13.67146705878553,13.769311,44502673.80844256
2006-08-23,13.769308433420365,13.778203335509138,13.546935881201044,13.62699,42534251.21762033
2006-08-24,13.689253901820544,13.787097821846553,13.546935472691807,13.680359,47087534.91045082
2006-08-25,13.662568493186242,13.902730829980534,13.618093986372486,13.707043,32487150.583827596
2006-08-28,13.715938181467184,13.92052091698842,13.662568772200773,13.822677,31606420.666561183
2006-08-29,13.813780900773196,13.91162480927835,13.69814719072165,13.804886,31795070.81768006
2006-08-30,13.840467954314722,14.080630315989849,13.787098540609138,14.018366,30697582.870928034
2006-08-31,13.947206804597702,14.009471120689657,13.787098563218391,13.929417,30971897.24451497
2006-09-01,14.053948116129034,14.080632827741935,13.74262648064516,13.787101,27655273.57781741
2006-09-05,13.876047348484848,14.133999510732323,13.867152446338384,14.089525,45297519.11437753
2006-09-06,13.947205408450705,14.062839126760565,13.849361492957748,13.893836,50393251.07911163
2006-09-07,13.911628582136165,14.409744050014991,13.85825916302311,14.24074,86968568.83841711
2006-09-08,14.276317746587681,14.391952369578881,14.018366461345066,14.15179,52308948.40864654
2006-09-11,14.045050987412461,14.54316552528143,14.009471377564678,14.489797,47946450.433218636
2006-09-12,14.498691,14.5698502239975,14.36526834449499,14.498691,49743993.83731952
2006-09-13,14.50758378638443,14.65879800480769,14.391950953749296,14.578743,45894155.29017831
2006-09-14,14.480900649107628,14.667692692634649,14.409741436529655,14.649902,31168529.269062687
2006-09-15,14.694375103490511,14.801113016205024,14.320789295774652,14.525372,91255998.74481699
2006-09-18,14.58763953230769,14.632114932567138,14.320792467692309,14.454216,66711695.05146457
2006-09-19,14.507582213273912,14.765535224149735,14.294105485065435,14.347474,102523572.42858918
2006-09-20,16.090875411600667,16.26877431559158,15.868502893474622,15.948557,228216712.3332851
2006-09-21,15.948556493362835,16.144244303097345,15.93076669247788,16.08198,76528568.74588825
2006-09-22,15.85961535121919,15.921879685183596,15.59276909514794,15.601664,55861193.37578351
2006-09-25,15.637231841804775,16.00192268680705,15.468227877801661,15.984132,60951678.125787504
2006-09-26,15.89519407667053,16.224304629779844,15.89519407667053,16.179831,72714557.7527293
2006-09-27,16.081980510875624,16.179825308341158,15.921872297824873,15.948557,38309927.286838554
2006-09-28,15.984143300615122,16.144252479155085,15.841824821460035,16.001934,48927672.93003458
2006-09-29,15.966345782387375,16.037504979681625,15.779551999999999,15.779552,37791207.63377819
2006-10-02,15.930767522650056,15.975241137689975,15.646130693657982,15.708395,46238626.4160024
2006-10-03,15.628342244692739,16.055296635649498,15.58386773631285,15.921874,60073851.23133118
2006-10-04,15.904085919535552,16.18872459890143,15.824033570282827,16.162039,52057565.1995395
2006-10-05,16.1709287973713,16.2865616121529,16.135348306566918,16.242088,49318146.78014305
2006-10-06,16.14425049509343,16.41999162507847,16.126459797894956,16.179831,37261560.713693485
2006-10-09,16.153143676180253,16.535624501111833,16.07308955003178,16.500044,37480004.39646707
2006-10-10,16.508936877852406,16.669046,16.428882761523695,16.669046,56542276.74457194
2006-10-11,16.6156770204521,16.713521832439614,16.437778979547904,16.526728,42423064.14191605
2006-10-12,16.588993312269615,16.90031490258031,16.473359578725645,16.89142,50305891.03817204
2006-10-13,16.873626101595384,17.024839416750076,16.704624763637963,16.962576,41008326.50654005
2006-10-16,16.989263928383362,17.015947746634023,16.8825250974197,16.89142,27363312.616701256
2006-10-17,16.75800089307573,16.891424467065185,16.544523174692603,16.571207,30714662.165501885
2006-10-18,16.757995018143014,16.855839827590504,16.624572380418677,16.669046,30227315.10849511
2006-10-19,16.597891123588177,16.864737358271206,16.339939793044262,16.784685,37444698.0867797
2006-10-20,16.855839185064436,16.91810260590095,16.615675955742887,16.882523,26433569.911321905
2006-10-23,16.873625896410708,17.1226840078329,16.784678667557962,17.033735,33218020.886200238
2006-10-24,16.953682334103405,17.033737341648347,16.66904635939896,16.802469,32397996.043456472
2006-10-25,16.82025824649526,16.88252255518139,16.500040912333624,16.562307,40587297.174361035
2006-10-26,16.642365095678688,16.793578469140943,16.428887391967276,16.65126,33739767.08001677
2006-10-27,16.53562526243094,16.53562526243094,16.064194497250003,16.099775,47389047.98358983
2006-10-30,15.957456526639307,16.535624319654428,15.806242289416845,16.47336,33428470.937319405
2006-10-31,16.4911490925843,16.615676830301936,16.375514477829693,16.428883,31794392.091002174
2006-11-01,16.508937117490746,16.588992124471687,16.313250164225778,16.428883,35783081.36781424
2006-11-02,16.411097145647947,16.428885172907062,16.05529924187258,16.250988,38904527.158594914
2006-11-03,16.29546082927667,16.313250633675445,15.717292186316527,15.815137,53115255.1663321
2006-11-06,15.921876933701657,16.215408743093924,15.850717707182321,16.099775,42834079.97937859
2006-11-07,16.117563781931825,16.233196621802385,16.001929163080813,16.188723,30740978.602438252
2006-11-08,16.1531440483037,16.393306432281783,16.055299224600095,16.331043,28032795.513115726
2006-11-09,16.375515378882668,16.722415684273695,16.26877743917867,16.49115,45673126.04795906
2006-11-10,16.58898741805179,16.784676094778803,16.553408709862264,16.704622,26989287.755610388
2006-11-13,16.713516813890354,17.087100808633107,16.677936326903023,17.060417,38618761.780559056
2006-11-14,17.051533,17.09600663580944,16.82916037350026,17.051533,37915862.81421149
2006-11-15,17.01593911909074,17.14046858156545,16.96257062015844,17.007046,21635323.808990695
2006-11-16,17.042627396858638,17.078207884254343,16.802464221504813,16.989258,24888420.671461936
2006-11-17,16.900316336090256,17.31837590333479,16.882526529420687,17.309481,38804131.64808927
2006-11-20,17.19384547073922,17.416218019507188,17.1849505687885,17.327269,27500471.77082551
2006-11-21,17.30947830660837,17.33616390195072,17.096000659791123,17.327269,23128866.52824516
2006-11-22,17.336157720752794,17.567425089013224,17.32726282197355,17.487371,25307426.828195043
2006-11-24,17.309478481938363,17.54964172653061,17.238319265611835,17.434008,8992229.440298526
2006-11-27,17.327269524312896,17.389532950361787,16.74910088002114,16.829155,41222937.69354433
2006-11-28,16.70462905139508,16.92700163076016,16.65125785336683,16.811367,42993610.216230474
2006-11-29,16.93589198087389,17.202738114882507,16.820257381201046,17.033735,25953521.643961232
2006-11-30,17.015943201635654,17.176051405315874,16.926995978571124,16.944784,36031320.49074807
2006-12-01,16.998160874506798,16.998160874506798,16.571203742684304,16.731312,39545680.56733985
2006-12-04,16.793574139888687,17.202740522679434,16.677941303011345,17.149372,53370795.82114144
2006-12-05,17.184951625400235,17.19384652789785,16.704627780019045,16.775787,61760092.384041354
2006-12-06,16.35771989114317,16.384405480112164,15.815132780716596,15.90408,106732399.30021732
2006-12-07,15.672816703204397,15.743975912347256,15.405968779428571,15.566077,104713024.35417736
2006-12-08,15.646132943602975,15.904084217480856,15.59276441998255,15.832925,42315361.334743895
2006-12-11,15.806244872163806,16.233200276701716,15.752874557106141,16.073092,49387940.229546376
2006-12-12,16.19762101934775,16.206515924294944,15.859615520844914,16.001934,46756654.789352335
2006-12-13,16.20651115712464,16.233196753607103,15.90408447787936,16.028614,38214360.01890119
2006-12-14,16.07308851165372,16.233196753607103,15.957455670844285,16.028614,30350642.419862375
2006-12-15,16.019723864253393,16.03751456369864,15.64613785520362,15.726192,79200958.50285944
2006-12-18,15.895187289266666,16.162033401451705,15.699498598548296,15.930766,65417823.28608681
2006-12-19,15.25475550584795,15.35259941871345,15.059067680116957,15.210281,114782051.03508608
2006-12-20,15.201386098830408,15.31701892454497,15.148017581302978,15.210281,54778911.053648524
2006-12-21,15.245859715188244,15.299230901186021,15.201386098830408,15.210281,39016060.25556004
2006-12-22,15.219178,15.343705736779325,15.16580680976126,15.219178,22188777.65518611
2006-12-26,15.139122969008929,15.343705711833374,15.11243826342313,15.236966,16923739.276342813
2006-12-27,15.325914715204677,15.334809616374265,15.183596296491226,15.210281,18602342.71806024
2006-12-28,15.236965908360588,15.343705619551999,15.156913571065024,15.299232,23030495.941587135
2006-12-29,15.219177074972993,15.459337632058208,15.192491481475582,15.24586,26524071.610725794
2007-01-03,15.31702094260571,15.815137252711247,15.210283003997715,15.574974,58732179.3924022
2007-01-04,15.610557345803619,15.89519608406063,15.38818472136923,15.726192,37729239.47513804
2007-01-05,15.672813979785486,15.79734168465656,15.512705787035589,15.690602,40646664.53493626
2007-01-08,15.681716408845611,15.948564444649246,15.521609900038696,15.886301,34871761.33815543
2007-01-09,15.948561938271606,15.99303645566779,15.699504640852973,15.850718,35320225.87241789
2007-01-10,15.708395089476646,15.83292281337991,15.610550289463196,15.806239,31279044.179959573
2007-01-11,15.82403186614525,15.841819891523055,15.432655280773739,15.468234,73503000.57652347
2007-01-12,15.432653482857143,15.61055061622417,15.370390064347255,15.566077,47809862.433547005
2007-01-16,15.468231104627407,15.548286098744864,15.35259828743343,15.388177,40175828.77192015
2007-01-17,15.37928614748105,15.752870245213014,15.370391245654565,15.583868,35320906.978934884
2007-01-18,15.548286538067376,15.583866141129315,15.210280308978955,15.228071,69071596.88436572
2007-01-19,15.17470018983822,15.521603107208687,15.130226574406487,15.361494,32458708.703723736
2007-01-22,15.343706558823529,15.841820201098,14.916751245882352,15.121334,59324203.803712025
2007-01-23,15.130226202089593,15.39707233556406,15.130226202089593,15.228071,37169610.84972614
2007-01-24,15.219177074972993,15.379285299016646,15.201386382811341,15.24586,35153397.232520826
2007-01-25,15.236960591075503,15.317014679414724,15.05906350647821,15.103538,40306136.35030415
2007-01-26,15.15690800552484,15.388173588644259,15.148013106982566,15.254751,40487701.83138354
2007-01-29,15.201385782281413,15.388177813463,15.148017265865315,15.361494,37653595.08651958
2007-01-30,15.405967405594405,15.56607561188811,15.201384697552445,15.263649,47945899.69934451
2007-01-31,15.219175387741782,15.299229490888635,14.94343169792255,15.263649,44696060.03125466
2007-02-01,15.317022353736855,15.423762081159065,15.148020972658648,15.165809,32897828.64453192
2007-02-02,15.245861843001146,15.512710694312283,15.219178914748564,15.49492,46293706.32439535
2007-02-05,15.432652106643356,15.503811309440557,15.192489797202795,15.263649,32064552.585033897
2007-02-06,15.236970057043068,15.290341261405816,14.996809421805349,15.139127,35348553.717793636
2007-02-07,15.228073840406859,15.228073840406859,14.987910585452397,15.04128,50844739.87586163
2007-02-08,15.005702226755488,15.050175852194846,14.818908374560646,14.863382,51478357.967957765
2007-02-09,14.934542122152449,15.067965659073193,14.712169560617872,14.854488,46565097.45870743
2007-02-12,14.810013,14.863381526725945,14.685484362162164,14.810013,35903596.776046045
2007-02-13,14.863377322701426,14.863377322701426,14.703270898318538,14.783325,31717612.79769605
2007-02-14,14.890066293381036,15.067965226997673,14.836696880143112,14.916751,47551618.9148696
2007-02-15,14.979015683027795,15.050174902424603,14.83669724423418,15.04128,38097551.13926474
2007-02-16,15.023489367785785,15.103544379428481,14.854488,14.854488,38360173.31065197
2007-02-20,14.845586827063485,15.103538,14.73884715312132,15.103538,35891583.54817262
2007-02-21,15.094647479425612,15.370391214467485,15.076859454789101,15.299232,56975671.11076556
2007-02-22,15.352599099015636,15.388177813463,15.130226574406487,15.361494,37068091.09843092
2007-02-23,15.334811904875147,15.352601709869205,14.86338118304245,14.961226,60960645.73852437
2007-02-26,15.041280122473246,15.139124049940547,14.231843995243757,14.961226,36857514.751799084
2007-02-27,14.810012599139801,14.943435246578744,14.489797,14.489797,44797680.66088849
2007-02-28,14.560957470135483,14.979017032258065,14.507586271800001,14.614326,53489058.6127612
2007-03-01,14.329688343873046,15.156914249060883,14.205158823494335,14.916751,91727146.74931559
2007-03-02,14.792222776112556,15.023490253746754,14.703275525233842,14.863382,41941323.09144715
2007-03-05,14.694379654588904,15.121334995642336,14.534271401693868,14.560957,38287882.66160665
2007-03-06,14.694377432131363,15.050173495863358,14.667692727351461,15.014593,43017676.58545257
2007-03-07,14.91674821528199,14.987907419648273,14.641005408872589,14.667691,34461205.99349959
2007-03-08,14.854485901204622,15.050172838216131,14.792219813792046,14.845591,34246810.95297586
2007-03-09,14.95232822369863,15.07685862111116,14.738851481590588,14.79222,27215816.273135476
2007-03-12,14.774434362835324,15.201388805506737,14.765538570591682,15.183599,34415778.16958944
2007-03-13,15.059070275675676,15.308126661861081,14.810013,14.810013,35290549.03597991
2007-03-14,14.890065267183958,15.067964188540115,14.81890605443756,15.014593,37926895.1389092
2007-03-15,14.9879116290617,15.067966645947584,14.810013568182626,14.872277,26998720.369779292
2007-03-16,14.863381123480892,14.987910647430501,14.783328780308935,14.854488,38478218.44993917
2007-03-19,14.9701204225844,15.325916511059372,14.9701204225844,15.281442,33175856.571650762
2007-03-20,15.343710746080385,15.743982350686002,15.245865904006205,15.610557,73934349.63506427
2007-03-21,16.286566754428232,16.35772597952454,15.815138667145787,16.162039,107041075.69595645
2007-03-22,16.019718698756087,16.50004252316528,15.96635017559081,16.446674,55674924.121436335
2007-03-23,16.41998693945724,16.53562154605263,16.170930592105265,16.2243,38413242.3586842
2007-03-26,16.206515618748593,16.393309508608457,16.02861841264918,16.357729,56725958.56935886
2007-03-27,16.32214537047053,16.455568902109253,16.32214537047053,16.446674,37189616.69696863
2007-03-28,16.313252353329663,16.45557080352229,16.14424919372592,16.162039,37858647.22885522
2007-03-29,16.304350286894273,16.304350286894273,15.966345005679353,16.153137,32407787.0447084
2007-03-30,16.17093841759175,16.250992568173885,15.9129852651143,16.126463,23416774.600295182
2007-04-02,16.081982478609838,16.170931496743744,16.001928362289323,16.135351,23286372.839797534
2007-04-03,16.215408370075796,16.428885155232674,16.162038951414,16.331043,36070544.672768295
2007-04-04,16.322141983951617,16.517829789753762,16.304352183424147,16.508934,26322048.933432043
2007-04-05,16.455567675415104,16.606781,16.357722870017085,16.606781,24616349.188924693
2007-04-09,16.597882093699518,16.63346258038923,16.491144191590095,16.517828,22189683.474122625
2007-04-10,16.704626576492835,16.793573816080105,16.61567666843501,16.76689,27418739.84978729
2007-04-11,16.81135784830554,16.82025274663798,16.41998143218849,16.535616,33566769.269436345
2007-04-12,16.51783040278982,16.642358121613736,16.402197584559755,16.633465,25515181.154107094
2007-04-13,16.713527257903074,16.766895798008363,16.41999361614528,16.571207,36232540.138536684
2007-04-16,16.615679130158732,16.855842405363337,16.597889323809525,16.811367,29937931.281852327
2007-04-17,16.722414881945255,16.90031381155711,16.722414881945255,16.802469,29534333.241709895
2007-04-18,16.72241040789391,16.793569604904057,16.633463190611156,16.660147,35504391.64792484
2007-04-19,16.500044147823136,16.766892126865674,16.500044147823136,16.686838,35426131.1819531
2007-04-20,16.882524195789475,16.95368252314137,16.740205762105266,16.900314,42242398.57318627
2007-04-23,16.873625923412412,16.980365622472775,16.811362507319824,16.846943,27827741.493070878
2007-04-24,16.935894738586928,16.94478786183815,16.67794168437832,16.740206,23824657.593819335
2007-04-25,16.80247120733508,16.89142112857143,16.633469825998258,16.811367,27835154.03595674
2007-04-26,16.695731866716,16.900314622674692,16.686836964283014,16.855841,18713639.778970387
2007-04-27,16.864728517839893,17.158261979542303,16.793569322028375,16.989258,28176822.08369548
2007-04-30,16.989265999429048,17.033740517752157,16.722418,16.722418,30536474.619764913
2007-05-01,16.67793437331899,16.740198661646048,16.50003551718042,16.535616,37477550.337405026
2007-05-02,16.624573657540473,16.882524940481183,16.55341443755952,16.775787,25118094.33097237
2007-05-03,16.820256098843323,16.935890689700315,16.722411308196634,16.9181,20529629.0954658
2007-05-04,16.935890900215718,16.94478402145139,16.69572770490133,16.926996,27469223.271134462
2007-05-07,16.918100188876647,17.033733891534585,16.891415488263277,16.944784,18333314.17459792
2007-05-08,16.838050305643783,16.93589512189688,16.79357490398861,16.855841,19301616.998439886
2007-05-09,16.82026423526288,16.82026423526288,16.51783748539565,16.749105,25292908.12852388
2007-05-10,16.62457293167518,16.820259888588428,16.437779097890754,16.446674,34650746.7102467
2007-05-11,16.544516743940992,16.93589329834157,16.473357532139094,16.882523,34755865.57767462
2007-05-14,16.846943,16.97147072167525,16.695728796952018,16.846943,19697915.017644446
2007-05-15,16.802467616879298,17.05152574203822,16.749099098726113,16.757994,26567242.594787896
2007-05-16,16.77578715594629,16.89142,16.588993312269615,16.89142,27491475.90907099
2007-05-17,16.77578267509536,16.99815518020678,16.73130639509304,16.944784,23754735.313852336
2007-05-18,16.962581729870127,17.12269,16.909212306493504,17.12269,29164789.52781368
2007-05-21,17.078208094458905,17.184946,16.99815399818561,17.184946,20741099.797462266
2007-05-22,17.24721302392163,17.309477334078352,17.078211675333677,17.229425,24993081.848703597
2007-05-23,17.23831996332813,17.318374084935645,17.033738097599162,17.042633,25947333.607430264
2007-05-24,17.02483107531035,17.158256302289654,16.606771827733336,16.677931,37577278.02087681
2007-05-25,16.80247149408555,17.167162530468087,16.757997866943867,17.113794,27700806.963084865
2007-05-29,17.15826997174148,17.33616715464356,17.069320935545257,17.176058,30371773.720407788
2007-05-30,17.122687654479915,17.273901,16.998159906483057,17.273901,32404739.033759665
2007-05-31,17.24721190087177,17.434005708669023,17.131579079028846,17.238317,36636833.24839079
2007-06-01,17.300579015125688,17.522951484606867,17.238312944691202,17.487371,29066547.73893686
2007-06-04,17.389537257433805,17.514067698336397,17.24721878666614,17.496277,24639387.853770263
2007-06-05,17.434007823408628,17.469586541721306,17.19384547073922,17.327269,29573007.2638683
2007-06-06,17.22942269000682,17.25610650129199,16.998155283288476,17.211632,34977120.70534624
2007-06-07,17.033732784303254,17.211630776828617,16.660147,16.660147,44809724.30795479
2007-06-08,16.660145232956204,16.989256484221222,16.660145232956204,16.953676,39905007.651726976
2007-06-11,16.83804864591612,17.18494980660853,16.81136394124747,17.087105,28103402.65377312
2007-06-12,17.08710445764363,17.22942465700605,16.731308406688218,16.757994,37971866.08373293
2007-06-13,16.784686858645227,17.167166,16.65126150280288,17.167166,33491532.04492809
2007-06-14,17.389530889508446,17.51406128480887,17.336162372004193,17.469585,46348688.12128623
2007-06-15,17.70974360474604,17.745324089624667,17.567425223191076,17.66527,45724522.22193603
2007-06-18,17.718644836854732,17.736435530398,17.451798665548928,17.603012,41191122.61237452
2007-06-19,17.603007680385698,17.736431178042814,17.460687503904804,17.68306,27394237.628165036
2007-06-20,17.754225040144856,17.754225040144856,17.362850207739367,17.371746,39286545.229535356
2007-06-21,17.407323078760164,17.54964150965447,17.309478268030134,17.505167,31453185.45090144
2007-06-22,17.4340037872101,17.478478286667265,17.24721,17.24721,44616128.88776793
2007-06-25,17.30058518363804,17.487377235112938,17.0871057578404,17.327269,31902543.903485306
2007-06-26,17.45179939992865,17.50516792484342,16.918104366388306,17.042633,55201280.224716455
2007-06-27,17.184946810312503,17.5852173105527,17.140472310285816,17.514059,85579826.59087765
2007-06-28,17.451798148936017,17.84317204753753,17.442903247172794,17.65638,52310302.281668164
2007-06-29,17.745326378852024,17.807589789324698,17.380635479070648,17.531847,35391966.204085626
2007-07-02,17.683062506092217,17.78090730773092,17.540744088421537,17.718643,26711820.312650356
2007-07-03,17.76312008210912,17.85207,17.700856651718983,17.85207,21079263.413150407
2007-07-05,17.843167433594488,18.234543899463155,17.754218438962962,18.225649,41039924.2298587
2007-07-06,18.19007439684309,18.225653113235296,18.01217547794118,18.145599,30091058.443427518
2007-07-09,18.00328221825397,18.00328221825397,17.852068879464287,17.932123,30731197.63900794
2007-07-10,17.7986939761001,17.92322256963603,17.522952979903344,17.540741,32894244.475812055
2007-07-11,17.58522402852853,17.78980680680681,17.540748622021173,17.772017,33550448.663199004
2007-07-12,17.834278500753655,18.243444902439023,17.763119281241462,18.23455,40479252.29852122
2007-07-13,18.234548014705886,18.234548014705886,18.01217547794118,18.145599,26038174.876453508
2007-07-16,18.047761136135936,18.207867629427,17.94102139846429,17.967707,22290291.122122593
2007-07-17,18.012177159576897,18.20786412070923,17.976596660882564,18.12781,24471882.054837294
2007-07-18,17.967710864992796,18.163397905928466,17.932130351788338,18.154503,34488166.875182435
2007-07-19,18.287915506626405,18.430233922160387,18.252336792233006,18.323496,32969900.503703013
2007-07-20,18.581451505393133,18.625927799440472,18.1278114517124,18.332396,49427632.807266444
2007-07-23,18.510286922334412,18.599236816206123,18.35907361488558,18.483604,33056581.35737489
2007-07-24,18.483604387726665,18.66150151073166,18.261231872107842,18.359074,44437258.68055764
2007-07-25,18.412443688323812,18.448022398445094,18.14559580174927,18.305704,34871331.1435605
2007-07-26,17.976595141494354,18.19896768022499,17.558535658170914,17.798698,46933065.83436608
2007-07-27,17.789797258420123,17.985484138772883,17.43400131325172,17.451792,36572985.65851002
2007-07-30,17.398429304585292,17.49627412665986,17.20274232890705,17.41622,24597682.61999446
2007-07-31,17.603004170713486,17.62968797543473,16.99815110192965,17.007046,40419012.916899264
2007-08-01,16.838049536227913,17.629695816589397,16.749100515962578,17.603012,61610346.95663447
2007-08-02,17.576326235938282,17.97659593380498,17.4962721184669,17.869858,35343166.46500492
2007-08-03,17.86985164750763,17.95880152478998,17.487371,17.487371,39487689.37309101
2007-08-06,17.629698511952196,17.87875580677291,17.549644381474106,17.860966,33441959.634210147
2007-08-07,17.66527612424629,17.86096307723577,17.345058765243902,17.505167,38790871.74661059
2007-08-08,17.754227524656706,17.976600125034302,17.611909060415048,17.967707,30045180.87504989
2007-08-09,17.73643536037123,18.056650051276357,17.67417104678238,17.869858,37753311.07835328
2007-08-10,17.5674274012006,18.012172398699352,17.496268201600802,17.780905,41337283.39474284
2007-08-13,17.727534779793853,17.75421858891874,17.478477592721987,17.540741,24832658.20478166
2007-08-14,17.611901622137882,17.62079652239628,17.184947299224806,17.211632,25032658.43703839
2007-08-15,17.12268129562044,17.531845777350522,17.015941613638322,17.060417,30548406.290420685
2007-08-16,16.998160070689817,17.327270583451963,16.73131120880189,17.024843,47773203.51830557
2007-08-17,17.176051509476384,17.389529115677934,16.90920539121447,17.211632,40738849.168980606
2007-08-20,17.12268170472623,17.265000098116165,16.855835606610068,16.998154,26937684.64274415
2007-08-21,16.8647311831617,17.2027383061754,16.8647311831617,17.140474,26719465.80940527
2007-08-22,17.24720940761149,17.273894995859216,16.962573510351966,17.184946,26604235.125324223
2007-08-23,17.238318122470673,17.514061846430725,17.09599969925531,17.229425,35080546.05442724
2007-08-24,17.16715563673086,17.763113920283608,17.16715563673086,17.736431,30076786.403814837
2007-08-27,17.745324089624667,17.807587492065082,17.567425223191076,17.66527,20363581.76881531
2007-08-28,17.611906950803718,17.66527814748217,17.193847401660772,17.220533,24593185.697295204
2007-08-29,17.265004939642566,17.92322769365264,17.229426220807905,17.905437,34839731.47432258
2007-08-30,17.754222463019666,18.163388820553628,17.620798940831467,17.976595,34244111.720834784
2007-08-31,18.172282624640896,18.216757129351226,17.923225398263046,18.03886,27038749.679896623
2007-09-04,18.003280617918946,18.572553423857066,17.96770190144483,18.430235,41488823.72341427
2007-09-05,18.22565533863965,18.545871830680177,18.198969741479356,18.439133,34339892.77044642
2007-09-06,18.43023646054691,18.448027154429056,18.083336164394538,18.27013,29635064.466432367
2007-09-07,17.98549152420025,18.145600654761903,17.7631189671566,17.932123,32818573.015587725
2007-09-10,18.092232348041644,18.198970292463112,17.772015846306395,17.941019,28459220.40437057
2007-09-11,17.994381206470244,18.252333285060278,17.92322201237644,18.198963,23461873.356789615
2007-09-12,18.10112596878647,18.34128921756771,18.056650568316428,18.27013,34644000.93570763
2007-09-13,18.412451593038014,18.412451593038014,18.0922341695729,18.190079,27551506.75853579
2007-09-14,18.13670600139163,18.163391599402093,17.798700582959643,17.85207,39866989.71043694
2007-09-17,17.754225691928273,17.994388965034965,17.68306646715305,17.807596,26227604.44475492
2007-09-18,17.860964333815726,18.439133,17.834278736655428,18.439133,32332788.15224121
2007-09-19,18.625929929797504,18.794931327400192,18.33239809678407,18.53698,51950982.09093391
2007-09-20,18.51918725289034,18.955036591734192,18.350183213637873,18.714876,63518851.661074325
2007-09-21,19.18630401046406,19.71999814149227,18.714875084212693,19.550995,107861669.54674174
2007-09-24,19.56878202988609,19.67552173044829,19.168510598875603,19.38199,42101312.11752251
2007-09-25,19.230774207139326,19.55098970961761,19.124034520326596,19.515411,34656714.2668325
2007-09-26,19.57768167386312,19.586576576940747,19.124041616903998,19.364204,36512370.86740048
2007-09-27,19.426461791329718,19.46204050219013,19.150720778103963,19.239668,23697174.552159633
2007-09-28,19.26635490069284,19.417568212471128,19.177405004274366,19.25746,22913577.906951386
2007-10-01,19.248567231063642,19.55988969366817,19.22188430377712,19.542099,26578370.131007932
2007-10-02,19.550993720823797,19.550993720823797,19.310830488084207,19.43536,27209182.38715414
2007-10-03,19.381996778224757,19.46204913554437,19.079570041089845,19.186308,28274054.341252107
2007-10-04,19.257465066636026,19.381994598589564,19.132936424172794,19.355309,20952223.909212716
2007-10-05,19.444257020238638,19.853421630297564,19.399780730437648,19.728893,35235238.591440484
2007-10-08,19.613258606289424,20.058003719572408,19.595470580738557,20.022425,26173755.82627979
2007-10-09,20.049109282758547,20.17363701682905,19.889001052466256,20.084688,27592547.81552992
2007-10-10,20.0935822539267,20.413799593678622,20.040213735039877,20.387114,36206022.490481
2007-10-11,20.413805064192257,20.45827869360101,19.915688673541215,19.977953,39410656.784736656
2007-10-12,19.924586491774217,20.146959108869915,19.666635145433684,19.960167,44644210.82802564
2007-10-15,20.058004434478928,20.08469003171726,19.40867743543271,19.63105,38499466.04995658
2007-10-16,19.56878151724138,19.622150031889245,19.31082850775131,19.346409,35216019.934242055
2007-10-17,19.524313437186926,19.524313437186926,18.803824498131828,19.115147,47429633.57802061
2007-10-18,19.115144412039196,19.195198530097993,18.77713902528115,19.061775,36369034.73050122
2007-10-19,19.061779478554215,19.09735820544935,18.385766767228915,18.456926,45546640.59443051
2007-10-22,18.323494107382356,18.98171671123978,18.24344000691321,18.857189,34967115.782893196
2007-10-23,19.035087606755823,19.115141713513207,18.786031275222925,19.079563,33821287.99719889
2007-10-24,18.910560210576016,18.99061432247403,18.545869256373937,18.839401,35698541.052340254
2007-10-25,18.972826778571427,19.079566496633095,18.483608037109285,18.679295,45707977.73684713
2007-10-26,18.96393329086651,18.990618,18.670401490398124,18.990618,35265926.83818926
2007-10-29,19.115146713826366,19.40867851538815,18.946142665861096,19.364204,33050950.35148359
2007-10-30,19.257458689665217,19.337512790453665,19.10624538817593,19.239668,28909487.174378477
2007-10-31,19.248564369869417,19.78225930536761,19.239669469102616,19.719995,35458855.39017632
2007-11-01,19.568786672794115,19.737790719913093,19.34641409696691,19.355309,38569166.94019197
2007-11-02,19.39978037697456,19.657733424524128,19.28414754043815,19.59547,34690657.62939087
2007-11-05,19.4175723380154,19.75557774666742,19.355308019936565,19.63105,29788184.585134268
2007-11-06,20.040217793563908,20.360432529694965,19.871213743320194,20.307064,38349489.862246946
2007-11-07,20.013521945701356,20.182525909399363,19.631041304072397,19.657726,42855350.61379938
2007-11-08,19.479835842751843,19.613258486431153,17.629696182800984,18.101126,106593414.68591511
2007-11-09,17.72754157863938,17.852070219934387,17.18495249871113,17.220533,86818597.61392404
2007-11-12,17.12268894687814,17.71864747126299,16.953684893756282,17.291693,62184936.507541515
2007-11-13,17.611903233316912,18.261232790562232,17.291688573700633,18.252337,54231294.546008
2007-11-14,18.52808371902874,18.61703275272547,17.780911835976212,17.949915,53118620.89597639
2007-11-15,17.718647823702252,18.341291960009446,17.540748863692798,18.163393,61751091.32968715
2007-11-16,18.163390600163012,18.73266346111863,17.958808735586764,18.501396,50285431.17890131
2007-11-19,18.367977965514957,18.572559881451543,18.07444611425007,18.26124,32657461.051303193
2007-11-20,18.18118045154048,18.62592554845952,17.994386621344294,18.403553,38911502.61101212
2007-11-21,18.012175495407,18.35018086212696,17.807592761385095,17.976595,33053991.73752315
2007-11-23,18.00328456540052,18.172287730787186,17.843175413964914,18.065548,12599349.811752182
2007-11-26,18.127804390316886,18.234544074388626,17.514058100451518,17.522953,29995616.98766184
2007-11-27,17.567433248739732,17.949914073902164,17.345060675970874,17.691961,37221654.16777145
2007-11-28,17.86096908824963,18.341294843659185,17.798704753778644,18.24345,32083198.463010017
2007-11-29,18.216757,18.403550807947116,18.065542795568508,18.216757,28196716.682338133
2007-11-30,18.483610091670712,18.483610091670712,17.59411975470342,17.949915,53916156.260349974
2007-12-03,17.994386098320163,18.198967947466357,17.87875237648222,18.003281,41270045.832201354
2007-12-04,17.567431848855126,17.958808435231234,17.505167533441462,17.81649,37577703.76909256
2007-12-05,17.98549271303062,19.088460668872653,17.95880978340211,18.874983,63418455.29555709
2007-12-06,18.76824215219421,19.07956459397194,18.625924617781465,19.052879,33147415.988943193
2007-12-07,19.12404037956672,19.159620879065464,18.73266377998301,18.803823,27607160.38667775
2007-12-10,18.937248193429586,19.293044291202044,18.88387788927347,19.248568,28479907.630915713
2007-12-11,19.301935640320647,19.301935640320647,18.688186595158996,18.741556,34138210.93616773
2007-12-12,19.043978706411856,19.39977377593946,18.732656352781643,19.0084,44753628.017502785
2007-12-13,18.981720757902785,19.364201541684334,18.910561542315524,19.221884,34103355.13077699
2007-12-14,18.99950740083404,19.07066660125106,18.78602979958298,18.857189,29522647.6364054
2007-12-17,18.812717045715516,18.82161194739198,18.519185290392297,18.625925,41565271.146098785
2007-12-18,18.759348566117648,18.91056190211765,18.341289056078445,18.901667,43715601.90960935
2007-12-19,18.972827453757223,19.03509177263969,18.287919056559826,18.465818,77096290.23745388
2007-12-20,19.95125765520362,20.013521945701356,19.60435749763466,19.657726,88260364.90690735
2007-12-21,19.835631991867416,20.244798402677166,19.79115836817078,20.200323,65393520.72900517
2007-12-24,20.138062259894465,20.28038072738128,19.942375256590513,20.244802,17307325.208712835
2007-12-26,20.066896453118563,20.458273,20.058001551814215,20.458273,27304293.96459809
2007-12-27,20.50274912341124,20.73401658559581,20.378221379417475,20.493856,38328807.330992274
2007-12-28,20.556115382572937,20.71622358719236,20.36932158769358,20.431585,24683694.438982587
2007-12-31,20.182532808002126,20.42269337446023,20.01352878653676,20.084688,22489737.057404127
2008-01-02,20.05800753425349,20.298170830591378,19.90679416697915,20.004639,48090120.146631986
2008-01-03,19.951265757193173,20.55612,19.951265757193173,20.55612,47269097.28321298
2008-01-04,20.253691858661284,20.351534891193605,19.381992351950867,19.59547,50296900.392723426
2008-01-07,19.533205925790607,19.99574176719101,19.38199435510827,19.791159,45020839.86086919
2008-01-08,19.782260228841608,19.853419438297877,18.80382020932785,18.812716,48962432.643962726
2008-01-09,18.981720757902785,19.29304321558726,18.81271762088303,19.221884,53933140.8915484
2008-01-10,19.088460251653643,19.39088694261305,18.741559936808116,19.284149,47338797.89043323
2008-01-11,19.150723650627583,19.293042073376398,18.732661504822655,18.768242,51997653.26981611
2008-01-14,19.070667937117765,19.67552118303133,18.768240424670918,19.62215,54892237.45481
2008-01-15,19.355305452618747,19.613256703811484,18.94613909859714,18.955034,44496839.48973661
2008-01-16,18.705983456552413,19.862320053375907,18.545874299726275,19.497629,86419597.37771194
2008-01-17,19.479835193834653,19.524310592899813,18.946140189444883,19.043985,59341632.43669852
2008-01-18,18.990617238183507,19.417572567191844,18.830508989805377,19.1952,57883151.51704592
2008-01-22,18.03886219111539,18.492502194262766,17.50516718027533,17.985491,75282223.26747711
2008-01-23,17.41622010013488,18.39465943160313,17.36285068205479,18.332396,63350325.36660784
2008-01-24,18.323500207496352,18.652610729499916,17.9232295718957,18.332396,49202222.81718659
2008-01-25,18.67929197833866,18.750451185875185,17.985488815367418,18.03886,47559270.50287546
2008-01-28,17.905437380993483,18.14560063178677,17.798699443237908,18.021072,32816099.730360106
2008-01-29,17.994388445440958,18.038863849131538,17.51406458156801,17.85207,39991218.16125525
2008-01-30,17.807588516033547,18.32349267883572,17.620794740011792,18.029961,47632916.67685803
2008-01-31,17.745333563229178,18.439135154215826,17.68306745907745,18.279026,59034254.20422291
2008-02-01,18.483606907865422,18.483606907865422,17.985490625983704,18.394657,47147344.362006865
2008-02-04,18.39466150323458,18.39466150323458,17.923231590434078,17.967707,29981998.630582076
2008-02-05,17.594119867683485,17.683067122970716,17.0871085933757,17.131584,62136143.97828013
2008-02-06,17.380639262457674,17.869857979166667,17.256109745934957,17.505167,56612428.54752543
2008-02-07,17.131583529605024,17.434010237811968,16.927001645896528,17.078215,66551033.535794
2008-02-08,17.042627412056937,17.247209210707545,16.846940512890697,17.069313,42869287.131345004
2008-02-11,17.087108443991696,17.407325854047023,17.05152972008592,17.291693,49595929.56659015
2008-02-12,17.389534754507626,17.691961461359764,17.167162175939875,17.265007,41004044.0180534
2008-02-13,17.522951484606867,17.727533267039675,17.309472134925176,17.487371,37772211.72925307
2008-02-14,17.478487661079097,17.54075110422352,16.90031885804086,16.980373,41015953.94871479
2008-02-15,16.91810866736511,17.096005871117182,16.846950319558562,16.980373,28185462.298148572
2008-02-19,17.17605121355941,17.25610620399579,16.891415299684542,16.9181,38516452.79316235
2008-02-20,16.918098135872363,17.345053293875452,16.882518539372107,17.282789,41216881.141116746
2008-02-21,17.33616400985516,17.43400793192207,16.73130978395134,16.802469,62489052.67533004
2008-02-22,16.83805170952381,16.91810583809524,16.170933971428575,16.811367,69279562.45319015
2008-02-25,16.766891060458146,17.0070543152706,16.5534142918842,16.873629,63316827.26225047
2008-02-26,16.81136394124747,17.211634511277175,16.78468012606898,17.087105,54445571.65015373
2008-02-27,17.007048703609396,17.300580386593676,16.731305040613965,17.069313,42553263.32411269
2008-02-28,16.989265002575994,17.43401015971149,16.829156746007214,17.265007,47526206.10000332
2008-02-29,17.060425228746023,17.069321021901015,16.660154563838013,16.722418,49245165.15475812
2008-03-03,16.686836964283014,17.060422866468453,16.597887939953146,16.855841,47034355.14351375
2008-03-04,16.740208444674163,16.882526901164486,16.188725315264517,16.402203,80393339.57207455
2008-03-05,16.6423638670184,16.882527155453573,16.562311513017526,16.722418,65406217.080675766
2008-03-06,16.980362412376493,17.43400226729069,16.962572614144563,17.104891,77698801.41299936
2008-03-07,17.015946837878214,17.389532726299265,16.78468116212179,16.900314,52288602.44845155
2008-03-10,17.0515271881988,17.345058955131798,16.97147306994434,17.149372,41120295.517299406
2008-03-11,17.47847356483854,17.745321378982315,16.989254202972834,17.353945,54208381.89817935
2008-03-12,17.416217980691055,17.941017194613824,17.282794451727643,17.505167,54188680.633552365
2008-03-13,17.407327585685486,17.780913563508065,17.22053548626462,17.64749,49112276.93003368
2008-03-14,17.798694079918032,17.834272788788727,17.1404715102459,17.362844,49011795.53303595
2008-03-17,16.838049539520252,17.336164053103523,16.838049539520252,17.149372,46137888.724974886
2008-03-18,17.469588792827373,17.8342798198004,17.247216215404794,17.807596,43221718.75417659
2008-03-19,18.021076193306556,18.225658993131848,17.38953709565977,17.398432,48502039.313536994
2008-03-20,17.66527901498835,17.941020130478094,17.39843013441405,17.860966,51086895.52401588
2008-03-24,18.16339435339432,18.599244658642274,18.11892072194107,18.474716,38772424.37718663
2008-03-25,18.70597439233624,18.82160719544592,18.430230731003416,18.750448,48581324.99020824
2008-03-26,18.937246558676144,18.94613968137227,18.35018126904937,18.625925,96053563.1620282
2008-03-27,17.300579687740044,17.522952165866652,17.122680815748843,17.282789,131629148.74445322
2008-03-28,17.389531447136992,17.66527517109705,17.184949603255056,17.229425,42867478.870026134
2008-03-31,17.327273654768593,17.460696330381612,17.247218626216085,17.398432,36058735.17372715
2008-04-01,17.709757703576674,18.163397905928466,17.54075360144522,18.154503,50280913.996929586
2008-04-02,18.15448980429478,18.46581128550513,18.02106631234749,18.225649,36248863.89505251
2008-04-03,18.14559974854932,18.41244769316523,18.02996602466151,18.394657,41426988.934884734
2008-04-04,18.332394346984078,18.403553564674496,18.06554550166457,18.101126,60699037.17591933
2008-04-07,18.19007371450247,18.287915848028423,17.96770118607934,17.994385,27016489.14369677
2008-04-08,17.8164878016387,17.923225725401604,17.647483791164657,17.718643,39661036.79610228
2008-04-09,17.718644828815272,18.02107149758019,17.674171208192984,17.985491,35487068.79531952
2008-04-10,17.958811503240465,18.501398851272477,17.932125902585533,18.190079,55172379.079568595
2008-04-11,17.869862605846777,17.914336237525706,17.620804397807966,17.64749,32552570.81885299
2008-04-14,17.63858441396856,17.92322117707849,17.611898827937118,17.66527,24258061.132227246
2008-04-15,17.74533311198786,18.003284420218037,17.727542415758176,17.949915,28099349.66265857
2008-04-16,18.056654613639097,18.625930260698894,18.0477614884312,18.474716,52965607.04911512
2008-04-17,18.528076808581282,18.87497702112425,18.403549097341507,18.857189,42138303.724993154
2008-04-18,19.159616368371488,19.50651659479434,18.883873566232733,19.390882,53030160.919456884
2008-04-21,19.248569274112633,19.48873254549632,19.04398739384191,19.355309,29337812.793378815
2008-04-22,19.159618367928267,19.462043234382957,19.124037873092842,19.373096,33571479.739815466
2008-04-23,19.38199505060397,19.53320662671232,19.293046018198673,19.488733,28669451.831476167
2008-04-24,19.497626875056792,19.817844264319895,19.1596214592313,19.577681,39523422.46254805
2008-04-25,19.533206528758868,19.550997224641037,18.90166929133858,19.204096,32257124.52176869
2008-04-28,19.19519329707113,19.39088019837615,19.017294415949372,19.132929,27901945.12298666
2008-04-29,19.04398739384191,19.462046946906753,18.972828169577202,19.355309,29006836.728878886
2008-04-30,19.115145768824938,19.195199892565945,18.501396597320287,18.545872,47113725.36163304
2008-05-01,18.688187018331806,19.43535870302475,18.64371162380046,19.408674,40226529.746442236
2008-05-02,19.62214758749749,19.631043376569036,18.937242098694977,19.132929,41321096.053824276
2008-05-05,19.124042372345354,19.284150634067316,18.98172391748139,19.168516,34317966.736418195
2008-05-06,19.043984883255813,19.36420135023256,18.90166645348837,19.124039,36967580.43632937
2008-05-07,19.061774681753217,19.12403899475941,18.59923978513578,18.670399,42509519.05205668
2008-05-08,18.812716507109005,18.92835111508256,18.67929298578199,18.768242,29340291.43486108
2008-05-09,18.536976561904762,18.768244023809526,18.412448818061666,18.679295,23691209.973395675
2008-05-12,18.794921926409625,19.239666905489123,18.75044831799163,19.132929,27865632.17790648
2008-05-13,19.168509306633638,19.3197226121251,18.955031698880987,19.275249,22983843.840357136
2008-05-14,19.328620603828256,19.693310669127335,19.21298688645607,19.373096,29816182.324250083
2008-05-15,19.230779445010178,19.488730719308155,19.159620227413434,19.453152,24351363.86433931
2008-05-16,19.479836858856086,19.542100288092758,19.043986627767527,19.284149,37976694.330665044
2008-05-19,19.60436274949902,20.2358998328132,19.453149432067008,19.951263,46702711.90350205
2008-05-20,19.78226422382671,19.960163172883796,19.613260177747968,19.711105,29133313.835018385
2008-05-21,19.78226376374375,20.200323304512445,19.51541757009,19.577681,34451528.91192783
2008-05-22,19.631045278845598,19.9868404070963,19.622149488912036,19.844522,27191310.519527756
2008-05-23,19.826737857188128,19.835630980391493,19.470939990855552,19.550995,22478268.548480526
2008-05-27,19.613262952080625,20.235907138128862,19.58657912886143,20.155853,32825536.086217735
2008-05-28,20.271486,20.41380445623877,20.13806066829545,20.271486,30075761.873209495
2008-05-29,20.31595962808426,20.45827808432303,19.99574310154703,20.271486,36493369.42839316
2008-05-30,20.289266409984588,20.40490189124133,20.1736335971979,20.315952,28396046.61401051
2008-06-02,20.253689107142858,20.253689107142858,19.880103273809524,20.173635,35789831.43097414
2008-06-03,20.2270066695766,20.965283518114358,20.191427951908334,20.37822,57202992.459596574
2008-06-04,20.20032107471759,20.591697642950674,20.20032107471759,20.37822,39524213.792961314
2008-06-05,20.324855174719584,20.64507082189875,20.200325632079938,20.618387,34908078.50294012
2008-06-06,20.45827869360101,20.51164722678959,19.977953,19.977953,46428270.639264196
2008-06-09,20.138058121510163,20.164743718170456,19.791157817789706,20.058004,29552432.221740507
2008-06-10,19.84452894295409,20.164746360444447,19.675527554379244,20.013533,31565153.938587453
2008-06-11,20.06689933706162,20.262588972861348,19.613259305344357,19.63105,32596534.622447606
2008-06-12,19.68441656684938,19.80005117840571,19.32862138844367,19.444256,39464966.78009691
2008-06-13,19.64884209407168,20.155851600346956,19.524314332897937,20.129166,35739004.44809785
2008-06-16,20.00463550241345,20.458275524922602,19.862317063979205,20.404907,36607484.2959098
2008-06-17,20.47606021943807,20.47606021943807,20.013525409963364,20.040211,30671170.492251806
2008-06-18,19.88011196835508,20.16474891823757,19.76447731797485,19.960167,26024337.328861028
2008-06-19,19.862318694611513,20.45827720448118,19.808949275817213,20.191431,46236816.05960468
2008-06-20,20.138049637206965,20.173630121266967,19.488722925791855,19.657726,59151545.300814554
2008-06-23,19.844523839676544,19.93347374184783,19.417569468297103,19.639942,36643127.35750441
2008-06-24,19.5154137594856,19.960158811217493,19.408674057579844,19.773365,31984841.527984746
2008-06-25,19.93347625602999,20.324851961190777,19.737789292939837,20.058004,68836955.50016841
2008-06-26,19.284146438842203,19.764470230024326,19.052879,19.052879,78722288.32188563
2008-06-27,19.0261932351602,19.31083008040976,18.652607375770156,18.937246,45301907.37848577
2008-06-30,18.75045421904762,18.990616583333335,18.679295,18.679295,40829902.84162223
2008-07-01,18.49250090603167,18.981719593698713,18.367971396901517,18.955034,53311214.87728273
2008-07-02,18.919456590778097,19.03509031700288,18.501395306475217,18.519186,36351384.126710534
2008-07-03,18.714875868747374,18.84829940709759,18.40355427926353,18.439133,24281435.19546174
2008-07-07,18.48360496156216,18.97282362162162,18.332391646246847,18.759346,38870247.555538446
2008-07-08,18.759349768303984,19.21298980537535,18.652610046561634,19.1952,43297606.90172543
2008-07-09,19.106252536889983,19.22188717078422,18.741561496846924,18.777142,46814336.31597929
2008-07-10,18.830506293541273,19.052878828892492,18.6170286596041,18.937246,35598258.51469111
2008-07-11,18.741565849788447,18.901674148457737,18.41245523645879,18.643721,41463397.30779602
2008-07-14,18.768246852408467,18.848301875392522,18.021074939800737,18.190079,43724700.36511111
2008-07-15,18.012171,18.19006987467511,17.77200872,18.012171,57375354.69766527
2008-07-16,17.98549532941877,18.27902716681937,17.86986246478168,18.181185,42269258.11480934
2008-07-17,18.234548646474178,18.714874232017824,18.118915812840374,18.554766,42062859.074293904
2008-07-18,18.581447972171812,18.90166530925401,18.367971229933897,18.839401,40353904.67032365
2008-07-21,18.8571907994,19.052877729729733,18.697081693693693,18.759346,24118200.12275481
2008-07-22,18.821615162575267,19.23078159907809,18.81272025937934,19.204096,37070330.360773034
2008-07-23,19.15961949693205,19.204093116744186,18.80382164353307,19.124039,36196914.26063291
2008-07-24,18.84830067572899,19.02619695985585,18.545873078955943,18.634823,34058043.65806425
2008-07-25,18.65261102733012,18.66150681997581,18.35907922320276,18.634823,25696176.33913131
2008-07-28,18.439130790981213,18.768242146150683,18.403552074507097,18.430235,23464790.499323532
2008-07-29,18.554766475117827,19.186303628091462,18.53697578161456,19.061775,35716076.440940045
2008-07-30,19.04398390351872,19.079564398620292,18.652607352302834,18.955034,35598370.983433746
2008-07-31,18.732665759247855,19.479838537861657,18.66150742120263,19.150728,41880724.44308644
2008-08-01,19.19519821488372,19.293043024839022,18.9194562572093,19.124039,28115093.783274546
2008-08-04,19.115144650823527,19.204093672,18.80382218721567,18.901667,29230900.639610253
2008-08-05,19.052878683155278,19.764469901346015,18.955033878859023,19.755575,47979396.66766469
2008-08-06,19.639944715662956,20.378221622999927,19.59547109266303,20.333748,48261911.819134384
2008-08-07,20.129170244575388,20.476072448351648,19.97795685116879,20.23591,43685455.70720565
2008-08-08,20.2359015625,21.00975890734732,20.138056753366964,20.920809,53704921.258064166
2008-08-11,20.82296171143848,20.920805615251304,20.38711159445408,20.52943,38223250.03665469
2008-08-12,20.440483210480348,20.46716791441048,20.173636171179037,20.369324,33704027.68398205
2008-08-13,20.271484031167795,20.591699637114296,20.075795283355063,20.467171,29361760.352713134
2008-08-14,20.262586046774082,20.814069037771926,20.235900453389373,20.627277,36139917.60260455
2008-08-15,20.751804218638515,20.858543921083474,20.38711327437612,20.511641,29822366.50267524
2008-08-18,20.502749380601973,20.662858515151513,20.058004255437282,20.253693,25935528.794674635
2008-08-19,20.173635702732078,20.253689812663556,19.969053866841747,20.066896,25285947.23909468
2008-08-20,20.17364280847308,20.413806112350088,20.013534532215356,20.155853,24644447.446605213
2008-08-21,19.915686123769245,19.969057318595937,19.711104252515888,19.835632,25229955.746214688
2008-08-22,20.03132185412679,20.298168948098287,19.915687223915498,20.191431,20613602.78702386
2008-08-25,20.04910852339863,20.200320067300545,19.73778697628825,19.755575,22608007.91120481
2008-08-26,19.71110390248307,19.906790867620362,19.577680365237022,19.702209,18317682.55021556
2008-08-27,19.746680280716564,20.075790714413607,19.68441419734969,19.871208,24076941.27100879
2008-08-28,19.82674016628976,20.21811501846798,19.80894947035996,20.13806,21030133.25483686
2008-08-29,19.924585499316006,19.951270212038303,19.301943091952804,19.506525,39661809.77903548
2008-09-02,19.835633757174836,19.897899860158507,19.124042372345354,19.168516,49095979.904213764
2008-09-03,19.141823795100343,19.18629829276554,18.688183918915346,18.848293,45687980.90304516
2008-09-04,18.536972959357755,18.581446573129103,17.71864209934772,17.727537,90152215.44876763
2008-09-05,17.540747511107625,18.074442571001494,17.522959484408073,17.85207,53060613.307028264
2008-09-08,18.11891916986417,18.367975576323985,16.84694797983302,17.131584,105487261.07288153
2008-09-09,17.256115816379758,17.65638654407929,16.918109424100155,17.051533,70226494.3568417
2008-09-10,17.211636145615866,17.256110657620038,16.92700015827938,17.042633,58646624.38016474
2008-09-11,16.92699608122129,17.25610650129199,16.80246569862367,17.211632,56191186.57661284
2008-09-12,17.0959971168334,17.49626851115408,16.93589069388115,17.4429,44035570.41370414
2008-09-15,16.944786717032716,17.336163278274586,16.829153885323514,16.909208,46936325.69899194
2008-09-16,16.544519385259463,16.944789126057707,16.366621327353446,16.864735,68800413.81039785
2008-09-17,16.62457518507044,16.740208038674034,16.073090290055248,16.099775,56249852.5600513
2008-09-18,16.339925821222987,16.855829820156323,15.868495415466668,16.677931,86504547.53650197
2008-09-19,18.6704010612855,18.67929596412556,13.342354260089685,17.85207,85721228.63062939
2008-09-22,17.772011717468356,18.465813976708862,17.434005488607596,17.567429,44511907.519307464
2008-09-23,17.62969181057939,18.279018621479043,17.46958272099331,17.514059,47288446.159887895
2008-09-24,17.70085360396724,18.234547682478812,17.5852198869564,17.745329,36239075.49047414
2008-09-25,18.09223612858994,18.51919155345342,17.976601478198944,18.207869,45455686.63568483
2008-09-26,17.780910248258476,18.545871869744335,17.77201534568306,18.34129,44094693.18798187
2008-09-29,18.09223169312733,18.261235730193498,16.01082450719233,16.695732,66448620.4019087
2008-09-30,16.99816136601228,18.15449792390438,16.98926557308053,18.065548,57377126.50419462
2008-10-01,17.958801661957114,17.958801661957114,17.389526356757486,17.66527,39435974.03707387
2008-10-02,17.647482516162135,17.780906023088765,17.22052818348697,17.336161,49428883.649615385
2008-10-03,17.49627213706366,18.270129496266378,17.327269,17.327269,60326465.98837935
2008-10-06,16.802467160917985,17.167158103250824,15.343704281076736,16.277668,89659682.22527945
2008-10-07,16.268777251899273,16.455569311348672,14.925647,14.925647,72049470.1561212
2008-10-08,14.507583609181907,15.681710619497489,14.240737450873072,15.014593,85347655.8494859
2008-10-09,15.317019023959597,15.61944566568857,14.231841963716347,14.418634,65339567.59573063
2008-10-10,13.9649937529976,15.148016406276618,13.591407932853716,14.836694,108990764.11497062
2008-10-13,15.583869175828783,16.784681902497617,15.156914745433312,16.775787,61470488.31016988
2008-10-14,17.202746450947064,17.291696391373183,15.450451037006045,15.735088,66480979.142550714
2008-10-15,15.477126545454546,15.770658255799374,14.17847109968652,14.187366,61946843.76226002
2008-10-16,14.374158304885228,15.112435,13.61809180988817,15.112435,79547718.88183473
2008-10-17,14.596537841950648,16.001932710340775,14.418638867853879,15.139127,58790852.20699978
2008-10-20,15.441545951163933,16.153137,15.210277681718065,16.153137,47854392.617359705
2008-10-21,15.921880117474272,16.375520277245887,15.64613805957388,15.735088,52762788.92955667
2008-10-22,15.34370521258008,15.566077751892834,14.774432401429586,15.272546,52686811.22322369
2008-10-23,15.103540811590515,15.53939003974944,14.240735476652777,15.076857,69878691.70321108
2008-10-24,13.973888007167407,14.863377124499005,13.769305305598438,14.409739,60879042.58025076
2008-10-27,14.222947837666457,14.916750171211161,13.618094521242867,14.02726,70688358.3821787
2008-10-28,14.587639081291766,15.72618652178283,13.849362225348342,15.672818,53522793.897562005
2008-10-29,15.441546295993968,16.339931138192643,14.916746340269153,15.379282,66010751.97892203
2008-10-30,16.12645399806452,16.553411008485696,15.824029154773907,16.295458,80365596.84299761
2008-10-31,15.886295229222569,16.562307754317562,15.841818942012306,16.268776,61962236.5637587
2008-11-03,16.108672001874474,16.375518231860344,16.046407673996676,16.304359,31916139.91080544
2008-11-04,16.455570873015876,16.900316031746033,16.295462615873017,16.811367,43475796.46556999
2008-11-05,16.588994988776655,16.686838927048264,15.752873172238049,15.850718,42029236.27812948
2008-11-06,15.5038194925816,15.637243068249255,14.81001689910979,14.987915,61181990.95738134
2008-11-07,15.192492522961066,15.708396835801665,15.09464771207007,15.592764,39501840.73436242
2008-11-10,15.859611258520001,15.86850616107666,15.441551727847363,15.619448,27900024.583660066
2008-11-11,15.459334315869503,15.583863797347378,14.934537028614516,15.379282,40114000.4898148
2008-11-12,14.961224444518788,15.15691316859837,14.58763857848443,14.649902,49969749.118622094
2008-11-13,14.5253791549311,15.78845560318598,13.902735835368839,15.76177,69853925.40720999
2008-11-14,15.352599442603553,15.824030094815564,14.818905371597635,15.032383,58397613.339149214
2008-11-17,14.774435963835282,15.112441415600241,14.498692169619925,14.596537,46451879.990438834
2008-11-18,14.694381788484137,15.14802279372074,14.1606875346651,15.139127,62579875.57670928
2008-11-19,15.032386281249998,15.388181516759687,14.205160290625,14.231845,74052633.37255289
2008-11-20,14.24963188051948,14.907854576623379,13.62698878961039,13.698148,75548112.05135176
2008-11-21,13.733731905600235,14.667696834413722,13.431305166746345,14.569852,82338155.99231894
2008-11-24,14.7388525756522,15.112438458680195,14.516480026230772,14.801116,84776538.51183248
2008-11-25,14.979016658322902,14.987911561326658,13.982787521902377,14.214055,82515346.11340678
2008-11-26,13.92052362890481,14.454217825540137,13.911628725627555,14.356373,59542974.61044653
2008-11-28,14.320792902423866,14.365267414543192,14.009471317588563,14.311898,22371352.772357658
2008-12-01,13.973892672915321,14.267425362664188,13.680360872656756,13.760415,57743518.70928311
2008-12-02,13.884940778340722,14.249631727675744,13.57361923622546,14.045049,46881914.758716755
2008-12-03,14.16068197400384,14.36526469096495,13.893834951880653,14.347474,81181569.22882733
2008-12-04,14.071734259067359,14.222947585492228,13.5202503626943,13.733728,54082554.714932464
2008-12-05,13.546934753063725,14.587638210784313,13.49356534497549,14.516479,64288627.56595453
2008-12-08,14.685479425734776,15.405966302466766,14.543161030330927,15.15691,55915976.128162004
2008-12-09,14.89006508086983,15.717290918695936,14.765536460121817,15.067964,49931300.633144595
2008-12-10,15.245861445521992,15.646132933072625,15.023488891043986,15.468234,41366390.837182835
2008-12-11,15.379286654938921,15.379286654938921,14.587639476770319,14.641008,41409674.33161023
2008-12-12,14.329689955404811,15.067966921556827,14.294109453087886,14.979017,37124293.80379233
2008-12-15,14.587637605614734,14.801114339621439,14.347474389690738,14.632113,41798441.70006751
2008-12-16,14.774431424521946,15.477127712796758,14.685481525188191,15.361494,64438828.60612385
2008-12-17,15.094647857224256,15.156913950422103,14.836696587813622,14.890066,43802056.350858346
2008-12-18,14.970115900053225,15.094643603908935,14.534265823343418,14.774429,50894223.00312926
2008-12-19,15.512710325220848,16.15314239408648,14.774433442671741,15.815137,101322980.2641482
2008-12-22,15.82403123880525,15.82403123880525,15.27254643607306,15.583868,36805914.93716451
2008-12-23,15.592761490805694,15.797343313141235,15.192490078178617,15.388177,29918041.194106355
2008-12-24,15.432653703810624,15.521603606002829,15.28144038221709,15.405969,9372897.738532383
2008-12-26,15.477130292598964,15.530498817910784,15.352601658060815,15.503815,10675777.542495187
2008-12-29,15.405972924853247,15.477132153143561,15.139125818764564,15.317023,23864114.8983781
2008-12-30,15.432653738081887,15.886294593360013,15.34370472518228,15.859609,27541958.2538258
2008-12-31,15.84181932539983,16.001928448392555,15.726186490693738,15.770661,26312263.322380718
2009-01-02,15.690604722677188,16.437777307984792,15.672816699376046,16.375513,31291635.016258724
2009-01-05,16.179827911049088,16.233196434494197,15.886296139904811,16.090878,31826544.580103084
2009-01-06,16.1620419843416,16.633472827145287,16.037514206919152,16.357729,33565957.9727357
2009-01-07,16.06419004535411,16.233194050991504,15.54828668555241,15.6995,43435784.8976082
2009-01-08,15.566078287963775,15.717291619903996,15.397074262775696,15.672818,39515556.752378546
2009-01-09,15.752866715183542,15.752866715183542,15.343702212344343,15.441547,36007600.53564581
2009-01-12,15.486026403286006,15.53939493276164,14.979016923109496,15.165809,38870799.798731476
2009-01-13,15.121332270789516,15.40596911353379,15.041278158767689,15.24586,36853022.605454855
2009-01-14,15.005697922149148,15.050171534830593,14.39194890269261,14.552058,44934061.145743094
2009-01-15,14.525376057146033,14.836697650532509,14.116210534409527,14.703275,50706119.766011305
2009-01-16,14.890066658781784,15.174702646878771,14.596534878769958,15.04128,43002495.33284401
2009-01-20,15.032382049689438,15.103541254658383,14.276314607404347,14.32079,38286206.2777263
2009-01-21,14.587637737574761,15.050172592668597,14.45421422168231,15.023487,63120207.43620972
2009-01-22,14.61432514054054,15.059070275675676,14.596535335135135,14.810013,41204273.08200202
2009-01-23,14.614324528943712,15.139123766440777,14.578744030131643,14.925647,38631677.69963338
2009-01-26,14.961225260685453,15.44155086127971,14.925646541945728,15.085753,31355038.897296008
2009-01-27,15.139123651671087,15.503814644455174,15.103544042618982,15.370392,30780776.66328874
2009-01-28,15.75287336387287,16.019721360986548,15.5127127459926,15.868508,36658744.728868015
2009-01-29,15.717288199545198,15.89518708789818,15.352597301876067,15.646129,30959988.505783122
2009-01-30,15.672815003572014,15.797342716577543,14.934538288777006,14.970117,37703627.16604018
2009-02-02,14.765535964497044,15.210281023668642,14.685481853846158,15.032383,28630222.500318144
2009-02-03,14.987911826270489,15.174703903160992,14.67659021563579,15.165809,35065811.77498016
2009-02-04,15.25475647906778,15.681710872956765,15.165806572206948,15.308125,29875653.251191765
2009-02-05,14.996805457208431,15.743977215030693,14.890065745172205,15.672818,39801226.00816266
2009-02-06,15.735076616539153,16.073081876075786,15.548282855218856,15.984132,33242649.674752437
2009-02-09,15.96635473250176,16.090882508082135,15.85072008258837,16.055302,26211185.979896232
2009-02-10,15.85071362457338,16.090875952218433,15.334809365187713,15.637236,50292296.54140923
2009-02-11,15.699502356713614,16.019718835377464,15.628343139232761,15.832925,32195857.13707985
2009-02-12,15.610557,15.663928207662975,15.06796958738043,15.610557,47861670.30603072
2009-02-13,15.574977893621776,15.975247709564202,15.503818657100373,15.76177,30905109.54735414
2009-02-17,15.254757028582372,15.423760167674539,14.952329469137766,15.085753,46126983.450577505
2009-02-18,15.183594696055685,15.574970306264504,15.121330394431556,15.334808,46462466.04456997
2009-02-19,15.42375690909091,15.450442499115686,14.943431409975224,14.970117,36895523.66223991
2009-02-20,14.801114207195605,14.89895900657965,14.534268069702177,14.729955,52232172.70792749
2009-02-23,14.694378549810846,14.836696986128626,14.071735390920557,14.107315,36360601.857972264
2009-02-24,14.027259708195883,14.676587519672294,14.009469905141735,14.623219,42381469.75012136
2009-02-25,14.569849748440769,14.73885378940887,14.240739237684734,14.445322,37627955.126233935
2009-02-26,14.560958206347147,14.560958206347147,14.036158,14.036158,40732200.50671986
2009-02-27,13.787097393822396,14.080629144787647,13.707043279922782,13.822677,58799189.33213877
2009-03-02,13.52914490131579,13.956100164473684,13.466880592105264,13.52025,53222175.62545071
2009-03-03,13.69815020652898,13.742624720186543,13.315669389073951,13.351249,43989800.8793035
2009-03-04,13.698150735294117,13.769309959893047,13.208931066176469,13.306775,80109360.83310945
2009-03-05,13.288985021335169,13.591411721954575,12.915399097040606,12.924294,75438034.91316432
2009-03-06,12.986553697304767,13.217821091914304,12.577388306841742,12.87092,59508708.62378136
2009-03-09,12.728605516245489,13.075506714801445,12.274965487364623,12.31944,67493375.91643776
2009-03-10,12.604076023194168,13.511356019218026,12.452862690523526,13.422407,66269308.552482426
2009-03-11,13.591409590612777,13.751517818774447,13.102190004563234,13.644779,52346841.235024765
2009-03-12,13.653674740882918,13.947206510556622,13.41351238387716,13.902732,30826533.734520666
2009-03-13,13.920520109254499,13.964994614395884,13.591408771208224,13.840466,34702241.0950614
2009-03-16,13.822676685906039,14.053944120805369,13.191138690604026,13.253403,44838833.46790255
2009-03-17,13.280087638961039,13.876046025974025,13.031030402597404,13.698148,58580076.66437828
2009-03-18,13.47577283006949,14.311893388502844,13.404613633607077,14.080626,65791973.95058998
2009-03-19,15.619448373638727,16.090879109909093,15.432656304970855,15.450447,126616785.94958448
2009-03-20,15.566077046783624,15.75286908185491,15.121331988304092,15.210281,84398576.85732435
2009-03-23,15.423751374246576,16.233187,15.352592198356167,16.233187,51769346.03168188
2009-03-24,15.921871099944164,16.206507012240873,15.743973988317476,15.930766,36232110.30781571
2009-03-25,16.03750947655489,16.31325055389718,15.743977705410614,16.090878,39027073.476040274
2009-03-26,16.233198166488222,16.615679,16.170933844753748,16.615679,38466973.2726541
2009-03-27,16.411094565225874,16.411094565225874,15.94855878622987,16.019718,38485866.48029634
2009-03-30,15.708395,15.7439754931141,15.343704062853906,15.708395,37261685.48728244
2009-03-31,15.948563340343108,16.35772804686818,15.850719393469838,16.073092,38880013.75217662
2009-04-01,15.886295942235092,16.6156770204521,15.77066132615716,16.526728,41749644.6967603
2009-04-02,16.838049924548354,17.167160417629862,16.588992662061635,16.740206,51784155.463797756
2009-04-03,16.79356738456053,17.300578375203816,16.78467426508998,17.15826,46056624.73740927
2009-04-06,16.944224963672163,17.042324,16.667767448171457,17.042324,32857206.58180774
2009-04-07,16.75695847341152,16.819384605966743,16.37348365914371,16.534008,32573602.060020775
2009-04-08,16.667777111511036,16.730202347872915,16.34672756058158,16.56076,28618914.10780665
2009-04-09,16.79261874031299,17.122586118248975,16.756947579559206,17.042324,28937050.88614088
2009-04-13,16.828301435784017,17.149349203008875,16.81938341747772,16.997742,24381201.353497427
2009-04-14,16.739111969840383,16.953144301900146,16.596424640268594,16.828293,34317506.74916345
2009-04-15,16.66778109621302,16.71237030661646,16.150535910629372,16.5786,31790126.72963941
2009-04-16,16.774791433015697,17.202858092531756,16.56967790510949,17.104759,33961356.83642195
2009-04-17,17.15826722131517,17.345546497549236,16.70344828769403,16.997742,36835649.88513769
2009-04-20,15.838401972369821,17.01558049734325,15.81164791498406,16.783712,94258039.58027878
2009-04-21,16.74803769016136,17.702264667062746,16.623183662054654,17.416889,75099426.82495134
2009-04-22,17.4079733250646,17.61308776485788,17.024498502842377,17.256367,44892368.42262337
2009-04-23,17.30095844512195,17.577416167649236,17.069089038076065,17.550663,40529849.385177076
2009-04-24,17.613085037236733,17.996559800072774,17.523904859833003,17.648758,48183577.618901
2009-04-27,17.470397672230654,18.08574182048164,17.407971544764795,17.630922,32955416.00150009
2009-04-28,17.45255375886525,17.77360226950355,17.399045673758867,17.60416,28091231.39076218
2009-04-29,17.345539669862706,17.657668404116887,17.30986671887755,17.479309,31745630.21913509
2009-04-30,17.613088805584283,17.78253207070579,16.979910302350053,17.24745,55412414.35690493
2009-05-01,17.2563680196484,17.336631088285937,17.05125445953723,17.24745,22877500.616033092
2009-05-04,17.30095466003978,17.336627623305564,16.908560982134,16.917479,43268022.75998097
2009-05-05,17.095836252498685,17.113673175862594,16.649935463440293,16.953148,32929410.219270196
2009-05-06,17.0780050565585,17.113678021585518,16.667777106270673,16.997742,30399466.640316114
2009-05-07,16.935309835504885,17.07799807003257,16.22186955466791,16.426983,60721026.00946261
2009-05-08,16.58750944323144,16.74803461996752,16.159445575207695,16.337805,46115527.024591126
2009-05-11,16.186206076842996,16.792631428482295,16.088108749997453,16.551844,35997116.448034436
2009-05-12,16.62318040869795,16.64993534765698,16.123772420227006,16.391312,37788787.39541411
2009-05-13,16.186206159380184,16.355648537908134,16.025680908972774,16.114862,32682142.732590575
2009-05-14,16.2664605474789,16.569673079613924,16.141608328364484,16.462656,29426613.52805404
2009-05-15,16.578589249185665,16.71235946905537,16.364556897394138,16.426983,25660980.473407686
2009-05-18,16.667778454169763,16.89072892985687,16.47158025196131,16.872892,25738227.210842103
2009-05-19,16.756956462015573,17.131511428783995,16.739119534481787,16.917479,26254937.309855685
2009-05-20,17.015577352926222,17.30095391230444,16.837216111513094,16.890726,32611059.64791566
2009-05-21,16.730202347872915,16.792628476036615,16.364563597199783,16.56076,29469775.783237003
2009-05-22,16.569680861126006,17.024499872922256,16.44482947518,16.632107,27336337.482677326
2009-05-26,16.462663892676247,17.122599150847616,16.302141317601677,17.006664,31751330.713654365
2009-05-27,16.92640197998947,17.345549812286468,16.863975839915746,16.93532,30985801.744519733
2009-05-28,16.953148570179522,17.274198040900888,16.79262428071964,17.131508,28693489.412087947
2009-05-29,17.193934417069524,17.47931001531394,17.08691734150077,17.470392,47796733.353206955
2009-06-01,17.61308965863454,17.853876200803214,17.47931935742972,17.764696,35452151.615766466
2009-06-02,17.630923888452088,18.22843206428349,17.630923888452088,18.148169,34770613.77376418
2009-06-03,18.050069813176005,18.290856317600788,17.91629953294002,18.13925,30290921.068952683
2009-06-04,18.13924763516508,18.43354221331673,18.06790349500711,18.380035,33922113.21968647
2009-06-05,18.567311077127528,18.638655211909956,18.29085255484561,18.469212,29885568.119960938
2009-06-08,18.37111860224636,18.79026548297722,18.308693362875548,18.611906,39118105.73756389
2009-06-09,18.683244827008863,18.906195231963604,18.576227740828966,18.718916,26676336.386145435
2009-06-10,18.781345694504825,18.897281716295566,18.21951143201543,18.49597,37307503.52644387
2009-06-11,18.424626585261386,18.906200485584122,18.424626585261386,18.674332,29236987.436744723
2009-06-12,18.594069,18.72783928057554,17.36338152690317,18.594069,25963950.9243512
2009-06-15,18.406788766298554,18.41570767634558,17.836036490407345,18.032232,45502373.82820386
2009-06-16,17.996559981891316,18.076822142365558,17.550659090367745,17.559578,46435094.420315795
2009-06-17,17.586331806977846,17.987643536226507,17.56849755336171,17.78253,37367268.961402
2009-06-18,17.987640861728394,18.246262471161234,17.818198533333334,18.058985,38788330.29652553
2009-06-19,18.210585651500484,18.656486377541142,18.165996470697866,18.424618,57291788.30193386
2009-06-22,18.210593723114357,18.50488833274353,17.7736108179074,17.809282,43566292.3495456
2009-06-23,18.023310782918433,18.023310782918433,17.59524687492467,17.7201,44114292.99728557
2009-06-24,18.602987158029492,19.39668989887112,18.531643011275023,18.959707,111479698.9215076
2009-06-25,18.950781331520172,19.36100911795396,18.84376426278776,19.289665,55529174.84461239
2009-06-26,19.209411428524955,19.209411428524955,18.86160783898305,18.94187,41526604.28986155
2009-06-29,19.031046739534887,19.361012450058837,18.924029652384423,19.173735,31422010.369914886
2009-06-30,19.173730112044815,19.39668046218487,18.977534695722966,19.102386,36005325.826836504
2009-07-01,19.289672905806256,19.619640478380866,19.28075667101067,19.387772,31587398.3869833
2009-07-02,19.02213668858666,19.031054708600063,18.602990639758765,18.763515,30744268.300358433
2009-07-06,18.656492435413643,18.76350953621393,18.28193570391872,18.433542,41723511.24922167
2009-07-07,18.433547995540142,18.53164711083077,17.94305776989916,17.996565,39854921.53641542
2009-07-08,18.023310513157025,18.540557255438017,17.648755602545457,18.34436,62543952.25562516
2009-07-09,18.31760422743145,18.52271768651575,17.996554786417324,18.121407,35778140.185251616
2009-07-10,18.01439243889771,18.397865326841682,18.005474423280333,18.273014,25129357.204016805
2009-07-13,18.344539215470036,18.53227572790906,17.98694675242672,18.523335,29668336.37015149
2009-07-14,18.45180883029277,18.523327472634925,18.129976727719132,18.442869,24682571.455352202
2009-07-15,18.61272961227336,19.247458557395536,18.568030453742445,19.229578,36140277.64935871
2009-07-16,19.28321707177528,19.462013706654975,19.07760094166363,19.345795,27293019.263385143
2009-07-17,19.390495735749493,19.435194,19.13123972401104,19.435194,23596417.509390436
2009-07-20,19.39943569640065,19.515652614597858,19.077600860994885,19.229578,31409204.247747924
2009-07-21,19.64080943296621,19.667629822161423,19.158059413132694,19.605051,40713406.101315424
2009-07-22,19.52459248551724,19.64975012965517,19.336855125327173,19.444134,29251669.166649442
2009-07-23,19.354736344381244,20.02522374661154,19.30109735220282,19.846428,37132241.28773198
2009-07-24,19.613999321211466,20.096749527989253,19.587178921630095,19.962652,27543796.335276492
2009-07-27,19.926887703810372,19.944765580993995,19.44413585077343,19.649752,26598484.70352196
2009-07-28,19.542472301357243,19.953703651079138,19.417312874002477,19.882185,29503129.158088002
2009-07-29,19.783850105107998,19.917949391938798,19.515656001363016,19.676573,23520013.622290835
2009-07-30,19.882192240388086,20.087807543135256,19.587177697252834,19.792793,32284489.770503838
2009-07-31,19.810670393613666,20.043106057076642,19.730211894722636,19.78385,27283618.638884746
2009-08-03,19.953703556668323,20.00734165074075,19.667628953705336,19.935823,26897822.876627665
2009-08-04,19.88219312024637,19.917953354374202,19.381562358225782,19.569298,32142651.272672124
2009-08-05,19.51565457762805,19.53353424283889,18.934565458275866,19.167002,40271223.84616018
2009-08-06,19.149123397884182,19.61399563486005,18.85410889175431,18.961386,31360762.97186292
2009-08-07,19.158056,19.524589035930937,19.10441791311507,19.158056,28592713.269028965
2009-08-10,18.9613867704872,19.140184342117646,18.80047154857162,18.997147,21836647.36604923
2009-08-11,18.84516646028353,19.14018092574338,18.80046819283345,19.023964,28921795.365865912
2009-08-12,19.041838810854195,19.757026172624595,18.997140550600573,19.560349,38032151.36907323
2009-08-13,19.613989739822102,19.694448217311873,19.46201172169168,19.658688,28792826.713562973
2009-08-14,19.56929117656745,19.73914887701042,19.363675936415117,19.63187,27131047.00394308
2009-08-17,19.354740852803737,19.444139193925235,19.10442639164696,19.131245,22191015.79641053
2009-08-18,19.175941074706117,19.631870731596017,19.050781635210473,19.292158,18031770.110943522
2009-08-19,19.05972183380524,19.524593098044395,18.952444743733256,19.470955,24896888.429838184
2009-08-20,19.417314901034285,19.712329367533165,19.318978533501117,19.613993,23690153.51329023
2009-08-21,19.792785706071744,19.792785706071744,19.43519334621468,19.765968,33159685.96348026
2009-08-24,19.783853247145565,20.105688189516126,19.703396523015723,19.953711,24853591.595067207
2009-08-25,20.105686684210525,20.159324794275708,19.84643239195911,19.873251,34229270.8928197
2009-08-26,19.819607609927587,19.90006609819522,19.66763046542205,19.846428,21006323.091455046
2009-08-27,19.810667,19.855365264410334,19.47095429019255,19.810667,22385544.514982764
2009-08-28,19.935823749518637,20.212960319524683,19.757028009927797,19.810667,26807216.132601693
2009-08-31,19.66762786415118,19.83748554423375,19.42625243127296,19.560349,29555257.198023412
2009-09-01,19.462014956608254,19.944765007805017,19.372616633426777,19.613993,38994243.69429518
2009-09-02,19.51565399402848,19.69445153477331,19.38155650895728,19.462015,23528964.755191073
2009-09-03,19.28321572510277,19.310035218461746,18.97032074193162,19.274275,31988411.880752973
2009-09-04,19.28321761416557,19.757028709923926,19.256399012162447,19.64081,19946459.854160804
2009-09-08,19.774906728302362,19.774906728302362,19.462011754662328,19.560349,27441794.390657347
2009-09-09,19.640806435501865,20.186136982238008,19.56034796214485,20.132498,34715535.64788632
2009-09-10,20.177204163884007,20.38281943993581,20.078865101622977,20.347061,26350714.53317017
2009-09-11,20.400698774247648,20.516917496480378,20.26660128011368,20.436459,25281456.76318975
2009-09-14,20.36494078680637,20.499037389922417,20.204022896303826,20.3113,26921978.993575007
2009-09-15,20.320238826125333,20.454335416696384,20.20402100617829,20.25766,27731057.09149033
2009-09-16,20.204023054858702,20.212963782052135,19.649753395831603,19.78385,96620482.69790258
2009-09-17,19.149124658921938,19.453079018587363,19.059726317843868,19.238523,103084015.75318436
2009-09-18,19.41732156589979,19.551420884667166,19.28322492908303,19.327925,78406812.84175098
2009-09-21,19.274274275233424,19.50671076958739,19.220636184515527,19.283215,28509935.609803658
2009-09-22,19.301103023820644,19.408380145717608,19.086546992059787,19.140186,38210214.51933644
2009-09-23,19.19382031821838,19.19382031821838,18.818347336889794,18.889866,45501745.3973575
2009-09-24,18.91668316863486,19.08653996457251,18.827283961000333,18.925623,31759883.201731324
2009-09-25,18.863048103401336,18.952447329628267,18.62167260634359,18.648493,39312142.763728954
2009-09-28,18.657428953028955,19.07760013320737,18.62166873358526,18.925623,31745005.96360817
2009-09-29,18.880926,19.11335984307359,18.86304544209065,18.880926,26041764.650785666
2009-09-30,18.925625473608445,18.952445865192466,18.4607541818618,18.630611,49557863.45386097
2009-10-01,18.53227291098856,18.55015257612217,17.96906345927979,18.2015,51370984.47516964
2009-10-02,18.10316150442478,18.451814091267455,18.09422167158309,18.18362,46623354.97552192
2009-10-05,18.29090184612942,18.487579113662537,18.02270768527257,18.228323,38559659.521520436
2009-10-06,18.299834390834985,18.41605309561572,18.147857253638154,18.362415,41614542.27032229
2009-10-07,18.344533843461353,18.728947483676862,18.299833792939577,18.389233,46705579.29196938
2009-10-08,18.460752418786175,18.827284623674792,18.407113428707376,18.594849,52176038.286489986
2009-10-09,18.585892,18.845772774633176,18.514200999035683,18.585892,44427668.14743139
2009-10-12,18.576930271087367,18.74719639513496,18.460432396739016,18.567968,36156170.43281742
2009-10-13,18.59485200860832,18.80096362123386,18.50523826398852,18.738234,31080388.525407467
2009-10-14,18.97123335152273,19.266958765127004,18.92642736681121,18.989157,46003425.38773049
2009-10-15,18.86369594720197,19.105654,18.80992858630394,19.105654,33880175.78461329
2009-10-16,18.998115916683812,19.741910042488218,18.980192270526928,19.544758,72591092.24828468
2009-10-19,19.73294897769848,20.154133628902763,19.598529240472967,20.091404,57689134.51742846
2009-10-20,19.921136603824397,20.019711728719617,19.625411229138745,19.885292,40061151.3725974
2009-10-21,19.804635719263022,20.073476928121792,19.71502198297676,19.741907,34891414.30295969
2009-10-22,19.670219000228617,19.94802072879582,19.562681604205423,19.885292,30179408.883958053
2009-10-23,19.948019761814958,20.136207731355,19.670218046714197,19.75983,35237786.12579663
2009-10-26,19.83151732441751,20.055551646836793,19.580599779445205,19.706059,31441499.337843247
2009-10-27,19.598524,19.921132537671127,19.535792595595954,19.598524,31992530.03285859
2009-10-28,19.078765418614573,19.26695336934053,18.70238772488792,19.087725,34063527.710840344
2009-10-29,19.19526797504578,19.24007396026914,18.998118593195073,19.222153,35945371.583089575
2009-10-30,19.105651247393364,19.365532015094832,18.863693229454928,18.908501,41401905.94696005
2009-11-02,18.872654978684682,19.016036979633,18.639659227143667,18.89954,31141314.603424214
2009-11-03,18.818888023881666,18.872655379240946,18.505239890150303,18.720312,23038874.531257812
2009-11-04,18.65758598755981,18.998119192788376,18.505242586124403,18.729277,36153262.61659753
2009-11-05,18.980194733583488,19.284881523452157,18.917465996512853,19.105654,24615415.72981485
2009-11-06,18.971236557889824,19.33865304295051,18.91746918792115,19.195271,25660228.605264287
2009-11-09,19.3655296725918,19.598525391327485,19.266953664681633,19.562679,25306499.32966747
2009-11-10,19.39241301177147,19.60748599411427,19.356568410851764,19.535795,25316541.114037078
2009-11-11,19.56268037899543,19.759829720300914,19.490989383561644,19.62541,21746887.326175608
2009-11-12,19.72398298348535,19.831518568857238,19.66125426540897,19.750868,27122070.194844093
2009-11-13,19.759831225617187,20.037635646361323,19.67021926677314,20.019712,27518879.292569246
2009-11-16,20.037634294297767,20.512585350905916,19.9838642549795,20.458818,37252097.84846807
2009-11-17,20.35127963330472,20.431932,20.252705414592345,20.431932,29154680.71611632
2009-11-18,20.30647365905586,20.449855644291915,20.19893806626623,20.431932,16546123.253170576
2009-11-19,20.333359019110095,20.351279975290932,19.921134908491958,20.064516,19697648.542740826
2009-11-20,19.95698237421665,20.06451797942202,19.87632999820949,20.019712,27332747.144414466
2009-11-23,20.23478524955752,20.360243606517344,20.118288267818933,20.252708,25346109.764679376
2009-11-24,20.342326909792906,20.342326909792906,19.79568201064508,19.840488,27041156.435638074
2009-11-25,20.019712244247785,20.360243606517344,19.89425388728796,20.252708,26919417.393466596
2009-11-27,19.85840461747397,19.98386295628452,19.715022634676323,19.795675,14025862.669497252
2009-11-30,19.723986375000003,19.849445624999998,19.5357966038625,19.786716,29338912.834246974
2009-12-01,19.858404633760937,20.225820964981242,19.786713642303315,20.109324,31745020.590841338
2009-12-02,20.1899780254402,20.387127372021183,20.08244063327449,20.306475,23613341.458820403
2009-12-03,20.30647664692918,20.53051103182469,20.252708394554258,20.288553,25099383.751394197
2009-12-04,20.440894354848098,20.611161366622866,20.207898617660184,20.458818,31037872.569177747
2009-12-07,20.360240071834166,20.512583424147333,20.02867014234876,20.145168,26935714.21196388
2009-12-08,19.992825074195757,20.037633737762256,19.616447355345915,19.634371,31136630.605584458
2009-12-09,19.706060598357148,19.73294471922803,19.374490670420286,19.670216,31859401.470243134
2009-12-10,20.010752228419655,20.31543900664011,19.921138470119523,20.243748,38919581.83830386
2009-12-11,20.34232000753692,20.48570199246308,20.15413025618392,20.414011,29841294.23374466
2009-12-14,20.575311938496434,21.005459643690244,20.530505968704674,20.88896,36036776.20647941
2009-12-15,20.70973702437578,21.023383334432516,20.664928360339253,20.754543,27511070.323254045
2009-12-16,20.92481476968794,21.023389018075562,20.68285759676221,20.718704,33518398.739472315
2009-12-17,20.6738869787538,20.781424348122567,20.405045795675075,20.50362,40141840.905527905
2009-12-18,21.516251757189814,22.170431839769925,21.489367644207068,21.811977,98474217.90331064
2009-12-21,21.856796597517683,22.018102272206306,21.704453195552887,21.892643,30057324.05173738
2009-12-22,21.964328768369942,22.07186436559049,21.722371658314458,21.919521,26611096.481205042
2009-12-23,21.919520004792638,22.179400748079257,21.82990805667117,22.161478,21489784.841967672
2009-12-24,22.15251956909208,22.367592583317613,22.10771358726599,22.358633,8684715.777690882
2009-12-28,22.2510996151822,22.394481650559936,22.152523569722288,22.376558,17773495.77502045
2009-12-29,22.412395,22.502009630643542,22.322781265493802,22.412395,18093320.281031992
2009-12-30,22.331748624147618,22.448245614091057,22.134599251532695,22.34071,20864430.09197111
2009-12-31,22.349670378825262,22.358631753918562,21.937446228396,21.982254,19767167.22107296
2010-01-04,22.098751866398388,22.573705661529896,22.098751866398388,22.269018,29900543.885680098
2010-01-05,22.152515364942385,22.26901412167607,21.82094542707494,22.24213,31992750.60437108
2010-01-06,22.197324503978923,22.331745120676416,21.847830004428005,21.919521,27407291.310759027
2010-01-07,21.91952300212022,22.05394542337069,21.578991638186693,21.847832,34001142.79212235
2010-01-08,21.758214969070867,22.179398612236632,21.731329953403566,22.116669,26270973.807131622
2010-01-11,22.125635,22.224208329289453,21.838871009994488,22.125635,21204782.371326294
2010-01-12,22.009134,22.05394266299172,21.78509964641554,22.009134,29241720.723559592
2010-01-13,22.071869598292604,22.394480050987095,22.000178585724417,22.224213,27799635.248622753
2010-01-14,22.565430041278614,22.969507498026836,22.493594208603,22.754,49763688.49433067
2010-01-15,22.870727073526155,23.02337818287639,22.439713074484946,22.6642,47103188.64111682
2010-01-19,22.736038521910782,22.89766912751678,22.556449858074142,22.745018,25315725.22826757
2010-01-20,22.49359552039188,22.565431357256838,22.00870451950138,22.502575,44514272.25677506
2010-01-21,22.61930915127052,22.933590925334155,22.08053949778494,22.296047,46501694.35864572
2010-01-22,22.394821745981034,22.493594220064512,21.649524981591803,21.685442,37509414.14982457
2010-01-25,21.766252117925422,21.79319054876444,21.38911408617919,21.577684,29363180.235960446
2010-01-26,21.487895297231795,21.66748399641905,21.28136815847425,21.442997,32012990.12698645
2010-01-27,21.460954016724475,21.59564529879789,21.13769368262126,21.425037,32094624.939004775
2010-01-28,21.622582030787473,21.71237680666284,20.913204199319864,21.074833,45933295.78242921
2010-01-29,21.236468167236257,21.398098791764905,20.634843064824068,20.706678,55635520.96778634
2010-02-01,20.976065511904242,20.994022675438057,20.527091526160316,20.850351,32933756.67523295
2010-02-02,20.949121459175082,21.416054299242425,20.868306159932658,21.335239,35804532.398254365
2010-02-03,21.326262,21.407077308631578,21.11973398905263,21.326262,25726549.03142426
2010-02-04,21.20055095287867,21.353202096857416,20.742596622994522,20.751577,37034331.04167938
2010-02-05,20.967080344674326,21.254423629911834,20.715654970091506,21.146669,51138386.57428269
2010-02-08,21.137699202545924,21.236472595740803,20.742601140025904,20.760561,36671607.13668576
2010-02-09,21.074833191375927,21.29932013310285,20.877285580604,21.110752,37957775.781743824
2010-02-10,21.11075526435503,21.20055095287867,20.580965999958202,20.751577,44701034.149799794
2010-02-11,20.706679191987796,21.110756674518203,20.500152057815843,20.967085,31359278.125690814
2010-02-12,20.751574557922172,21.10177330200769,20.62586007001461,21.020958,37482913.81391847
2010-02-16,21.272384061004622,21.41605480957811,21.047897113315123,21.380136,24035027.67324773
2010-02-17,21.50585090208346,21.802173678758397,21.4968714240024,21.712378,29118841.61191372
2010-02-18,21.649523284163173,22.06257839192496,21.604624096342537,22.017681,35279443.461825065
2010-02-19,21.918906303865132,22.03564041850703,21.71237830509868,21.838091,28889206.478716478
2010-02-22,22.080534399860312,22.430734010106168,21.945843140021164,22.278082,41296168.17633583
2010-02-23,22.278087928032434,22.34992376463374,21.891970306300408,21.981766,27950728.98146582
2010-02-24,22.11645639313,22.296046875252323,21.963805246581753,22.24217,27318288.09868821
2010-02-25,21.954822952438203,22.35889853402097,21.73931370079314,22.331961,32457568.466342922
2010-02-26,22.412773891504624,22.412773891504624,22.035637650077526,22.134411,23440897.297877047
2010-03-01,22.08951829426031,22.367882142683914,22.035642318319766,22.215231,21988246.802385263
2010-03-02,22.260127945140685,22.403799600144755,22.017681129373475,22.071558,26209762.808769546
2010-03-03,22.008704479591838,22.17033601019286,21.909930204081633,21.999725,23081961.251788374
2010-03-04,21.97277926966135,22.322980667737678,21.80217100295577,22.233185,23303695.80426736
2010-03-05,22.322987681796207,22.44869950105413,22.305027824247382,22.403803,21507816.075373452
2010-03-08,22.42175409307433,22.42175409307433,22.16135014731376,22.17931,18757884.570962757
2010-03-09,22.089519473051425,22.538493446080924,22.053600657261118,22.340944,24317445.232582834
2010-03-10,22.260125181416804,22.46665226189577,22.16135003291717,22.331961,25720762.09948154
2010-03-11,22.269106718166178,22.673184165600006,22.269106718166178,22.574409,26966598.318715677
2010-03-12,22.55644713493158,22.619303473967765,22.206246633782303,22.493589,39361646.54094551
2010-03-15,22.376860869586203,22.78991599090036,22.3409420569199,22.700123,24528484.09787471
2010-03-16,22.789913118312224,22.81685244890331,22.35889909396664,22.637262,28373922.496532485
2010-03-17,22.6552263936092,23.077262820887153,22.574410181534244,22.870733,33754072.844565146
2010-03-18,22.834819301214313,22.98747047231956,22.691147610762314,22.789921,32502770.624531783
2010-03-19,22.94256642668228,23.1041979359191,22.403799518281364,22.619307,51095395.44606738
2010-03-22,22.61930906458752,23.077262505039535,22.592369728965952,22.951548,27780564.302438337
2010-03-23,23.050316744901888,23.346639476721815,22.93358444546595,23.33766,28770273.36930952
2010-03-24,23.32868452173913,23.34664347826087,23.07726002838261,23.131136,32114338.007437248
2010-03-25,23.301747693195676,23.571131151262247,23.09521789102224,23.382563,60527902.36685772
2010-03-26,23.07726047843599,23.346643933567773,22.780937690048393,23.068281,65217819.07209297
2010-03-29,23.032361826359015,23.21195139225655,22.81685434728197,22.960526,32268355.7423728
2010-03-30,22.87971222867219,22.96950701763872,22.64624487941132,22.93359,33208385.85757398
2010-03-31,22.745023645858563,23.158080638441216,22.7180843069561,23.086243,30287276.141189367
2010-04-01,23.149091040488493,23.30174213917864,22.619301933269753,22.861746,29581568.942166533
2010-04-05,22.90665463682565,23.11318268725567,22.76298294956998,22.969511,21593899.669871073
2010-04-06,22.780940832907316,23.29277117437073,22.718082679287804,23.193996,29999065.620257933
2010-04-07,23.13113483288306,23.33766282246237,23.12215535507526,23.265827,33223758.261419203
2010-04-08,23.238892500426015,23.418482991869915,23.09522082562927,23.193996,31478550.00923515
2010-04-09,23.167054202207318,23.47235647872099,23.032362919340333,23.463377,21898487.21845538
2010-04-12,23.445385474934106,23.64331455755826,23.256455786013138,23.571341,27536001.654437054
2010-04-13,23.40040337419355,23.958197556877003,23.391406679316887,23.706291,37717184.43851043
2010-04-14,23.69728812954087,23.841235210054407,23.57133533376078,23.733274,31033626.96946068
2010-04-15,23.652311252253046,23.75127399422618,23.517359032492365,23.571341,26485504.741889738
2010-04-16,23.47237079566972,23.724279086016914,23.3104303302339,23.346418,47005385.46381291
2010-04-19,23.373414498151416,23.66130784942139,23.274451749060493,23.562346,30098607.28973252
2010-04-20,23.733275037615606,23.760266016061188,23.409394991969407,23.526352,26346792.311872233
2010-04-21,23.499364211218857,23.68829387416151,23.373409603141514,23.652308,26984136.02075535
2010-04-22,23.51735317578807,23.670296947510632,23.26544758640705,23.607321,30317586.311466686
2010-04-23,23.5443484826284,23.859232776435046,23.535351788519637,23.823246,30543330.32534693
2010-04-26,23.84123798040189,23.94020250942386,23.616320640964133,23.814247,22319866.54541292
2010-04-27,23.69728995612009,23.859230434180137,23.301435454195534,23.373409,29161492.275260318
2010-04-28,23.409396194532246,23.490367334689974,23.19347645289921,23.26545,35368883.465409
2010-04-29,23.382404285036742,23.517353775623555,23.130495990222794,23.36441,20696605.58002107
2010-04-30,23.454380978183963,23.481371059861964,23.112507509931987,23.274448,28418661.68286354
2010-05-03,23.436387877723874,23.52635572087658,23.130500269880734,23.400402,21515680.3716449
2010-05-04,23.013542208792234,23.094512451121844,22.230828966603358,22.464743,53778312.55925341
2010-05-05,22.356782860594116,22.59969447947312,22.15885470823542,22.437754,37417747.6793622
2010-05-06,22.365777656674656,22.464739471305272,19.972657537059433,21.511091,62514087.26781919
2010-05-07,21.520093423323367,21.816984344297307,20.79136206242042,21.061262,70684738.12253037
2010-05-10,21.619052870930087,22.608687241728383,21.583065201437684,21.942932,43290576.166065685
2010-05-11,21.81697825270863,22.14086006664485,21.69102546349622,21.762999,32756261.739009406
2010-05-12,21.780994053989186,22.221833834628697,21.763002466336015,22.131866,30140295.44549023
2010-05-13,21.96992548267327,22.086881598267944,21.771999125741957,21.807985,25320747.056640033
2010-05-14,21.68203534558304,21.70002963558084,21.178221316060583,21.394142,31941284.522492185
2010-05-17,21.493096481543933,21.493096481543933,20.989282624684076,21.358147,24899373.90167789
2010-05-18,21.41212671450064,21.547078897962013,20.97128879303244,21.07925,33263558.523192238
2010-05-19,20.890323283585243,21.14223162387962,20.710390297093994,20.863335,33130502.13719427
2010-05-20,20.647411483561925,20.71938502808094,20.098612306935124,20.107609,44809020.05802878
2010-05-21,19.45084561627554,20.1166007083333,19.387866983904964,19.936666,70158799.47028254
2010-05-24,19.82871533464635,20.395506181530248,19.65777724157194,20.044636,36477175.48063232
2010-05-25,19.585801288927872,19.97266,19.459846683220423,19.97266,45765592.62381175
2010-05-26,20.080614331355545,20.3505159612848,19.56780294386125,19.71175,48148369.17067232
2010-05-27,20.107609058901687,20.341523978943005,20.035635514171837,20.314533,33213759.430256158
2010-05-28,20.224565763402747,20.557443402747012,20.044632803967037,20.305536,39879320.29964636
2010-06-01,20.170586352676292,20.548447470790656,19.927675633888484,19.97266,35942316.76382615
2010-06-02,20.06262739373288,20.395505982575354,19.70276052132334,20.368515,31535583.012723316
2010-06-03,20.431487101644265,20.647409513942428,20.27854513346957,20.548445,31771232.51905436
2010-06-04,20.278545180669866,20.65640445489044,19.828710569290084,19.909679,39008447.89638748
2010-06-07,19.909676926152173,20.053625786138028,19.513824308709523,19.522821,28518150.919731323
2010-06-08,19.477845351562497,19.59480329029453,19.162960115955467,19.576809,32848283.70139383
2010-06-09,19.58580407540371,19.873698301592466,19.324899932920154,19.378881,24673839.743290648
2010-06-10,19.68476401543135,20.00864587348442,19.549814515774123,19.97266,27808217.083663367
2010-06-11,19.81971624212348,20.467477260137628,19.78372856924951,20.413498,33545213.7688308
2010-06-14,20.71038797926893,20.764368139075884,20.386507020427192,20.413498,24807559.014070004
2010-06-15,20.503469492623466,20.90831988153793,20.38651155402967,20.872334,27014919.572698485
2010-06-16,20.746376765559187,20.89032387858766,20.584436263402157,20.854338,23010673.36685538
2010-06-17,20.79135867210104,20.854334624187256,20.620420603381017,20.755371,24872027.679004148
2010-06-18,20.92631327214167,20.92631327214167,20.665408208718006,20.872334,32833055.92651498
2010-06-21,21.0252793868935,21.286182670420096,20.674407344304896,20.773371,21703634.3788401
2010-06-22,20.908320240643082,21.133237627052754,20.584438304543614,20.593435,21238687.12976733
2010-06-23,20.66540016250013,20.70138782936508,20.35951264133611,20.404497,26158059.56892738
2010-06-24,20.233569696380272,20.422501215713737,19.918684430604248,19.990658,33694035.46829224
2010-06-25,20.81834737835362,20.91731190423654,20.296539167409225,20.386507,69563113.87723261
2010-06-28,20.548448150180484,20.55744484376638,20.143596039145923,20.197578,27391285.214648012
2010-06-29,19.81071872,19.882692266666666,19.41486421333333,19.567808,38046200.67817509
2010-06-30,19.468842471665447,19.75673664351513,19.243925149907884,19.306902,39238418.50434627
2010-07-01,19.306904752623193,19.504832923658142,19.108978380927073,19.387875,42591422.302949645
2010-07-02,19.53182475585039,19.819720807136328,19.33389835730646,19.639786,35328527.51043214
2010-07-06,19.79272777777778,20.43149218366389,19.79272777777778,20.080622,44063294.85212161
2010-07-07,20.422500756750587,20.800361987586445,20.332532897358167,20.773371,40752182.92688269
2010-07-08,20.81835044306746,20.998285235068266,20.656409939969244,20.890324,30384047.880942397
2010-07-09,20.917312776323804,21.04326558799574,20.81834824631484,21.025274,18071972.43939841
2010-07-12,20.926095291562373,21.16952773009101,20.83593726626622,21.079367,21419960.88818986
2010-07-13,21.187559265607728,21.512135543189775,21.1514944333446,21.376894,24631480.363438208
2010-07-14,21.50311825592656,21.809662562431097,21.38590958186414,21.584263,38577936.47074259
2010-07-15,21.485086,21.5481978766261,21.187558581619808,21.485086,28905003.26598646
2010-07-16,21.458038187357456,21.593279732711302,20.96216003437903,20.980192,33654678.184070006
2010-07-19,21.169526195845698,21.340829857566767,21.097398338278932,21.268702,21836999.64388988
2010-07-20,20.980192114130432,21.61131001269937,20.772825409959488,21.566231,42361105.37812565
2010-07-21,21.512138318072807,21.611312336997255,21.151497161707987,21.241657,42968133.85415272
2010-07-22,21.38591099745195,22.008014732538655,21.3678808344605,21.917854,36298315.62312169
2010-07-23,21.81868237914943,22.16128887265306,21.773601557142857,22.089161,33003052.945288416
2010-07-26,22.044078135529958,22.24242884912455,21.953917408844053,22.21538,30049969.566444505
2010-07-27,22.179316947496947,22.251444807488806,21.926869437525436,22.152269,26398232.253319062
2010-07-28,22.13424178644754,22.17030662725261,21.791635265583395,21.890812,23513903.87894702
2010-07-29,21.863760195621936,21.989983064225104,21.30476831170252,21.367882,44339810.093330726
2010-07-30,21.250675011449875,21.485090603430226,21.097403278231948,21.313786,53595590.18178657
2010-08-02,21.521156638067986,21.98998604488209,21.38591506275245,21.899828,29560830.64451465
2010-08-03,21.917853830242045,21.94490268091296,21.692454254636942,21.827694,18152319.00510883
2010-08-04,21.89982423642887,22.170302832584728,21.79163153572887,22.080143,22171292.278315406
2010-08-05,21.890812015192093,22.035067772118577,21.764586424684463,21.899828,20767115.73824233
2010-08-06,21.647376510146696,21.998999868703848,21.548200691066473,21.980967,37416106.40995458
2010-08-09,21.99899775762572,22.1703014286892,21.854742034624895,21.872774,22794409.34195178
2010-08-10,21.728523387051325,22.02605088571219,21.566235660509033,21.899828,31126272.501473527
2010-08-11,21.557217598478445,21.58426645189425,21.24165725901023,21.331818,28467552.929619033
2010-08-12,20.953145602739948,21.08838445331075,20.493330445364847,20.682667,37419434.14441184
2010-08-13,20.52037783230362,20.682666432048453,20.294978251544574,20.430218,33045092.519326027
2010-08-16,20.294979244497327,20.736762444399755,20.150723505753678,20.484314,21641232.627477784
2010-08-17,20.61053911723992,20.95314558755512,20.484313545443495,20.781841,24936824.774908055
2010-08-18,20.655619288436554,20.962162743611955,20.556442563104937,20.817907,21056159.872363728
2010-08-19,20.61053813898961,20.881016728695656,20.574473305217392,20.736761,29674856.164856214
2010-08-20,20.691684014109256,20.80889090356212,20.5293954018245,20.754795,24384914.811252046
2010-08-23,20.790851684216243,21.00723523237736,20.583485018826618,20.592501,20242056.465118054
2010-08-24,20.385139571388624,20.54742727419987,20.177770147933114,20.204819,25835672.865963314
2010-08-25,20.033516410622795,20.33104389545776,19.86221451042984,20.213837,20725302.078966994
2010-08-26,20.32202640631739,20.49332918022472,20.0064670040702,20.060562,20945802.76464837
2010-08-27,20.177764346735984,20.331036021991423,19.790078971344865,20.294973,23708124.765674736
2010-08-30,20.141706462306992,20.39415489342393,19.835163033605813,19.853195,25863291.324142035
2010-08-31,19.763037875457876,19.772053859890107,19.52862228021978,19.69091,46264942.35157238
2010-09-01,19.9704048443676,20.421204050786734,19.92532492372569,20.394157,32259817.215558358
2010-09-02,20.385135664498534,20.484309660679404,20.150719237099647,20.267927,20028656.31004098
2010-09-03,20.547432088771334,20.682671872802747,20.349079503926703,20.664639,23576901.00465825
2010-09-07,22.143252579028278,22.260462157162983,21.647374432811212,21.872774,126247358.65693122
2010-09-08,21.701471020773447,21.845726748373107,21.530166442650557,21.764582,60676134.98363993
2010-09-09,21.92687001726264,22.089157706535143,21.827693305553392,21.935886,28797415.385911465
2010-09-10,22.017026086108828,22.675192713580547,21.980961259717738,22.585032,49098039.38879962
2010-09-13,22.66618114674169,22.918629581097985,22.639135,22.639135,51926338.34361163
2010-09-14,22.576024353766364,23.062886577733906,22.576024353766364,22.882566,34673753.49155335
2010-09-15,22.783388803418806,23.252220816128208,22.693228974358977,23.20714,41663344.29834956
2010-09-16,23.15304151920183,23.180088563303645,22.72928946830361,22.864531,58730153.39571147
2010-09-17,23.838259680346468,24.911159841851493,23.80219484716157,24.775921,167454288.37943098
2010-09-20,24.658719208803205,24.857070880683885,24.37020858766617,24.784943,55157367.19668873
2010-09-21,24.640679087248323,24.66772793515526,24.072673116363312,24.180864,91763602.73975322
2010-09-22,24.03661198983044,24.64068288379842,24.01857912124797,24.523476,57641077.14457364
2010-09-23,24.30709145580972,24.784939499449134,24.30709145580972,24.451349,36738419.99978406
2010-09-24,24.739857982453525,24.793952978262354,24.108738277772193,24.307089,64481266.92027169
2010-09-27,24.216936136591606,24.451351741993623,24.14480825800637,24.29808,37869296.22187844
2010-09-28,24.39725041148546,24.7037947516074,24.153820660560477,24.51446,47977794.17766902
2010-09-29,24.406273143540666,24.61363991179856,24.280049344497606,24.496433,40624288.279032305
2010-09-30,24.595606228972734,24.712813124022343,24.171853160971395,24.207918,47560974.26470133
2010-10-01,24.505436114537446,24.89312419528385,24.46937128929765,24.559532,37367426.056815736
2010-10-04,24.405988771747214,24.71309686162075,24.288564532431305,24.297598,40732508.20924767
2010-10-05,24.57760193658267,24.704058716265887,24.44211349755379,24.658895,47074237.814788535
2010-10-06,24.65889336070319,25.164718639296808,24.604698891950687,24.911806,56054528.0418449
2010-10-07,24.956970815162922,25.191817454568962,24.875679554188824,25.011168,44961103.24041644
2010-10-08,24.92083698142857,25.36343249142857,24.667924358172428,25.291172,36714834.72572959
2010-10-11,25.20084680789946,25.38149803949731,25.047293261041293,25.155684,25075389.522304382
2010-10-12,25.0653618402375,25.29117591087027,24.75825470417693,25.246014,30503524.340614725
2010-10-13,25.291176223776223,26.11313945104895,24.369854804195803,25.83313,54409031.34850481
2010-10-14,25.887325579244617,25.92345673453057,25.390535517093223,25.589251,42220574.56859522
2010-10-15,25.71570391854308,26.11313756228374,25.43569539100346,26.104105,60642261.05434375
2010-10-18,25.95055580978447,26.402184,25.815067352719804,26.402184,39645775.85702759
2010-10-19,26.14023612331236,26.411212088266804,25.697640571901598,26.311853,49458391.36933458
2010-10-20,26.203460675749326,26.357014219867814,25.833125657581203,25.869255,43267571.8306654
2010-10-21,26.013774974606488,26.320882050942366,25.806026973282442,26.031841,33424739.418161016
2010-10-22,26.049911555708867,26.221531155067265,25.950553363228703,26.1854,18267019.102247816
2010-10-25,26.329924488557555,26.456381289872223,26.022816404302528,26.049915,33933221.50955196
2010-10-26,25.932488506889992,26.049912733842568,25.77893673626143,25.860228,31049214.80021754
2010-10-27,25.78796973130907,26.031849866486066,25.616352819062968,25.92346,37519910.6866946
2010-10-28,26.031848655590988,26.627997861444218,25.742806616389423,26.519608,38893276.67025093
2010-10-29,26.5196046813231,26.83574256562541,26.46540749924232,26.537668,38830951.496028215
2010-11-01,26.664123831930098,26.691220615494938,26.131202657782442,26.311853,23359927.516317457
2010-11-02,26.637027845342775,26.709288348144653,26.429278899787374,26.673159,26794056.572073072
2010-11-03,26.69122593608514,26.709291967490003,26.18540325118482,26.375088,33217367.464472532
2010-11-04,26.74541667303616,26.935099569565647,26.284755113157622,26.618959,39534409.414368905
2010-11-05,26.46541191725641,26.6460641025641,26.17637076923077,26.42025,31345141.51077299
2010-11-08,26.266689343433562,26.366048425086486,26.049907863295186,26.23056,30090024.2762259
2010-11-09,26.248624078650558,26.420243658663885,25.842160598106577,25.959583,38334417.46733759
2010-11-10,25.869260377006437,26.04991254618639,25.616350411226026,25.914425,30822922.6710992
2010-11-11,25.46279748918565,25.815066563528177,25.0021358459923,25.806034,41196499.624855176
2010-11-12,25.742801112288134,25.84216019527595,25.372466078742935,25.580215,28584138.796331465
2010-11-15,25.607316184859155,25.986683832042253,25.544089146918274,25.652479,23954109.074604448
2010-11-16,25.300206166062363,25.381499224075416,24.839545503988397,24.911806,34549001.70625927
2010-11-17,24.84858442744536,25.39053918953375,24.830519298817624,25.209887,27282064.255186867
2010-11-18,25.625379178260722,25.824094638081757,25.435694473885356,25.571182,36146112.42260135
2010-11-19,25.580212535701598,25.625376243575808,25.31826917217261,25.426659,28663963.873507723
2010-11-22,25.191818982370016,25.372471157663856,25.101495152863997,25.33634,30576037.12225207
2010-11-23,25.06536263091715,25.128590572688832,24.460180902531043,24.55954,34645979.90411058
2010-11-24,24.99310006344629,25.182782969851193,24.947938154878443,25.056328,38730759.431310125
2010-11-26,24.911810071298653,24.947941228465517,24.69502854783558,24.830517,14267821.12510988
2010-11-29,24.54147209116356,24.695025652278677,24.30662546828161,24.586634,36103487.01612836
2010-11-30,24.31565858911862,24.505341501007784,24.216299496976657,24.433081,43100725.24496603
2010-12-01,24.87567970904293,25.01116815569754,24.758255485352624,24.975037,38506567.377657935
2010-12-02,25.11956072877203,25.45376651530249,25.011171762331173,25.381506,35571182.81318689
2010-12-03,25.36344362941491,26.104113991812355,25.34537759536819,26.02282,38144866.37287581
2010-12-06,26.058946766446223,26.158304065765538,25.86926202190894,25.950556,23415610.78691339
2010-12-07,26.248627563133653,26.52863882678946,26.140238612042467,26.239595,35638278.44177854
2010-12-08,26.429281691412932,26.447347722277932,26.194435032500856,26.402184,16467971.134509176
2010-12-09,26.510569056732745,26.637024922761448,26.23056054235393,26.429276,20215970.047760673
2010-12-10,26.591862908872013,27.07962034403406,26.573796881970715,27.043491,31621150.855190992
2010-12-13,27.088657771860614,27.74803400009671,26.709290107166336,27.477058,50456551.20719257
2010-12-14,27.42286444701252,27.775133529990164,27.42286444701252,27.558352,28067114.390584752
2010-12-15,27.630610631354543,27.729969729100855,27.332536047884556,27.540285,33808343.81343548
2010-12-16,27.729967080989958,27.793194113643874,27.323500875454247,27.341566,52516216.95699507
2010-12-17,28.831939782324852,29.148079472920518,28.335149743216487,28.416441,102392979.94822434
2010-12-20,28.488706576132902,28.850009121128164,28.100306340262993,28.606129,37163424.90799786
2010-12-21,28.588057821158685,28.90419748110831,28.533862450881607,28.687416,22145212.660491977
2010-12-22,28.615162127605814,28.79581250040755,28.506770458714563,28.597097,15520731.772179533
2010-12-23,28.47966244004542,28.633215959273276,28.37127081733447,28.488695,14447067.12783439
2010-12-27,28.362250341124447,28.7235519899843,28.217729320277954,28.597097,15302521.30137545
2010-12-28,28.597090054482102,28.68741567057333,28.37127601425404,28.515797,10778780.6176345
2010-12-29,28.479668588970476,28.624189579446668,28.380309504761907,28.45257,10815314.750126261
2010-12-30,28.40741301551547,28.52483543736544,28.190629685729576,28.262892,14380635.180200242
2010-12-31,28.199662491621073,28.299021593898452,27.937719052003803,28.271923,12971179.154799622
2011-01-03,28.53386440974496,28.850004994653958,28.47063647341441,28.560963,23216446.482228205
2011-01-04,28.542899758576873,28.678388206797965,28.12740094744253,28.434509,25320387.42079211
2011-01-05,28.28998988369878,28.398381552793087,27.982882713824655,28.037079,40231766.66654897
2011-01-06,28.172561026772375,28.18159358853048,28.019006573628488,28.154495,24200664.867190834
2011-01-07,28.217726920472867,28.308052550820094,27.937717466396474,28.028044,30664496.769660413
2011-01-10,27.8654593841669,28.199663342244126,27.820295661811382,28.037079,32902729.051039875
2011-01-11,28.073202056147146,28.091267179735404,27.874486599932528,27.991909,29222385.189948995
2011-01-12,28.1996629771682,28.208696444127458,27.946753,27.946753,37601395.48103137
2011-01-13,27.973847269931625,28.35321492355574,27.910620230917253,28.163532,48062104.994501404
2011-01-14,28.06400841024,28.35351462208,27.99163276198691,28.272091,41929711.707563475
2011-01-18,28.281149133487187,28.5435133359044,28.254007915508794,28.525421,29817269.093974102
2011-01-19,28.371616195846357,28.59779297590965,28.29019165031645,28.588745,29776487.215510864
2011-01-20,28.47112539052286,29.267266562072777,28.47112539052286,29.231081,52780297.955819696
2011-01-21,29.37584342644466,29.55678215070767,29.258230586787487,29.412029,38114099.57591841
2011-01-24,29.475358273281035,29.53868776844588,29.013955856237295,29.312511,22294730.067321766
2011-01-25,29.303465912466315,29.348701273406686,28.896349473417395,29.212997,28657447.913563948
2011-01-26,29.231089210263416,29.611065312313716,29.095382231714304,29.457266,23748679.102996185
2011-01-27,29.5115437831146,29.936757011649885,29.09537943471321,29.782955,28335801.49212192
2011-01-28,30.036272267206968,30.126741154668032,28.7968228153125,28.950623,34066610.58727475
2011-01-31,28.9053892501765,29.131565997793636,28.80587057651797,28.977764,23013086.24709277
2011-02-01,29.10442384254586,30.244356529220426,29.050144133940304,30.072464,36004362.03520935
2011-02-02,29.93676254275083,30.361975849848303,29.855338891229295,29.981997,21397198.07996112
2011-02-03,29.837240119597446,30.00008739738785,29.6020171786073,29.846289,19454804.79002934
2011-02-04,29.782958246470397,29.837242486120246,29.430123354646728,29.511547,42767208.28319166
2011-02-07,29.583922918048522,30.117700104221957,29.448215044352946,29.83724,25185057.26400967
2011-02-08,29.873428833588527,30.0000878292488,29.6020176047379,29.882475,17042421.57256385
2011-02-09,29.891524880734014,29.945804595140483,29.50250080961744,29.755817,18915181.723536614
2011-02-10,29.65629060258665,30.090549,29.547726681763475,30.090549,19053242.98087084
2011-02-11,29.918662273717885,30.38910994176546,29.882473086853324,30.280546,19235287.184131358
2011-02-14,30.117701,30.343877780529386,30.072466548601245,30.117701,18169415.93377263
2011-02-15,29.963901496019442,29.991045426083723,29.502502634408152,29.638206,21368349.93777289
2011-02-16,29.719630408355652,29.981996407222795,29.502503389379452,29.954857,17496267.9951702
2011-02-17,29.828196427166763,30.03627907715662,29.63820520653276,29.864382,16103442.551136669
2011-02-18,29.87343615973872,30.497683315304545,29.773918353028503,30.470543,28230013.229498405
2011-02-22,30.117696110599848,30.45243678673338,29.421070834954534,29.430117,27509238.550162744
2011-02-23,29.448216739792542,29.53869016864363,28.968722856432567,29.113476,24487592.549924303
2011-02-24,29.041097120818296,29.32155814108527,28.624932744905273,29.176805,25882630.05493576
2011-02-25,29.212992331019926,29.927711824354663,29.194897284828613,29.810099,23046575.620241985
2011-02-28,29.90961622448728,30.063415519549206,29.56582663794367,29.764864,21450810.88942318
2011-03-01,29.87342337796022,29.92770760417234,28.597787487908715,28.652069,33627684.7581234
2011-03-02,28.570652039559526,29.276324527257703,28.543509920121945,29.059193,25523728.649604965
2011-03-03,29.375840826773118,30.027228137897463,29.339651637591636,29.882475,26715607.38627573
2011-03-04,29.846292274389388,29.945806447350453,29.149666827153226,29.638206,21165853.483243894
2011-03-07,29.82819183418934,29.90961546729984,28.851106427449185,29.041094,22630861.94519394
2011-03-08,29.258221427109266,29.864373246519293,29.122514486098506,29.620106,24197670.858558033
2011-03-09,29.520590877241634,29.9819896466199,29.330599689500225,29.665344,19031354.5400923
2011-03-10,29.285373138857963,29.366796792361853,28.507325798972513,28.76969,32114476.41409414
2011-03-11,28.706350753368852,29.312506203020874,28.353515052334693,28.869198,26202850.14498844
2011-03-14,28.516370496992717,28.823971844878127,28.290193700538143,28.5797,20621589.274904914
2011-03-15,27.358342406159768,28.31733101701251,26.97836542829644,28.19972,38244753.88408112
2011-03-16,27.973549342597707,28.100207458199723,26.79743077300431,27.322161,49768804.342606716
2011-03-17,27.765458789664706,28.091151500895368,27.448810434330948,27.638798,34850509.54352284
2011-03-18,28.027828580624185,28.217817994109,27.693087827008874,27.828793,38534125.28527558
2011-03-21,28.453038116673966,28.814920038192234,28.317330247425335,28.425896,25642996.37204048
2011-03-22,28.39875383665994,28.53446170568557,28.100200505514636,28.16353,22163969.749108154
2011-03-23,28.244947788702866,28.688254158330373,27.892113011461316,28.416843,25599120.10633975
2011-03-24,28.75159720064988,29.249187090969727,28.49827826690349,29.07729,42309266.500506066
2011-03-25,30.52482056323837,30.85051151321175,29.475360285987755,29.52964,71810641.74952354
2011-03-28,29.701537837622674,29.75581755303798,29.312513759275745,29.457266,34706810.5845091
2011-03-29,29.31251435464958,30.00009,29.276325162849517,30.00009,33104965.618436474
2011-03-30,30.099604461712694,30.24435759408041,29.855333550842165,29.900568,28427101.594919536
2011-03-31,29.85533395154053,30.425300322595213,29.81009950177559,30.244358,42261413.05429595
2011-04-01,30.488639543743236,30.850519780826275,30.407215879722067,30.778145,47724602.50609646
2011-04-04,30.841457560675384,31.149057900089566,30.769079200811227,30.886692,29559850.347748477
2011-04-05,31.02240835178304,31.121927040659852,30.678618738126104,30.687664,33476137.233117513
2011-04-06,30.940987566947435,30.940987566947435,30.298646350888838,30.38007,27392508.49535238
2011-04-07,30.398159424329375,30.823373608144315,30.12674817516384,30.506727,25117077.11953498
2011-04-08,30.651478423744773,30.6967128754707,30.135795360407954,30.343878,17836158.784203522
2011-04-11,30.398262942985287,30.679222097325702,30.398262942985287,30.61578,17609837.738568146
2011-04-12,30.425442003266944,30.479822609333016,29.981342934732037,30.271368,18700287.14583365
2011-04-13,30.42544440161886,30.78797666810954,30.352939942243207,30.543268,26861676.175106734
2011-04-14,30.207930329459593,30.706410091725207,30.090106719645227,30.633902,19818531.835673433
2011-04-15,30.797038324166177,31.087062499171914,30.52513981041545,30.978304,28100631.71954152
2011-04-18,30.51607241344881,30.61576943396992,30.1626052785481,30.479822,22316968.098649003
2011-04-19,30.39825702086697,30.670154648657835,30.343876407714664,30.516077,22566212.134515196
2011-04-20,30.978306084482384,31.15050758178331,30.661092943085173,30.914864,27361383.46907817
2011-04-21,30.914871562731538,31.53117505280348,30.90580555712685,31.494921,23309204.36345911
2011-04-25,31.449599390417003,31.594611948268707,31.322713402296763,31.567423,13420079.121631183
2011-04-26,31.549294447097868,31.975267008590958,31.467724886090423,31.694307,33531993.628729604
2011-04-27,31.766809414238978,31.984330042214918,31.56741988584828,31.948076,24262949.35569829
2011-04-28,31.74867486333248,32.038698971171925,31.458649849164875,31.984322,25372377.003823932
2011-04-29,31.984325865847875,32.6731335450937,31.91181779088581,32.591564,103982301.11810224
2011-05-02,32.48281182520791,33.026607991846106,32.473750353315374,32.963165,33165239.19779548
2011-05-03,33.03567464693928,33.08099016549502,32.5100023056251,32.754711,27524457.26215689
2011-05-04,32.736580799203516,32.781896312733274,31.67617838717946,31.948076,42905419.40616393
2011-05-05,31.76680363458925,32.05682866891432,31.331766989429884,31.422398,25647882.49162906
2011-05-06,31.8302460541033,32.22903228198154,31.567413590328123,31.603664,26354028.890909612
2011-05-09,31.621797379700052,32.12934310293801,31.549292919416708,31.902761,17954308.602709964
2011-05-10,32.16560798575137,32.31968205501634,31.929960706624385,32.283428,18774203.748883173
2011-05-11,32.20186397417427,32.35594169535118,31.467739399181937,31.703384,23009638.781777993
2011-05-12,31.630851513187913,32.40122856143297,31.549281080411475,32.383102,25484039.083099574
2011-05-13,32.41937145266756,32.555318919236115,31.848383573591462,31.8937,22551204.518798385
2011-05-16,31.794001353908953,31.80306282504389,30.833291459332948,30.978304,34590442.84670974
2011-05-17,30.84235355337565,31.078000742450932,30.552328474706677,30.760784,30735107.60141549
2011-05-18,30.815170569153643,31.023626134768502,30.407321817056886,30.733601,33107089.175785158
2011-05-19,30.860477363236924,31.331768980289855,30.80610038483049,31.268326,25091790.970837392
2011-05-20,31.23208252699501,31.358967624168017,30.851426329147383,31.059881,18187774.351099417
2011-05-23,30.525142803377562,30.579524324116523,29.87258540006478,30.053852,33084914.639228277
2011-05-24,30.153551665752072,30.289499139234472,29.83633485210264,29.945097,24156140.081743598
2011-05-25,29.90884547384993,30.253251267453216,29.84540246829934,29.899784,25423779.75321159
2011-05-26,30.035719915484798,30.443568569846196,29.91789632639136,30.271368,23113147.113014515
2011-05-27,30.28949332890121,30.679214541075652,30.271370386206698,30.543268,18667185.08702474
2011-05-31,30.73359430556416,31.023619377158983,30.198860579811203,31.014557,33964842.92144815
2011-06-01,31.023627692407914,31.08706978749529,29.754769476745757,29.800085,35045347.01033907
2011-06-02,29.791013446635713,29.800078543245338,29.07501673334704,29.655066,42209314.19459663
2011-06-03,29.220030441173495,29.69131760019069,29.192837869246038,29.3016,26268843.804311026
2011-06-06,29.138458584587653,29.52817977935998,29.065950503136083,29.174709,23918042.244136866
2011-06-07,29.220029169440703,29.274406153973118,28.848432716080403,28.857496,31135182.62291364
2011-06-08,28.775922128,28.8665549536,28.223060985511744,28.322758,40390994.937710516
2011-06-09,28.422463113804394,28.93906946060921,28.349956832662873,28.66717,23884385.91437174
2011-06-10,28.476843858242468,28.685299430724825,28.204946191767963,28.259325,26201314.4333773
2011-06-13,28.32276607090629,28.866563179467693,28.204944270379833,28.66717,29477832.35259707
2011-06-14,28.99344463382515,29.18377449836244,28.848432094237403,29.075016,25451481.716632586
2011-06-15,28.757799170731708,28.993444546854942,28.150558256701157,28.241192,38079575.9612413
2011-06-16,28.24119009744124,28.340886211392412,27.778962660031254,27.914911,32955497.158185456
2011-06-17,28.413400857921747,28.830311096557892,28.259325,28.259325,47237173.28704772
2011-06-20,28.413394117831402,28.993444268881227,28.322761281729864,28.920938,25827615.03102009
2011-06-21,29.08408123313438,29.64600399039403,28.775929546650563,29.591627,29726087.513984956
2011-06-22,29.528178670166685,29.528178670166685,29.12939148778992,29.183773,28621857.288322523
2011-06-23,28.911873053354064,29.500985547799427,28.395265917290995,29.419416,59972307.45999174
2011-06-24,28.540276796091096,28.7396681061852,28.050860443928112,28.223061,82884870.31506257
2011-06-27,28.07805788157062,28.84843713267891,27.96929936421327,28.621855,32643350.61441685
2011-06-28,28.721548435394585,29.337849946176217,28.431523342011776,29.310661,36131273.600414544
2011-06-29,29.365046956042864,29.61881713845205,29.192841811833645,29.392235,30127816.105171993
2011-06-30,29.573493976823613,29.854453943261472,29.464731859479496,29.827265,24475015.862165034
2011-07-01,29.809134483660745,30.09009804672451,29.437540816869614,29.954147,28005637.737495914
2011-07-05,29.917895865265404,30.03571945254282,29.718506354951863,29.963215,23618814.116122052
2011-07-06,29.908842906017547,30.135425049244954,29.791019285210723,30.099171,24675267.522686925
2011-07-07,30.334815246604226,30.93299204566553,30.27137315909287,30.896738,32974799.475595128
2011-07-08,30.579521044817,30.760784,30.289492340834542,30.760784,26380725.539713163
2011-07-11,30.515645556866637,30.561041323507578,29.8710136858432,30.088915,24168400.225023072
2011-07-12,30.2523429075057,30.388533834530573,29.52599613901817,29.598629,38650850.00441068
2011-07-13,29.834694504589738,30.22510589371214,29.58955156162593,29.680344,40198760.68492333
2011-07-14,29.78021608364899,30.05259520917514,28.926760461342482,29.099266,35459096.899746545
2011-07-15,29.190067833318167,29.28993690024369,28.908606593954502,29.13559,27980679.780296195
2011-07-18,28.899525412511906,28.999399012728738,28.327528173732233,28.590828,27814039.41851562
2011-07-19,28.97215844246809,29.66218609749657,28.953998864247847,29.634949,29556679.62055545
2011-07-20,29.453358296969405,29.59862673160027,29.108345424246078,29.126505,25414529.5547612
2011-07-21,29.226376818386914,29.734820457812734,29.108347285871655,29.4806,27002199.362163596
2011-07-22,29.38980995073954,29.662189124906703,29.14466696891524,29.553238,23545884.67165256
2011-07-25,29.280855247775698,29.45336170409266,29.090190121537628,29.244537,22915885.459014107
2011-07-26,29.2808545315176,29.52599656945589,28.908601807240945,29.190063,36972202.22294827
2011-07-27,28.881361782765445,28.908600693865214,27.800922806367886,27.882635,47453368.44654388
2011-07-28,27.87355991347639,28.28212908868601,27.810002751342648,27.846321,32296527.681340743
2011-07-29,27.710128992805757,28.318445314408276,27.474066294964032,27.764605,42074228.96886161
2011-08-01,28.11870000575958,28.336604049004215,26.838513751697352,27.337879,42476788.69184036
2011-08-02,27.047337839484598,27.601176324912903,26.802194904981214,26.829432,44817162.335341275
2011-08-03,26.784036029015038,27.555779440020558,26.466259330365705,27.410511,48512587.818818845
2011-08-04,27.092734015676385,27.119972926976793,26.18480057011082,26.221117,54446061.2630118
2011-08-05,26.629684666666662,26.711398666666668,24.968166666666665,25.73991,90536713.41508187
2011-08-08,24.940934796908838,25.45845875881752,23.569955076693617,23.624432,89046711.0489683
2011-08-09,24.023923720327208,25.058969,23.43376684170402,25.058969,90783725.37992285
2011-08-10,24.332613774846074,24.977247385196378,23.70614155596964,24.042076,91219908.29743654
2011-08-11,24.060233102518662,25.449371997125706,23.94220267825095,25.149754,64188964.56320407
2011-08-12,25.267790669506777,25.267790669506777,24.50512648832152,24.868299,47622978.62678505
2011-08-15,24.89553753022929,25.29502919357132,24.659474811124273,25.095282,42221262.37377607
2011-08-16,24.895538961915125,25.385822191087087,24.72303158034095,25.031729,41429351.803864606
2011-08-17,25.104361942277464,25.467534443997142,24.577760498280327,24.940933,37528958.99789314
2011-08-18,24.023921841414456,24.051160757000368,22.44411739757978,22.870848,86404667.69967166
2011-08-19,22.534906427162777,23.243094461537755,22.47135109074451,22.49859,51535279.09040522
2011-08-22,23.070587596591682,23.26125451772005,22.525826650958365,22.75281,41660655.021287486
2011-08-23,22.870846149885985,23.796936519282614,22.84360723650354,23.787859,40605836.652529344
2011-08-24,23.706141872326196,24.269059669790103,23.615347624812593,24.223663,34791979.39634481
2011-08-25,24.37801276447877,24.559598543804018,23.361127315830117,23.515476,42144058.661623515
2011-08-26,23.497322174993176,24.359860058536587,23.134149619512197,24.196432,37942529.91515443
2011-08-29,24.559601250790934,25.38582076888481,24.532364152633463,25.340425,31880527.41814709
2011-08-30,25.249632168864654,25.458458709926493,24.931855413133643,25.30411,32980716.213464923
2011-08-31,25.29502787551454,25.97597799129651,25.158836036491167,25.485693,34633153.66782453
2011-09-01,25.449375261740908,26.03045175610632,25.19515299030172,25.276867,37666968.141265295
2011-09-02,24.723028612273957,24.922774885418608,24.31445945500276,24.486965,33369735.477732744
2011-09-06,23.63351245304496,24.35077908720272,23.342971885950888,24.051161,34041806.67203549
2011-09-07,24.49604514933207,25.086201,24.287220450134647,25.086201,28753428.225094747
2011-09-08,24.922772183111945,24.995406853494977,23.942204132940983,24.259979,55495591.550747015
2011-09-09,23.987602053846153,24.151030076923075,23.39744530384615,23.60627,42912395.73215083
2011-09-12,23.533635229906547,24.30537866915888,23.515476560747665,24.28722,41146407.45214973
2011-09-13,24.350773845987508,25.231470154018147,24.296297841857783,25.167913,46654743.50775927
2011-09-14,25.440291668206044,25.948734328241564,25.11343567246892,25.558323,38518247.0696532
2011-09-15,25.97598157163031,26.33007477270899,25.658203899198487,26.284679,31771485.923278727
2011-09-16,26.366390537765888,26.602451438970334,26.148484675371293,26.538897,63946862.034243554
2011-09-19,26.094006640937284,26.547973353549274,25.576484588559616,26.348228,38014130.81745004
2011-09-20,26.547970666666664,26.656923574599997,25.621877758733334,25.73991,56076143.6228798
2011-09-21,27.065493197161604,28.109616585986135,26.75679584742218,26.820353,91767085.21764795
2011-09-22,26.094010422724065,26.35731206213257,25.26779088602682,25.730837,67594593.83307274
2011-09-23,25.512934121107268,26.402709047750864,25.24963246957505,26.239281,48452552.11070761
2011-09-26,26.38454818949321,27.047341500237177,26.01229634003017,26.974705,41591810.113860376
2011-09-27,27.464987926152933,27.764605976256416,27.020100518423515,27.356035,42419847.52123618
2011-09-28,27.455904436811394,27.61025310593368,26.71139909163331,26.738638,34536786.292446904
2011-09-29,27.219845040809446,27.800923361221823,26.40270492951096,26.920227,48856884.45346318
2011-09-30,26.566132387613088,27.00194043771747,26.094007,26.094007,46465961.322076745
2011-10-03,25.957817846176884,26.33914990267896,25.349502422709293,25.367662,49799463.948021695
2011-10-04,24.913690387414313,26.121240755272193,24.514198831850862,26.048607,55400766.27898759
2011-10-05,26.01229517790579,26.86575268112504,25.776231556315892,26.793118,47665494.58708016
2011-10-06,26.747720643779147,27.328799005653476,26.311913461257067,27.301561,38542579.5616595
2011-10-07,27.337950924086027,27.601778989635573,26.883076517533034,27.210587,41744489.74584782
2011-10-10,27.683657530308604,28.229507750546617,27.49260936188855,28.174921,30456977.192298073
2011-10-11,28.11123853540252,28.384164091126124,27.956581236016813,28.138531,27900778.153628558
2011-10-12,28.538814637205572,28.702567566542992,28.27498663211229,28.30228,33330966.209181733
2011-10-13,28.1658162490766,28.475130778598583,27.81101519849118,28.329571,29856049.808819905
2011-10-14,28.711669949905872,28.984596397346877,28.44784371930926,28.975498,25955737.499317527
2011-10-17,28.738962544668592,28.884522342299075,28.15672426389539,28.411453,27562225.73340406
2011-10-18,28.329572977000815,29.111957751316115,27.992966875249902,29.002787,32706615.203745764
2011-10-19,28.95730358431248,29.27571565639886,28.429649293426486,28.647989,28124577.505248275
2011-10-20,28.738967022868156,28.884526843180247,28.093044410484385,28.684383,27592559.48096565
2011-10-21,29.057377038558748,29.339398251537926,28.948206274850754,29.22113,36095349.192940176
2011-10-24,29.12105517840509,29.948926526986508,29.12105517840509,29.90344,30713865.19604768
2011-10-25,29.948928934562648,29.976224128044244,29.35759402896491,29.448568,33570695.26977
2011-10-26,29.776066162897145,29.8033567963452,28.711659588297216,29.475851,37025070.70506633
2011-10-27,30.103576380570416,30.758596178019406,29.97621250659932,30.622133,39108392.87387328
2011-10-28,30.476577678141222,30.749501344614796,30.38560463889768,30.649429,28946238.954931263
2011-10-31,30.24913930424168,30.358308220553553,29.803360694997863,29.81246,31722941.447971758
2011-11-01,29.07556531065004,29.303002468193835,28.76625259588774,28.829935,34603074.91085567
2011-11-02,29.075568407338306,29.694197541744416,28.930008611007455,29.366688,29096825.543595515
2011-11-03,29.348490885169113,30.158170857305628,29.275712809552623,30.12178,30191964.368211303
2011-11-04,29.85795709794031,29.91254293839837,29.221131996583964,29.612324,26202616.389115557
2011-11-07,29.466760607341673,29.948926526986508,28.9300088538658,29.90344,26358926.465316363
2011-11-08,30.139965762769393,30.713104532389337,29.885233478472973,30.576645,33164553.670665957
2011-11-09,29.87614997657487,29.87614997657487,28.602502592559794,28.738964,40596921.656605296
2011-11-10,29.057371115232367,29.139246669513927,28.47513019330845,28.866323,27814057.717015084
2011-11-11,29.130156827005155,29.80336912530841,29.111961850848374,29.448568,23813936.125359304
2011-11-14,29.384882,29.575928316599516,29.184740015928917,29.384882,18446412.79207451
2011-11-15,29.30300350326725,30.167265642210726,29.239321096905527,29.985315,23520012.599590834
2011-11-16,29.657807927298343,30.076295088554645,29.102863,29.102863,26705394.86097983
2011-11-17,28.975495129785855,29.111957430240103,27.72004105585808,28.038454,45617434.113878034
2011-11-18,27.956573313071896,28.10213217325797,27.556284855500195,27.838306,29239947.287022423
2011-11-21,27.46531757741849,27.610876477766634,26.8739808488996,27.210587,27876266.101866893
2011-11-22,26.910366707493008,27.21968126734925,26.628344608800553,27.119608,27960908.15776541
2011-11-23,26.837585327586208,26.919462706551723,26.373613513448273,26.382711,26820264.98338249
2011-11-25,26.091592079331946,26.682928719902577,26.027910581634554,26.146177,14994690.657834984
2011-11-28,26.79210349789403,27.347048455264602,26.710226104585605,27.174198,23157161.25521717
2011-11-29,27.228775231674515,27.43801740685945,27.01043648036056,27.055923,22155351.787481062
2011-11-30,27.920184846590683,28.620689434111068,27.88379399362041,28.520618,35042099.192941755
2011-12-01,28.566106870855695,28.91181225865926,28.329571318227373,28.811739,24399047.554887265
2011-12-02,29.111957015642403,29.15744353873069,28.384159,28.384159,24612512.295721006
2011-12-05,28.93910670310392,29.3303013931652,28.702572029122727,29.020985,21975518.060465556
2011-12-06,29.14834597498654,29.212028376814466,28.693471676215665,28.866323,23138150.53618017
2011-12-07,28.466042784636564,28.93911037309479,28.03845991000444,28.69348,34477646.88584305
2011-12-08,28.420549349381915,28.65708401106051,27.883797617111256,27.965675,26924248.458154503
2011-12-09,28.05664775460247,28.9754938710794,28.029354385948587,28.829935,24865110.261989836
2011-12-12,28.566107892720307,28.566107892720307,27.992966237547893,28.493328,24771786.99518708
2011-12-13,28.82993472421505,29.020981024975676,27.83830781706131,28.04755,27820762.13430406
2011-12-14,27.90199614188162,27.974776047044664,27.065027232506626,27.174198,29287864.48985909
2011-12-15,27.419821097146983,27.474407831057327,26.209855494321136,26.410002,47453001.032347515
2011-12-16,26.61924734540388,27.356143803017588,26.346321821724164,26.573759,50673993.088422306
2011-12-19,26.755703904379452,26.78299726965777,25.927832753308888,26.027906,27314911.228344683
2011-12-20,26.437293742976788,26.828486555707915,26.264443326272435,26.537367,51034208.14129752
2011-12-21,23.353246141637563,23.644365688397357,22.66183721808304,23.444221,201708365.69916314
2011-12-22,23.526100265680917,23.535197751897442,23.0894191077905,23.371443,48588916.705044694
2011-12-23,23.471515340117627,23.726245883585797,23.426028815273554,23.70805,35496396.19062723
2011-12-27,23.708051970003584,23.83541861694415,23.253177586278483,23.31686,23426687.413639747
2011-12-28,23.362342250098003,23.435122132497064,23.043930264602118,23.207685,27933323.509001434
2011-12-29,23.3532515664051,23.507908861546852,23.198594271263342,23.471518,21159467.434113126
2011-12-30,23.40783590175439,23.54429730779509,23.307764446590877,23.335056,21070432.40007652
2012-01-03,23.95368093759934,24.253897979354292,23.49880663191003,23.5261,41672830.85219395
2012-01-04,23.60797699394698,23.862705691272588,23.244075735772356,23.662561,49924231.99669723
2012-01-05,23.66255788341482,24.47223402783001,23.571583035727716,24.190212,55920291.47987624
2012-01-06,24.26300031377646,24.699679734496844,23.980979097643335,24.499535,61209204.58286249
2012-01-09,24.526883680100493,24.727476205621155,24.308056465110752,24.645416,42204366.58407794
2012-01-10,24.782186760926464,25.165134459218926,24.481299283696675,24.590712,53715027.12177265
2012-01-11,24.608947933021494,24.709243756386904,24.390120682042422,24.517769,33819553.85761241
2012-01-12,24.636298981229295,24.855126211262423,24.27158784295421,24.773066,34850178.375175685
2012-01-13,24.654536859110095,24.955424317047182,24.481297713972204,24.92807,34528717.38566203
2012-01-17,25.238072601590744,25.42042770571811,25.055716585683296,25.219837,39230293.35994519
2012-01-18,25.265426603745627,25.940145726529607,25.174250413897287,25.839849,38763511.81463947
2012-01-19,25.967494511466892,26.259263200939326,25.757785110566704,26.040436,39870472.96930436
2012-01-20,25.88543636531628,26.39603504957301,25.776023664089994,26.177206,40595314.220547445
2012-01-23,26.195441132280422,26.359561543133555,25.785141016927653,25.885435,30093222.252652887
2012-01-24,25.83072958611013,26.204559417748154,25.757787179936862,25.99485,25994097.253879137
2012-01-25,25.76690498070852,26.113380498251487,25.493370045778672,25.99485,43074531.87842977
2012-01-26,26.040440823092865,26.295740183254146,25.66661186402927,25.794262,37998632.82176478
2012-01-27,25.74866759746657,26.104260891175652,25.64837088413835,25.912788,26937967.076333124
2012-01-30,25.703086997094964,26.158977136955105,25.548083437762237,26.076916,25548808.76250857
2012-01-31,26.195443587573326,26.204561389030886,25.57543217667902,25.721317,35912166.05494968
2012-02-01,25.967499835439746,26.386919635011445,25.630142076605022,26.332211,41940810.27830136
2012-02-02,26.323097640454236,26.66957323566724,26.17721097184387,26.268389,29979152.382188343
2012-02-03,26.560155780072904,26.642215996422603,26.241034540051096,26.541922,28819665.66992398
2012-02-06,26.4689803179871,26.505450614482758,26.268386848909447,26.441626,18187058.541709956
2012-02-07,26.359571871517378,26.441632109097334,26.213687004708564,26.396044,22255029.40106101
2012-02-08,26.36868827010094,26.432512895927598,25.876325959086323,26.19545,32730031.284058873
2012-02-09,26.30485770525641,26.3504467134111,25.848967623709505,26.341328,34871673.334188014
2012-02-10,26.03132109348305,26.113381302956736,25.785142288622207,25.985733,33157117.40746355
2012-02-13,26.067795831516005,26.140738247274008,25.848968584242,25.921911,21951781.87287195
2012-02-14,25.821616419263457,25.940148762346816,25.557201061213668,25.748674,33196486.001570407
2012-02-15,25.621019606862045,25.848964621157972,25.45689919656898,25.511606,37970341.34189749
2012-02-16,25.67573655835107,26.441632109097334,25.648382234044,26.396044,39900615.65212575
2012-02-17,26.468985290766675,26.468985290766675,26.113389119710067,26.250158,37356583.68460106
2012-02-21,26.259268900328358,26.42339024843424,25.97661794954767,26.204563,22606544.821983863
2012-02-22,26.186324623292563,26.514566384398123,25.985733904929383,26.031322,27646577.257674426
2012-02-23,26.086034767248307,26.332213619709286,25.821617573815256,26.268389,27768861.108342048
2012-02-24,26.496333836253914,26.933990191096512,26.295743087863247,26.669573,27366681.123841017
2012-02-27,26.441623171565276,26.78809870134361,26.22279594531784,26.678686,33362649.26990782
2012-02-28,26.660451887732286,26.797218,26.441624649255687,26.797218,32781366.935575176
2012-02-29,26.80634004102564,26.842812163746085,26.459863537094016,26.669573,36369179.02660084
2012-03-01,26.806342447200805,27.326056337968225,26.651339786791823,27.198408,36093780.48891685
2012-03-02,27.216640085668896,27.58135218061923,27.13457986430507,27.316935,30903499.379516773
2012-03-05,27.572231,27.736351422619048,27.28046135978836,27.572231,37055644.28210398
2012-03-06,27.298698,27.718115947958722,27.08898674657032,27.298698,31774765.703902796
2012-03-07,27.39899038699528,27.60870162815005,27.198399681945716,27.553993,25983349.067008186
2012-03-08,27.718120492184898,27.754592615139106,27.216641338543397,27.417233,33919685.148388244
2012-03-09,27.398994582710174,27.617823658140082,27.262228462071967,27.471937,32964413.428281378
2012-03-12,27.09810680205715,27.28046375498027,26.623982918645975,27.088989,44894481.96335788
2012-03-13,27.34428868152302,27.563115933392496,27.2713462642332,27.471937,35457229.08693333
2012-03-14,27.353405831099195,27.49929066219839,27.070754882624698,27.207521,33993280.607961304
2012-03-15,27.31693397966806,27.471936614232355,27.116343246718,27.408112,38966079.62166457
2012-03-16,27.453700559056525,27.499288653665097,26.97045617955615,27.116341,42390921.69551932
2012-03-19,26.97957636458333,27.253109515303123,26.833691531249997,27.134579,35665832.29465252
2012-03-20,27.07986888520199,27.481050290877736,26.943100051675078,27.44458,50589392.87830239
2012-03-21,28.146656019566677,28.401953566814008,26.751631385243115,26.815456,103838621.27871329
2012-03-22,26.742514070992453,26.742514070992453,26.040442384078776,26.104267,65545619.658150144
2012-03-23,26.15897304274238,26.341327246585124,26.003969507669684,26.031322,40246873.68177844
2012-03-26,26.24103740492157,26.614867320216494,26.122505056584362,26.587513,32951250.00973201
2012-03-27,26.596623593867122,26.91574660579216,26.441620988074956,26.760744,34778125.00280262
2012-03-28,26.788098778679707,26.943101397719126,26.569271551800526,26.769865,32250429.257125504
2012-03-29,26.633099778769278,26.97045937783138,26.532804864600852,26.71516,37328512.57355748
2012-03-30,26.861046172581858,26.888400492798354,26.478100278035427,26.587513,35102864.867428556
2012-04-02,26.55103814879207,27.061634106954482,26.44162362202426,26.924868,31285283.832229
2012-04-03,26.997811458830537,27.079871673259262,26.551039180274145,26.797218,32897623.02954732
2012-04-04,26.614867320216494,26.879282689986283,26.37780353532236,26.587513,34168319.5415833
2012-04-05,26.578392040879297,27.01604561210503,26.56015552564055,26.952221,47460452.95215188
2012-04-09,26.58677413650465,26.723819364012407,26.49541065149948,26.504547,23563571.375130467
2012-04-10,26.38576235126854,26.458853108235026,25.654855695238094,25.901537,45067257.97777946
2012-04-11,26.02945205186397,26.084269219068595,25.618317359203854,25.709679,33262857.29238004
2012-04-12,25.874134897765334,26.239587866867424,25.727953344670613,26.221317,32194814.601200238
2012-04-13,26.221311660179015,26.28526516299948,26.029447497179532,26.093401,18263101.514218096
2012-04-16,26.111680829318463,26.28527142965333,25.864998536260494,26.166498,23506987.08414095
2012-04-17,26.239587739384813,26.89740655238451,26.221316872606153,26.751225,27347144.25172305
2012-04-18,26.614178,26.815178548409836,26.586769872529004,26.614178,23150828.13561253
2012-04-19,26.48627430299896,26.915681768888415,26.19391115098242,26.504547,28963540.520047374
2012-04-20,26.605041136800832,26.979631332250634,26.385767,26.385767,39105238.67932662
2012-04-23,26.12995316713483,26.184771250702244,25.819317360252807,26.020317,25223975.557253975
2012-04-24,26.06599049516143,26.358352591204163,26.056853237474616,26.212172,22423520.702019658
2012-04-25,26.203043491408263,26.486270251601308,26.129952714584253,26.376635,29445904.03221639
2012-04-26,26.34922574776017,26.69640603329842,26.257862274293593,26.51368,22490716.716804303
2012-04-27,26.550224831919294,26.897407863019154,26.550224831919294,26.71468,18440410.740461797
2012-04-30,26.705539119387755,26.879129691836734,26.678130995267246,26.860857,20323770.756830283
2012-05-01,26.90654075807156,27.208040185870004,26.7603592173208,27.016176,21852718.090080548
2012-05-02,26.879131860623758,27.21717760051372,26.668996801180807,27.144085,24713379.265537962
2012-05-03,27.17149236186155,27.24458312813421,26.80603853049825,26.842583,20988478.822034378
2012-05-04,26.5867658500528,26.632447578317493,25.956358,25.956358,37142093.008580014
2012-05-07,25.89240656160458,25.992907288992832,25.4447255730659,25.50868,36853351.878654644
2012-05-08,25.316814469465985,25.600042116004296,25.15236206472664,25.517815,26991315.126314696
2012-05-09,25.234584487623525,25.499537565171437,25.04272033899495,25.380766,27933600.724308316
2012-05-10,25.30768354501891,25.353364368985936,24.43059326943005,24.686411,57630579.26889413
2012-05-11,24.640727045254188,24.951362844513447,24.45800101814815,24.668137,28007802.12952441
2012-05-14,24.421456920677187,24.9513641631963,24.35750248803793,24.631592,24610710.079754487
2012-05-15,24.686413519823112,25.152368204557508,24.613323645834498,24.722958,28887799.25149329
2012-05-16,24.814317160715465,25.04272582382956,24.375772527536398,24.412317,32477752.370952744
2012-05-17,24.394046513634667,24.41231737969867,23.98291,23.98291,32223602.140023872
2012-05-18,24.01945144782228,24.01945144782228,23.14236143137987,23.39818,74627765.62888652
2012-05-21,23.334231908303426,24.17477403229063,23.325095561007156,23.992048,33615950.66832144
2012-05-22,24.05599804946896,24.202179579583472,23.818453063032887,24.083408,24214057.666705646
2012-05-23,23.864137519331784,24.531089887556224,23.791046748717093,24.375772,36316048.902984485
2012-05-24,24.320955325542982,24.34836345144091,23.663137463126436,23.864138,37467930.92765387
2012-05-25,23.9189583044743,24.056003520122548,23.791050350170707,23.882412,20405199.74938461
2012-05-29,24.129089184772834,24.467134891984312,23.900680540464116,24.17477,26421832.75622064
2012-05-30,23.92809060526622,24.065134878868935,23.73622642949943,23.909817,23574304.688321117
2012-05-31,23.95549934006767,24.412316659932323,23.90981852171585,24.183908,35235419.71825646
2012-06-01,23.73622830692308,24.010319616711577,23.663137534615387,23.754501,33645505.75067858
2012-06-04,23.79104745443441,24.06513693873523,23.608319608842763,23.937229,31681372.515807908
2012-06-05,23.81845572775948,24.613318800318225,23.81845572775948,24.403181,31097769.245247167
2012-06-06,24.65900133276421,25.18890947552091,24.55850059895149,25.152365,30251695.91960835
2012-06-07,25.353361754966887,25.362498101545253,24.83259,24.83259,36005748.81637397
2012-06-08,24.704682751631736,24.914817815169368,24.48540860035648,24.814318,24455288.757079683
2012-06-11,25.01531472811532,25.05186102617908,24.457998529205465,24.494543,22405893.734339114
2012-06-12,24.668133049643618,24.805178233252747,24.421451719147182,24.695543,28662335.271870717
2012-06-13,24.558501221080274,25.01531859709804,24.47627592066658,24.686411,21495241.89644254
2012-06-14,24.750361227424747,24.98790622259383,24.220453161278336,24.585907,37555167.15328013
2012-06-15,24.768631657005212,25.362493155144655,24.65899460581247,25.307676,43930478.6475218
2012-06-18,25.061002877912873,25.061002877912873,24.384914031079017,24.777777,41944548.872241445
2012-06-19,25.938087916411405,26.26699731820448,25.15236391085797,25.545225,88710182.46859443
2012-06-20,25.61831632395406,26.11167811793612,25.526952859580593,26.029451,32049682.223416846
2012-06-21,26.029447385093395,26.16649164898657,25.35335784262344,25.408175,35815087.32044313
2012-06-22,25.499542882142855,25.709677936365356,25.389907638634643,25.58177,24258055.638839692
2012-06-25,25.161496236534788,25.353358576996435,24.887404959905687,25.234587,27274362.79891563
2012-06-26,25.243725151403055,25.536090074612037,25.14322625080848,25.426453,22562847.676787637
2012-06-27,25.362500751153707,26.002044164817498,25.362500751153707,25.737091,21220952.826409172
2012-06-28,25.60918304817504,25.819318127795526,25.335091708555197,25.737091,29744709.143702373
2012-06-29,26.32181430482272,27.14408551956106,26.303543438431234,27.134951,38905375.04730707
2012-07-02,26.97963147771619,27.226311,26.63244940545132,27.226311,26756100.58060014
2012-07-03,27.070998168480617,27.39077126162066,27.052727299778486,27.381634,15835649.016855607
2012-07-05,27.253721725562638,27.34508519095172,27.14408465346109,27.153221,21063780.711518537
2012-07-06,26.833454522613536,26.93395343522961,26.440591565451097,26.659863,27647152.275313642
2012-07-09,26.705543516494846,26.824316946624432,26.513680220618554,26.586771,23940858.40661132
2012-07-10,26.824316593645598,27.043588015269812,26.358361967585612,26.541088,25638364.24399407
2012-07-11,26.53193160246322,26.84321030311324,26.467844811152926,26.760813,29761374.55166254
2012-07-12,26.962229026212594,26.980537706611834,26.193187545296563,26.385447,25736036.990390953
2012-07-13,26.431221817486275,27.15448603921569,26.321357843137257,27.081244,24059188.122968055
2012-07-16,26.943914707317074,27.236882859078595,26.806586801704338,27.026312,18371525.941090297
2012-07-17,27.200267687081247,27.51154642571761,26.888990779496286,27.392529,26102052.5706115
2012-07-18,27.31928214295082,28.161565640655738,27.300971632131144,27.923529,27294377.798737403
2012-07-19,28.015085156621797,28.482004158091154,27.978463214747613,28.262278,28595593.963798672
2012-07-20,28.07001490869804,28.225654260768447,27.557320572466118,27.575632,27320918.157487743
2012-07-23,27.035471843687485,27.282661924272038,26.650951092254097,27.145334,25562583.978520952
2012-07-24,27.09040190654843,27.163643952933153,26.61432860504775,26.84321,25894961.89166646
2012-07-25,26.82489710566381,27.0629337433945,26.66010434136285,26.788277,24454916.081388883
2012-07-26,27.273509532525633,27.795359143525634,27.191112225525636,27.465769,29214474.20605627
2012-07-27,27.7404230786246,28.234807788105297,27.50238826814173,28.170721,26052904.964697212
2012-07-30,28.09748173207237,28.381293754087643,27.8319783911053,27.996773,22849934.383509126
2012-07-31,27.978461384525318,28.097481543423587,27.62140731650969,27.648874,22884777.910000965
2012-08-01,27.77704651187335,27.941841118733507,27.493234493362003,27.758736,18944746.187290374
2012-08-02,27.346753630432115,27.831981336898394,27.2277343736631,27.392529,24142850.33703898
2012-08-03,27.950996970245505,28.262275668529316,27.81366630171619,28.124945,19406557.638878938
2012-08-06,28.308049956129032,28.610173387096776,28.179877294880384,28.381292,20379988.33879726
2012-08-07,28.58270990225213,29.022164045684384,28.518624022222223,28.839058,23694256.934467137
2012-08-08,28.69257160397946,29.12286770995581,28.44537969801027,28.527777,24506251.433471315
2012-08-09,28.52777274186252,28.884826748330863,28.51861748745242,28.720034,15923642.694103356
2012-08-10,28.555243263034505,28.948919255642036,28.45453453544655,28.939764,15126612.015523002
2012-08-13,28.793281304770492,28.88483203457538,28.56439990263023,28.710884,15687272.825249827
2012-08-14,28.83905181818182,28.958069211747272,28.6010152,28.701723,15080738.532665791
2012-08-15,28.68341926793722,29.013009424971266,28.68341926793722,28.884834,17727629.619401652
2012-08-16,28.96722506534328,29.48907458522619,28.87567434904635,29.32428,22209868.091093794
2012-08-17,29.37921228294372,29.571471715795255,29.21441769862057,29.479921,22735031.101830292
2012-08-20,29.388367785416797,29.434147724180097,29.205264509823206,29.333439,12221614.355861923
2012-08-21,29.315131930708667,29.5440133480315,29.04047331439559,29.06794,21488310.661161404
2012-08-22,29.058789116757442,29.159496955536376,28.857373439199577,29.022169,19756843.400915347
2012-08-23,28.893994309545395,29.067945132953465,28.665112851805603,28.921461,15512069.15169327
2012-08-24,28.692575408057106,29.29682236942653,28.610178095143095,29.251047,16178027.56979605
2012-08-27,29.360902114985866,29.360902114985866,29.067933961671383,29.141176,16065418.533555405
2012-08-28,29.040474684220964,29.296822799240026,28.893990570224766,28.912302,17469198.059704825
2012-08-29,28.976385095268338,29.196110322645254,28.802434316611592,28.829901,17307326.06400556
2012-08-30,28.65595543352781,28.729197494483863,28.52778274238049,28.536938,19644122.26006869
2012-08-31,28.802434221915167,29.07709281516588,28.50031077641754,28.976385,23200116.06002612
2012-09-04,28.95807161630849,29.113710956504878,28.582706148776026,28.903141,18191409.681044698
2012-09-05,28.976386234798877,29.39752894078288,28.939766125067262,29.360907,25116282.068534188
2012-09-06,29.461614554041848,30.020086099709342,29.443304041578177,29.873602,24794172.249456223
2012-09-07,29.88275594108521,29.88275594108521,29.54401237018481,29.846134,20828144.169780917
2012-09-10,29.83697925202788,29.98346334777272,29.57147591296475,29.580633,20305166.816068474
2012-09-11,29.56232014974582,29.71795765811309,29.44330091584158,29.589785,23543636.292051464
2012-09-12,29.754574922788272,29.754574922788272,29.51654015445673,29.534847,22503035.30591508
2012-09-13,29.58978822776788,30.020086187447305,29.379217333820275,29.864445,29984633.11634621
2012-09-14,29.891910257700268,30.212342360778685,29.84613031929395,30.166567,25300113.803566046
2012-09-17,30.038394335972285,30.331362513190907,29.98346188721824,30.303894,27326271.66542359
2012-09-18,30.30390323557462,30.459544458207148,30.15742001784788,30.230663,27618008.24546918
2012-09-19,30.22149696368649,30.28558741511414,29.809513207456995,30.010927,22843054.167790283
2012-09-20,29.846125629961474,30.10247548356472,29.470761138768605,29.534847,41512448.193437405
2012-09-21,30.2398105196511,30.477849013528452,29.55316629996044,29.727118,68710037.37751505
2012-09-24,29.525704856433737,29.69965382998467,29.370067313048185,29.49824,20219202.31550086
2012-09-25,29.461614461393435,29.50739074240865,28.610175634510405,28.655951,33595782.92279325
2012-09-26,28.399598370322156,28.454529895216396,27.98761193361536,28.134096,31931937.141324893
2012-09-27,28.16156911472034,28.76581604631057,28.106638491010518,28.58271,25559305.62916533
2012-09-28,28.5003155043826,28.939769692695762,28.44538487525063,28.802439,29507417.09704515
2012-10-01,29.031314106261632,29.296817429744234,28.875676594717206,28.994694,31034524.55818296
2012-10-02,29.10455949846398,29.30597238221896,28.747503601895733,28.976385,23876885.781300876
2012-10-03,29.12287082771757,29.34259698987973,29.013009577687836,29.132027,21518566.35310684
2012-10-04,29.159488722570536,29.27850704388715,28.976383612852665,29.205265,27478097.185558833
2012-10-05,29.34259490297059,29.379216842918666,28.63764201388945,28.738348,34121382.99532736
2012-10-08,28.564402429316583,28.72919522238323,28.253123694871427,28.546091,24315538.334127776
2012-10-09,28.436220531782844,28.472842466557918,27.868596564465125,28.060856,25462207.745907675
2012-10-10,28.051682,28.180106049323676,27.91408382145193,28.051682,25186052.87198108
2012-10-11,28.189283130185,28.519518793278607,28.088378706005457,28.180109,22278235.884882487
2012-10-12,28.14341916645161,28.61125397474071,28.14341916645161,28.436962,20319814.75377011
2012-10-15,28.49199888625696,28.785541704581014,28.455306951287763,28.712156,28499501.530181155
2012-10-16,28.8038910384722,29.253377592770303,28.693813391315334,29.235033,24009579.090418674
2012-10-17,28.92314029580349,29.079084910276755,28.62959565744659,28.647943,30879258.102405466
2012-10-18,28.565383590860456,28.657116635696767,28.216802423624603,28.547039,28358548.64015494
2012-10-19,28.50117256266404,28.666290395341203,27.886567296587923,27.959953,28604699.585868403
2012-10-22,28.06085745197589,28.336052913719445,27.8040065808608,28.253494,18901120.783914372
2012-10-23,27.99664551029748,28.29018832036613,27.932433937916247,28.060858,23312115.866164893
2012-10-24,28.345224352941173,28.39109132908588,27.859045046732938,28.070028,23593372.261687804
2012-10-25,28.317711213571833,28.638771853943297,28.17093796177978,28.308538,22561341.05887065
2012-10-26,28.262673220142243,28.528697360438855,28.079210763078155,28.427792,21601587.770165194
2012-10-31,28.65711841312741,28.79471569561303,28.308537224271138,28.510347,23813247.590427432
2012-11-01,28.620425949087515,28.913967852604827,28.37274827668361,28.877275,24948837.03535046
2012-11-02,29.170816569728277,29.17998978277452,28.602078278182578,28.629597,18806060.551561378
2012-11-05,28.391096514121344,28.7580241344,28.22597775488,28.666292,14814982.872566847
2012-11-06,28.8314086560673,29.27172288307692,28.739676525440295,29.014872,16372453.029646313
2012-11-07,28.7121560325924,28.758023015328906,28.216803443429576,28.244324,24305224.132668212
2012-11-08,28.189286634122286,28.418616984220908,27.895743785996054,27.904917,19516387.595777474
2012-11-09,27.886570069192747,28.189286125864907,27.767318289291595,27.840704,16938338.376788177
2012-11-12,27.89574226586608,28.02416633760166,27.602199433735954,27.794836,11952845.090915449
2012-11-13,27.593026281145903,27.978301249167224,27.418734306862525,27.537987,22784817.931681063
2012-11-14,27.611370057471266,27.657236120689657,27.079323724137932,27.134363,24596508.198847342
2012-11-15,27.134362224562196,27.58384963125711,27.116014882477902,27.473772,28664985.51036239
2012-11-16,27.547156553321198,27.6388868386788,27.317826253321197,27.519636,27789284.712922804
2012-11-19,27.74897227103425,27.758145485008146,27.382043712078428,27.648066,24583641.092613854
2012-11-20,27.537985249735588,27.703104,27.317829056466056,27.703104,19020816.49219524
2012-11-21,27.6939334271898,28.005822696926643,27.638892309652306,27.88657,18994324.508177232
2012-11-23,28.115898245472184,28.491999066507923,28.051685753557564,28.363575,8951607.122867975
2012-11-26,28.180112861106036,28.409443214120582,28.051688780739298,28.40027,17054981.81373276
2012-11-27,28.620428406764937,29.143300683962224,28.583734633687847,28.638773,26922189.065282233
2012-11-28,28.57456395831962,29.189169346829225,28.427792522257626,29.170822,23550304.423948012
2012-11-29,29.280897708542717,29.482707489713825,29.17999144197513,29.207512,24206675.04989812
2012-11-30,29.216683965195777,29.574441113697947,29.12495183343692,29.5194,29009028.23228114
2012-12-03,29.693692448704816,29.812945146612655,29.546921026444572,29.638655,24156528.19465998
2012-12-04,29.55609657525545,29.78542692641881,29.36345632831401,29.702868,18958567.75147437
2012-12-05,29.308413856383716,29.46435662892878,28.72132644174128,29.354279,33549098.582867596
2012-12-06,29.34511206072782,29.455191547830022,29.26255313339223,29.381804,27397812.362624157
2012-12-07,29.491884756008712,29.51022751466798,29.143300790413534,29.280899,20081402.28208157
2012-12-10,29.280894810102904,29.565264402556906,29.280894810102904,29.418493,22579439.470267903
2012-12-11,29.519406556586265,29.812949443413725,29.37263511317254,29.666178,28034118.247385968
2012-12-12,29.71229114353409,29.869110425614263,29.36175897114092,29.46323,21903820.531737357
2012-12-13,29.454005854982416,29.527800454430803,28.955878933100287,29.158821,22340588.551512424
2012-12-14,29.094250493614847,29.620050184659892,29.002004933782384,29.48168,23774369.23775036
2012-12-17,29.51857524752475,29.952130243928252,29.334083229772244,29.813761,26068792.058808014
2012-12-18,29.970588191608936,30.3949169004084,29.84144070096926,30.330345,40974974.92354933
2012-12-19,31.23434813043449,31.686348615634376,31.206675384365617,31.446512,66060197.20088512
2012-12-20,31.446511261830036,31.59410415716276,31.2989183664973,31.308142,30483743.74563971
2012-12-21,30.911491057131876,31.289697923435597,30.625532535342714,31.142105,49434998.84791989
2012-12-24,30.865356844716345,31.031398817163772,30.82845770616151,31.003727,6994267.671493172
2012-12-26,31.05907155678294,31.225113529230367,30.754663118873463,31.003727,14398636.469805708
2012-12-27,30.9391599197504,31.012954518482235,30.441033002705137,30.690096,23415979.343955133
2012-12-28,30.477938036931793,30.893044035099205,30.44103888552392,30.459488,18203692.13034704
2012-12-31,30.358022100540214,30.86537189687188,30.15508089056936,30.736229,27448468.060281564
2013-01-02,31.43729474307509,32.04611555624375,31.298924531534293,31.99999,36596225.88137059
2013-01-03,31.94463980544489,32.05533356003108,31.492634695946123,31.649454,23653711.903513405
2013-01-04,31.778598095856488,32.055333868669926,31.73247623576729,31.926191,23510398.552940436
2013-01-07,31.76937463490703,31.84317201626489,31.55720981556344,31.760151,15185877.705682192
2013-01-08,31.50185965129494,31.833939967630723,31.418837727299845,31.769369,18872345.201162163
2013-01-09,31.824716144071854,32.101451883738676,31.71402240167845,31.787817,20524241.191752803
2013-01-10,31.880064482467002,32.21214571051716,31.741695228587798,32.202923,19343588.033918533
2013-01-11,32.249054737640115,32.28595389311664,32.08301268904694,32.156811,16374984.668262037
2013-01-14,32.12912954254066,32.285945145478976,31.91696107033378,32.249046,15815829.38641348
2013-01-15,31.889284869184877,32.17524698080571,31.843162096738848,32.009205,17630770.157009523
2013-01-16,31.944642287774457,32.16602981415025,31.88007038781568,31.953865,19088396.048233915
2013-01-17,32.06456189005557,32.11068744760561,31.91696896147114,31.935419,19325695.528619807
2013-01-18,31.907739166113956,32.40586611197809,31.7416971583111,32.387417,32618263.725350495
2013-01-22,32.23982803668417,32.267500785571144,31.85239479297515,32.221378,20932712.28188937
2013-01-23,32.24905305993264,32.470444291450974,31.99999,31.99999,18684689.73784679
2013-01-24,32.17524951361891,32.65492730727296,32.11067762711141,32.230595,20230785.728218794
2013-01-25,32.285951885642966,32.65493603781899,32.175258115919384,32.636486,19579583.784274448
2013-01-28,32.66415284934854,33.01468690037665,32.63648010375895,32.784073,21810805.81779756
2013-01-29,32.618036427711075,33.088487017971524,32.35052333623598,33.005466,19821872.10188761
2013-01-30,32.98701642453396,33.09771388408061,32.553464980865485,32.636486,15447786.757737951
2013-01-31,32.53500949760684,32.9224399329339,32.51656038533147,32.756397,20681428.694511183
2013-02-01,33.088484071150646,33.494366412219975,33.033138575676816,33.402119,30056403.58548211
2013-02-04,33.033145998654426,33.208411693469635,32.31362856705082,32.405876,25579326.34179678
2013-02-05,32.4796650327303,32.95011929562371,32.41509313222298,32.728729,18063414.439344708
2013-02-06,32.57189939122449,32.67336671254619,32.29516001834638,32.378181,16915181.82547068
2013-02-07,32.424319786916094,32.461215247648,31.778599872727725,31.88007,29128011.164006226
2013-02-08,32.06455950726267,32.267501613896755,31.824722861047405,32.193707,20874389.162807498
2013-02-11,32.26749603396727,32.32284429095795,31.8708392140101,32.249046,13712096.641593678
2013-02-12,32.184474923329766,32.51655986139106,32.147575776917975,32.387417,15899193.432631567
2013-02-13,32.47966750682867,32.52578937396289,32.17525894044619,32.27673,14284478.581120206
2013-02-14,32.16603056057971,32.35052263005601,31.999988528261206,32.193707,17222289.802587815
2013-02-15,32.10146059718048,32.27672996479873,31.963094995928728,32.110687,19953259.748257644
2013-02-19,32.22138191800102,32.66416071332425,32.11991177740612,32.654938,17828496.04222185
2013-02-20,32.74717510695088,32.830196114264275,32.28594728854311,32.29517,17630874.972096447
2013-02-21,32.23982001784111,32.23982001784111,31.52030197452614,31.621773,22681961.79502332
2013-02-22,31.833940811779456,32.08300474545807,31.48341045223977,32.055332,14910961.614747899
2013-02-25,32.35051375322386,32.682597726738564,31.612549367635637,31.621773,21673566.248391572
2013-02-26,31.621782846774995,31.889295942307694,31.437294460296155,31.658682,17171012.994160656
2013-02-27,31.594105082179933,32.258274053078466,31.418839436296455,31.990761,16988784.730691463
2013-02-28,32.009209645632644,32.15680253888072,31.56643096588841,31.584881,25818478.899217635
2013-03-01,31.47418281897719,32.12912903465622,31.36348907411236,31.944637,22088868.950866465
2013-03-04,31.852389115558427,32.35974243377673,31.732472661814683,32.332066,15990472.438399082
2013-03-05,32.48889047826194,32.91321917521769,32.47966407640683,32.710278,16705517.776091661
2013-03-06,32.74717702880154,33.14383297591096,32.72872791498249,33.079262,23134769.73400434
2013-03-07,33.153061,33.32832944939873,32.987018031187986,33.153061,16367288.043233775
2013-03-08,33.153051777993966,33.29142103392386,32.90398785528462,32.940887,16244685.063125351
2013-03-11,32.931664001283224,33.1899506323871,32.87631482346654,33.097706,15297864.513981724
2013-03-12,33.0700315081794,33.0700315081794,32.4335389872989,32.682602,19958792.540447053
2013-03-13,33.04235949846208,33.07003132147255,32.60880352277822,32.820972,23013357.02238191
2013-03-14,33.023918080957905,33.51282244251004,32.85787603010276,33.485146,22809438.81682045
2013-03-15,33.309870150303624,33.60505499779856,33.30064282762608,33.522034,60900605.076649
2013-03-18,33.30064857404948,33.59583439493778,33.208404849933274,33.245304,22391102.594664197
2013-03-19,33.37444417412284,33.42056695490521,32.66415335007434,32.92244,22276193.72838708
2013-03-20,33.189950665362026,33.2729716648029,32.65492829165417,32.996235,44542092.05989714
2013-03-21,30.238093688630915,30.385686584841224,29.68462125029787,29.795315,143822098.11611322
2013-03-22,29.887561169488933,29.979804878048782,29.18649219574334,29.500128,69741572.9857172
2013-03-25,29.564703621544318,29.70307381845568,28.7437189888,28.82674,43031227.25635989
2013-03-26,28.974327860040336,29.324861879815668,28.974327860040336,29.094248,31893461.94547802
2013-03-27,28.974331042430954,29.620050899292863,28.863637290416925,29.472458,37973100.51399513
2013-03-28,29.417105801200105,29.878333564192513,29.324862093512678,29.822989,25667036.87391629
2013-04-01,29.85066414244943,29.942907857550576,29.555478350409935,29.896786,20247695.387724955
2013-04-02,30.11818098552358,30.385690375913782,30.00748353218787,30.201202,24521068.705781974
2013-04-03,30.37646566750212,30.385689301884426,29.70307394078451,29.887566,27692604.04445113
2013-04-04,29.850665288555863,29.989030866520082,29.730745133479925,29.859888,19690703.05408379
2013-04-05,29.306417441661488,29.62927601258261,29.214171872125256,29.546255,26467721.02199416
2013-04-08,29.583148972708624,29.850662,29.426331531942786,29.850662,15322581.393149672
2013-04-09,29.97981295460615,30.514839153784532,29.94291380082162,30.47794,32616631.113762934
2013-04-10,30.57940165516893,31.317365132357665,30.57940165516893,31.114424,38962313.10597297
2013-04-11,31.012959,31.289694781195024,30.957613504181214,31.012959,25020931.118481793
2013-04-12,31.031404000180576,31.059076744421777,30.45948247756971,30.865362,19955649.753655896
2013-04-15,30.800784682446608,30.902255698239504,30.256536,30.256536,21266610.969031617
2013-04-16,30.394911653748842,30.89303857908447,30.358012508857716,30.828463,18765782.043003574
2013-04-17,30.53328331462775,30.560959754345017,29.933689847744212,29.970589,27401856.551901594
2013-04-18,30.11817825270007,30.256543830238787,29.42633468326073,29.629274,26985037.672792792
2013-04-19,29.287966428420344,29.94290900719868,29.214169977577082,29.859888,32946191.47963984
2013-04-22,29.97058317793696,30.127398779212786,29.66617099630996,29.998255,20331494.215246856
2013-04-23,30.182742254024777,30.44102884907667,29.85988101222979,29.942902,25979466.854451854
2013-04-24,29.970585577029624,30.284220494509473,29.924460027680375,29.989031,24501774.425335716
2013-04-25,30.035160089483945,30.053610126907156,29.712298732641866,29.767647,28088285.043154404
2013-04-26,29.70306911457333,30.00747759585477,29.675392681189226,29.850662,24257212.599713866
2013-04-29,29.878336575476308,29.979807616016902,29.647722670737714,29.739971,34019306.02967299
2013-04-30,29.721517754106436,30.32111199673646,29.721517754106436,30.238091,54233617.723152556
2013-05-01,30.21042416314837,31.012959699377834,30.18275141461493,30.588631,35461865.55390465
2013-05-02,30.54250560106956,31.16054900335473,30.42258545154602,31.077528,24925535.905149855
2013-05-03,31.298914594100818,31.31736462624926,30.69931760662424,30.791565,25992365.375933312
2013-05-06,30.84691502901653,30.911486,30.514833772982374,30.911486,19474649.61959448
2013-05-07,30.92993190676475,31.16977218101059,30.616297037634578,30.680868,19464353.61900452
2013-05-08,30.524054366528823,30.966833033677016,30.524054366528823,30.865362,23180195.347046312
2013-05-09,30.717769922714425,31.36348975182523,30.6993208110957,31.086754,20295936.61409937
2013-05-10,31.206682239091535,31.391170635745233,31.040640191472487,31.381947,18823774.127207596
2013-05-13,31.317372315805965,31.36349417890747,31.040636524918373,31.160553,13218412.38846435
2013-05-14,31.040638574382097,31.594110192700338,30.948390229809814,31.059084,25540953.52197766
2013-05-15,31.123645163907845,31.455725398059172,31.09596873621076,31.354259,19903944.523804564
2013-05-16,31.446511354859222,31.926189188565235,31.446511354859222,31.704798,27672117.81237969
2013-05-17,31.907734518062654,32.313614,31.769365275927818,32.313614,29255396.100640424
2013-05-20,32.11068506138501,32.31362347819616,31.88007112760931,32.193707,19866969.549446415
2013-05-21,32.19369361948003,32.58112302228621,32.19369361948003,32.378181,21337509.683888666
2013-05-22,32.35051773829184,32.4243160308524,31.289691958420985,31.474184,36578888.08992157
2013-05-23,31.317364388713152,31.741692985977213,31.23434339572454,31.575651,22160961.14692932
2013-05-24,31.07753392328681,31.4926390191783,30.82846994329615,31.409618,24545892.35556765
2013-05-28,31.981528841493105,32.08299986419385,31.60332210421518,31.852386,23233858.982112046
2013-05-29,31.732477,31.880068985242414,31.47418664416133,31.732477,17350210.385706734
2013-05-30,31.815486144270004,32.09222182053337,31.677116,31.677116,19435521.087210085
2013-05-31,31.47418794178908,31.787822883578155,31.132880251121385,31.160553,26464251.567932695
2013-06-03,31.225117103187817,31.7324713224472,31.114424287130678,31.723244,21445695.566862583
2013-06-04,31.677128022248247,32.05533485070258,31.326593941712943,31.511086,22033470.506221205
2013-06-05,31.455733965632064,31.92618908676357,31.363490250981542,31.474184,23855457.22152479
2013-06-06,31.345043921741762,31.345043921741762,30.560957518315146,30.763895,31609865.613005117
2013-06-07,30.9852947723959,31.391174460236304,30.73623167062314,31.188236,22276294.48324362
2013-06-10,31.345047018650423,31.44651715320168,31.197454095666785,31.409618,18322287.717682526
2013-06-11,31.049860016085788,31.501865170797675,30.89304438616854,30.966839,16558518.129667675
2013-06-12,31.20666902808508,31.243564477902563,30.90225689140811,30.920706,14885380.430834925
2013-06-13,30.87459249296663,31.658678897518246,30.819244229781017,31.594107,17049491.223157533
2013-06-14,31.501855921013973,31.658671504885987,31.086750040015424,31.151321,19026826.438596297
2013-06-17,31.391165715420016,31.944640965642137,31.363492967610153,31.612556,21028869.478317413
2013-06-18,31.603329515941482,31.907741732980135,31.557207654741504,31.732477,18374107.823306702
2013-06-19,31.76014690994426,31.907739808741564,31.437289288736398,31.446512,21039928.243870102
2013-06-20,31.25279710591831,31.381939969344778,30.46870798958018,30.63475,38183300.62355985
2013-06-21,28.32861375135368,28.448533915346186,27.655222009795025,27.802814,152650690.29295018
2013-06-24,27.784364141547428,28.079549939359826,27.701343135912694,27.830486,85553384.29950523
2013-06-25,28.13489289502313,28.162567482621277,27.572194114667163,27.636766,69435869.44827408
2013-06-26,27.84893863011787,27.88583593582734,27.54452824775522,27.802814,56837200.70818011
2013-06-27,27.95963036162869,28.72526856571282,27.941183093188602,28.088776,46630858.81758963
2013-06-28,27.931953972665642,28.420853551684974,27.904279384704637,28.328608,43131727.51774108
2013-07-01,28.494650470282714,28.577672390645223,27.738237856252482,27.775137,36817926.51330216
2013-07-02,27.75669244285714,27.996530928571428,27.627549565312858,27.765917,35898200.30075002
2013-07-03,27.71978903292586,28.4116307123447,27.710566322111422,28.319387,20195769.37275161
2013-07-05,28.586900945274095,28.78061755661351,28.17179682012171,28.771393,24059476.16765723
2013-07-08,28.91898926066351,29.195726,28.826743680884675,29.195726,31334075.919194475
2013-07-09,29.057350888324873,29.14959644670051,28.80828788071066,29.0758,31279880.037694577
2013-07-10,29.038763449195805,29.112841925020334,28.751707503413865,28.918385,30733461.706108414
2013-07-11,29.23321562576222,29.63138739386731,29.23321562576222,29.501751,35846313.43383653
2013-07-12,29.538792624,29.63139072,28.927645190399996,28.936905,170278555.18757105
2013-07-15,29.149883888152694,29.677692168532715,29.001726917946073,29.640652,39464521.931339435
2013-07-16,29.62212819125,29.77028698321175,29.501751603480876,29.631388,24332467.989687152
2013-07-17,29.69621370149254,30.03882578048657,29.677693153620897,29.779552,24144121.442794036
2013-07-18,29.59435387279149,30.057344404687186,29.455456713222784,29.640652,25503329.304928925
2013-07-19,29.6591658935682,29.6591658935682,29.17765677439872,29.501751,30791133.33008607
2013-07-22,29.436936520993992,29.538793503646268,29.353598232112233,29.511015,18099831.664891902
2013-07-23,29.511013736395665,29.80732578777022,29.455453027558185,29.696209,18111603.74039663
2013-07-24,29.983263042784316,30.14993960797964,29.909182717402334,29.992521,21602604.995972164
2013-07-25,30.011043164690857,30.011043164690857,29.60361061290107,29.974003,22732972.63464276
2013-07-26,29.96474343474728,30.186976077141487,29.779546325152232,30.13142,18692069.849628724
2013-07-29,29.992521789228423,30.149940401350403,29.788805055981467,30.075861,17407809.671683215
2013-07-30,30.186980126132603,30.28883896676366,30.085125915406756,30.140682,19806776.988632835
2013-07-31,30.168461323273156,30.325876233439025,29.585092396465743,29.955482,32981779.893209532
2013-08-01,30.205505519209648,30.399964347229556,30.00179243516849,30.325884,17059741.77042951
2013-08-02,30.20549712068778,30.27957744731959,30.075860715996313,30.159199,20516729.14124808
2013-08-05,30.177715566434284,30.464771478708773,30.14067540686469,30.353651,12042689.785446238
2013-08-06,30.325871795454546,30.761083705980823,30.279573680526273,30.557367,20109379.8428379
2013-08-07,30.34439495368678,30.557370566727606,30.261056670322976,30.390694,18809134.73051981
2013-08-08,30.474037082071465,30.649971633804054,30.3351380692977,30.575895,15340054.379438445
2013-08-09,30.47403004337971,30.659227141000677,30.279574989138457,30.483288,12576933.850049246
2013-08-12,30.38142939515368,30.872198267669173,30.32586962406015,30.78886,12685360.874030413
2013-08-13,30.918496379282406,30.983315031913985,30.65922362071759,30.78886,13756981.421202345
2013-08-14,30.79812802113888,31.15926433632315,30.770350441465595,31.085184,21257886.32938444
2013-08-15,30.77961219110052,30.77961219110052,30.131424525125574,30.30736,21139309.329483002
2013-08-16,30.18697652508226,30.418471758035054,29.909183171519842,30.011042,21063176.713424344
2013-08-19,30.001785457645557,30.279578824309798,29.640649173282874,29.686951,14455588.564335894
2013-08-20,29.686946682286873,30.02029700703525,29.63138690585755,29.816584,14978927.628671346
2013-08-21,29.80732410149047,30.205495886573186,29.723984894910863,29.909182,12911065.506391983
2013-08-22,30.020300915303338,30.12215974703381,29.751769214452054,30.001785,11092668.670987409
2013-08-23,29.983266348077336,30.242540107648722,29.418417,29.418417,29296928.791239854
2013-08-26,29.409160940012367,30.186983243894247,29.409160940012367,29.94623,20398471.660706542
2013-08-27,29.307296552633844,29.816586992167657,29.26099750594722,29.427675,17345497.531204894
2013-08-28,29.43693544998601,29.548052238471257,29.316557,29.316557,17191606.29947098
2013-08-29,29.23322153838418,29.6128737661554,29.22396080196969,29.3536,15132167.230326094
2013-08-30,29.39063237129214,29.723983627511434,29.362852019629532,29.501751,15166944.22796464
2013-09-03,29.78880328108007,29.97400038445009,29.464711822610866,29.649908,15818145.068106115
2013-09-04,29.64064211400384,30.08511658030309,29.594344002237065,29.927698,14083230.056651868
2013-09-05,29.983259474849902,30.11289586192783,29.779542771205374,29.872139,12352199.858342921
2013-09-06,29.909180232119123,30.057337166648413,29.492489779736346,29.816584,13634623.356766826
2013-09-09,29.918453202011726,30.455520440736368,29.862893404580152,30.325884,13391740.699133454
2013-09-10,30.372173292759978,30.548112445750323,30.325875172675744,30.427734,17191390.917210594
2013-09-11,30.436996913207295,30.770351025136275,30.31662215178043,30.575895,21266417.4180347
2013-09-12,30.56662600907436,30.659226872024583,30.31661488347701,30.362913,17549067.022986233
2013-09-13,30.40920862012349,30.436987117364506,29.95547618887264,30.057335,19048343.65260926
2013-09-16,30.409219530202623,30.696275525111325,30.35365973784477,30.529598,27340622.64157229
2013-09-17,30.54811086808375,30.95554060045343,30.492550163713172,30.798122,21903584.16774244
2013-09-18,30.75183049214209,31.400018168881548,30.677753858303273,31.362978,42281749.77031518
2013-09-19,31.149991810224396,31.48334580948202,30.788860240155213,31.381487,68377554.69279388
2013-09-20,31.42779708070902,31.60373533871925,31.1777812619228,31.529655,57744592.08416964
2013-09-23,31.298154669132664,31.798185299887606,31.251856548375265,31.427792,28394861.07413782
2013-09-24,31.32593514583612,31.381491220912462,31.103697881798393,31.149996,20473748.794115417
2013-09-25,31.26111915604261,31.566694761933714,31.205563069635108,31.362978,21224083.929367293
2013-09-26,31.464841881548598,31.724114771399982,31.19630640154592,31.307426,16869672.569728345
2013-09-27,31.140742698649518,31.43705662571624,31.029622198056433,31.279638,15193291.940632433
2013-09-30,31.011107644009503,31.04814410857697,30.59441523978355,30.71479,27141591.77825406
2013-10-01,30.742567648368986,31.06665912028773,30.612930318816748,31.020361,17603278.3757739
2013-10-02,30.84442498981701,31.23333604542755,30.798123166446736,31.187037,21006480.60923518
2013-10-03,31.048139692061152,31.177776096426953,30.63145105103231,30.779608,16717514.887135662
2013-10-04,30.835367849905687,31.123463862690688,30.72384846152049,30.863247,16199631.035098154
2013-10-07,30.537985651625995,30.89113430447003,30.47293212361138,30.519398,15226030.474126656
2013-10-08,30.51010234245636,30.59373886402622,29.98967233054286,30.082605,25588592.617547583
2013-10-09,30.156956235547785,30.166247737524724,29.738754077003854,29.915327,21150583.456567265
2013-10-10,30.18483869628138,30.668093502995244,30.054731632935344,30.658802,23221629.343553603
2013-10-11,30.74243325629244,31.02123309537511,30.612323443022756,30.90971,15084750.389518375
2013-10-14,30.67737538433839,30.993349581933764,30.5658560086406,30.928297,13861941.998216067
2013-10-15,30.798200182114197,30.90971959476275,30.389294120175876,30.43576,22249214.41094292
2013-10-16,30.584451029073282,30.85395942721617,30.565863377750517,30.686678,17645177.037410177
2013-10-17,30.314939995365563,30.714554483336798,30.22200732284781,30.547274,24557210.249860592
2013-10-18,30.435750756185364,30.658793231085696,30.249882646659017,30.575153,18801275.170901027
2013-10-21,30.88182909857878,31.03981804562713,30.51009663165813,30.621616,17828646.815008067
2013-10-22,30.751724962509122,30.798190828220832,30.528682487608783,30.575153,21242265.557343245
2013-10-23,30.537979749581226,30.565857968955843,30.147656798258627,30.389286,26481597.317235425
2013-10-24,30.4264600038185,30.90041946628364,30.417164785908675,30.733139,28594181.414400917
2013-10-25,30.863246369713977,31.123463227090543,30.677378247971813,30.807489,21327701.509240173
2013-10-28,30.891131390691648,31.095582528587432,30.75172912799424,30.798195,18973546.156428974
2013-10-29,30.891135793146766,31.346508652521756,30.891135793146766,31.327921,17167845.93032203
2013-10-30,31.430145385330913,31.550960001837076,31.058409104596933,31.160637,16096545.39606812
2013-10-31,31.132755,31.51378274776119,31.076993912455073,31.132755,17401134.27160558
2013-11-01,31.318625988048407,31.430145385330913,31.067704323820593,31.160637,16265160.397208823
2013-11-04,31.318629497079513,31.37438687862785,31.095586960179944,31.327921,13692569.554009028
2013-11-05,31.17922086917149,31.30932790499239,31.049114762686564,31.132755,12010188.304889819
2013-11-06,31.28144233049603,31.91339066040505,31.24426796998914,31.66247,27099569.99564469
2013-11-07,31.764702469411766,32.024915603605244,31.541660914193475,31.597422,18401526.554919574
2013-11-08,31.523074529280088,31.922689,31.374380772733147,31.922689,15094971.383626236
2013-11-11,31.885518699353963,32.182906215716706,31.857636761022974,31.941277,12283071.073986804
2013-11-12,32.02490955755442,32.38734957685148,31.8483366914024,32.247952,17372623.10936831
2013-11-13,32.15501978704251,32.526756,32.14572828685714,32.526756,15942352.197679965
2013-11-14,31.755405674038872,32.127141890717226,31.653181513594753,31.950569,27751967.9787518
2013-11-15,31.931989568052526,32.461710219742855,31.88552276269933,32.452415,23110799.028195586
2013-11-18,32.41524212716027,32.64757613803917,32.359481035213285,32.461708,16240842.16394282
2013-11-19,32.51747705357899,32.51747705357899,32.182915076224276,32.303726,15637935.231811961
2013-11-20,32.37806222964029,32.49887682401214,32.220073270536865,32.294422,13090530.77339486
2013-11-21,32.37806433480436,32.57322395398474,32.25724973257735,32.470997,12668185.34173743
2013-11-22,32.35948278039146,32.49888412377289,32.22937572728247,32.368778,14877610.043005021
2013-11-25,32.45241010603227,32.489584474044875,32.15502259661917,32.322304,15875636.503084678
2013-11-26,32.23866642022021,32.675455290008586,32.16432139541105,32.461708,30563433.10709344
2013-11-27,32.58251376802911,32.898488866365355,32.545339407046214,32.796261,17345936.907874953
2013-11-29,32.61968441166885,32.917071864845745,32.56392705220555,32.796261,12752656.372978004
2013-12-02,32.87061667895253,32.889203400811894,32.489588880835534,32.601112,21826764.454194076
2013-12-03,32.51747097301488,32.628990372164694,32.37806870373539,32.591816,17803355.020168252
2013-12-04,32.43383072665047,32.69404296777873,32.35948198232107,32.591816,21525044.201280467
2013-12-05,32.68474350401076,32.68474350401076,32.35947778017089,32.387356,22424076.02896019
2013-12-06,32.666163962674354,33.000721222782246,32.619693442906254,32.972843,17211535.080550987
2013-12-09,32.97283954454154,33.223760251334845,32.898494527126545,33.084358,18072043.78606954
2013-12-10,32.917076339520065,32.9635459234033,32.31300985181063,32.340889,27430016.982783005
2013-12-11,32.48029606156131,32.58252302764271,31.987745164251876,32.117855,18490620.16077973
2013-12-12,31.45802300936512,31.504493528582294,30.93759761639536,31.225689,33299042.27599269
2013-12-13,31.281444411676198,31.31861877465634,30.872537570924774,30.88183,19606690.277098212
2013-12-16,31.03981592427037,31.485896155158795,30.993345419404015,31.169922,24486629.281789668
2013-12-17,31.253567,31.402260742828016,31.021233026831222,31.253567,23438350.085994985
2013-12-18,31.476603770467904,32.303711733450506,31.318618537348414,32.155018,43235070.1728794
2013-12-19,33.01001011857979,34.348252842699864,32.99142340117068,34.013691,67634643.18792687
2013-12-20,34.06017392659026,34.199571569964654,33.799957,33.799957,43884010.53933294
2013-12-23,33.948641686694366,34.40401723639318,33.93934925643109,34.320377,19371681.260960504
2013-12-24,34.348254144619084,34.738577083676745,34.273909130836444,34.682816,10405387.267285332
2013-12-26,34.69211383670623,35.08243308788626,34.66423096942316,35.026672,12392611.821160173
2013-12-27,35.21254382184874,35.51922659284321,35.11031685107464,35.296185,16542023.960946487
2013-12-30,35.268306625924396,35.417000404882344,35.138199569336194,35.305481,12571339.655902151
2013-12-31,35.25900244698421,35.630737729259685,35.20324415271504,35.556389,12639563.609994255
2014-01-02,35.1103079189728,35.34264188435335,34.896560670822694,35.166069,19543096.045224734
2014-01-03,35.10082457991841,35.29660512890638,35.01691729850533,35.072853,12543162.8361143
2014-01-06,35.091482833614144,35.24064960838952,34.886377586005665,34.932995,16442696.46302586
2014-01-07,35.11013628587246,35.36185526614823,34.96096948274607,35.28727,18011728.77401964
2014-01-08,35.231337480507406,35.343211657656106,35.01691018741163,35.166077,17281699.29536354
2014-01-09,35.28727681072517,35.28727681072517,34.92368359022075,35.100822,14612900.012626484
2014-01-10,35.1940407781674,35.55763390954341,35.04487398281623,35.529667,16521532.115763986
2014-01-13,35.38050947533907,35.61358265414702,35.147436296531126,35.19405,22362397.1949804
2014-01-14,35.22200824179833,35.660186630729825,35.15674776953295,35.622894,14465846.893674612
2014-01-15,35.61358047407866,35.958527825305914,35.53899519684039,35.809361,18246309.08661006
2014-01-16,35.790718412164814,36.1449905961089,35.585613071021285,35.697491,14440742.725111969
2014-01-17,35.53898767851593,35.86529190442779,35.45508135703186,35.622894,15071558.109481502
2014-01-21,35.91190598079492,35.91190598079492,35.24065446942217,35.529667,14523339.426175874
2014-01-22,35.45508769909231,35.68816085601701,35.38050615346167,35.408474,15023501.831793146
2014-01-23,35.585605122014776,35.66951145234734,35.361856772379724,35.566963,15203596.617130341
2014-01-24,35.352536267655616,35.389828906838844,34.597382,34.597382,28763070.651288003
2014-01-27,34.73722159733727,34.83977471913101,34.01936,34.01936,20459026.864338424
2014-01-28,34.121900788887004,34.61601856954405,34.103258669612174,34.588047,14909377.861091722
2014-01-29,34.66263448897391,34.72789496272937,34.2244560900376,34.466854,17755801.227277663
2014-01-30,34.671956780169666,35.01690686614779,34.56940740311945,34.867741,13917842.453602027
2014-01-31,34.52278320305814,34.68127475986554,34.196481827832955,34.401588,18277207.554471035
2014-02-03,34.578729652901785,34.578729652901785,33.39471814955357,33.413364,22817516.48831288
2014-02-04,33.23623011642675,33.58117648334751,33.04044589085673,33.525238,17406553.945180047
2014-02-05,33.11503621265546,33.795609873557446,33.06842251063979,33.515923,12290560.86142697
2014-02-06,33.67439479117193,34.3363250787369,33.665073733352344,34.233772,15834305.339248039
2014-02-07,34.38294620744558,34.70924762998783,34.22445462765528,34.671955,14067152.54116187
2014-02-10,34.718578240954535,34.905033963820934,34.560086634586774,34.774513,11774093.256837271
2014-02-11,34.960966569767436,35.33388541109651,34.858413468870346,35.277946,12942398.177036725
2014-02-12,35.24065807479963,35.660190661938536,35.11013804780667,35.492378,13239620.743360728
2014-02-13,35.27794821436483,35.88394020419658,35.22200973204954,35.818676,12531689.3520464
2014-02-14,35.734778284279834,35.734778284279834,35.35253457775282,35.408474,16777350.30320708
2014-02-18,35.483053324627164,35.53898900979362,35.175395868701706,35.399147,11327239.087436205
2014-02-19,35.26862709692261,35.70680177451507,35.24065552507894,35.305916,13398584.687863642
2014-02-20,35.277947235955054,35.7534145333769,35.14742722181429,35.678833,12641955.525843574
2014-02-21,35.73476696562221,35.88393373880681,35.50169388252126,35.520336,14205415.554424934
2014-02-24,35.57628678490526,35.85597364180214,35.464412601522085,35.55764,11142531.495675756
2014-02-25,35.52967097176969,35.82800366352941,35.3245647406486,35.660191,12620930.717953812
2014-02-26,35.81867174424639,36.200915353156205,35.75341127697366,35.893257,12316844.080212615
2014-02-27,35.8932723133948,36.45264612122577,35.76275225545706,36.312805,15076486.904707585
2014-02-28,36.31280017384728,36.70436122791286,36.03311330710358,36.461967,20656389.087780148
2014-03-03,36.0983601874655,36.350080050514464,35.78138079317937,35.902576,14259154.006459035
2014-03-04,36.48993305451274,36.82555933773154,36.4153515077811,36.741653,14675756.722213887
2014-03-05,36.74165166531645,37.012017453811595,36.63909854618841,36.825558,12795553.566357365
2014-03-06,36.99337030393741,37.151858181077756,36.75097236377198,36.788265,14031968.099558378
2014-03-07,36.89081459228357,36.909460442469204,35.98648899369513,36.20092,14825282.69013605
2014-03-10,36.19160435791034,36.31280334704307,36.033116455858924,36.228897,9299975.836148143
2014-03-11,36.3594134005443,36.37805925357022,36.00514126075916,36.266186,13774108.357658565
2014-03-12,36.19159474922118,36.19159474922118,35.68815586833055,35.911907,14186749.369784234
2014-03-13,36.005143121617316,36.0424357618892,34.97962208448223,35.100822,16476799.623735307
2014-03-14,35.138110273723875,35.42712193761287,34.96097559632849,35.054203,15347433.555496898
2014-03-17,35.24065627752807,35.87461612258984,35.24065627752807,35.632221,16069312.687000344
2014-03-18,35.772060613279116,36.303467313330614,35.57628012976313,36.210239,31864679.158842336
2014-03-19,35.24066052660909,36.322119978787036,34.86774627101184,35.93988,48434256.0366117
2014-03-20,35.89324791225562,36.07038248914083,35.436422892424424,35.772049,20337187.144068822
2014-03-21,36.07971990829248,36.219560983415036,34.960968,34.960968,36359726.93891084
2014-03-24,34.95164901518748,35.744095805657416,34.84909590400547,35.594929,24175888.087879036
2014-03-25,35.548306148005565,35.89325336493472,35.52033458227289,35.800026,21184986.834959283
2014-03-26,35.80003507850353,36.78826236513514,35.76274244494649,36.433994,33634829.13004267
2014-03-27,36.3500838913391,36.881489646793526,36.17294553187951,36.583157,28192441.580894724
2014-03-28,36.84420836391205,37.1611888216028,36.53655083343889,36.890823,19741760.898096528
2014-03-31,37.058627676607195,38.62487911048644,36.946753506479766,38.140087,51851000.5758508
2014-04-01,38.26128741764871,39.156287338814785,38.186702148608724,38.68082,38005022.976855196
2014-04-02,38.568940338581754,38.80201346688049,38.084147299427876,38.345192,24407468.340617515
2014-04-03,38.261279751744404,38.35450712404918,37.60867416122552,37.636642,24130842.159164995
2014-04-04,37.963916699140874,38.08547791445723,37.08495099649825,37.384174,25491302.17508617
2014-04-07,37.21587900878678,37.32808675696223,36.50522588502866,36.907307,29208327.7794259
2014-04-08,36.87923565741136,37.73015017110109,36.80443177381791,37.627296,23738922.62668037
2014-04-09,37.84236646290068,38.2631460764521,37.57119463573399,38.225746,21724529.33460082
2014-04-10,38.235093334968354,38.38470485571197,36.91664274348724,37.206516,28230767.116109446
2014-04-11,36.94469025504854,37.2906696759647,36.439754215728684,36.449104,19951192.32560559
2014-04-14,36.542621516340915,37.16911798711145,36.542621516340915,37.000805,17134506.668165732
2014-04-15,37.12236277247456,37.38418202164611,36.69223054771779,37.150414,15563933.742434202
2014-04-16,37.346779427579754,37.54314737741696,36.94469748209351,37.524445,14560160.386510715
2014-04-17,37.36548353271801,37.571200348243494,36.83249238790719,37.477695,15660929.982172064
2014-04-21,37.627296,37.814307579127465,37.45898211901918,37.627296,9190309.109301927
2014-04-22,37.655349255940415,37.98262351926869,37.5337889614626,37.833012,11117967.440813333
2014-04-23,37.66469941213332,37.72080466748418,37.1691121847421,37.206516,10746231.252840227
2014-04-24,37.178457849101434,37.27196784677003,36.486506495094346,37.169109,14936177.24331245
2014-04-25,37.225213889565886,37.225213889565886,36.682871243526705,36.888588,12456582.009802056
2014-04-28,37.16911666037586,37.664703947442085,37.07561131879588,37.524445,21539728.999088462
2014-04-29,37.63665015241461,37.97327702673807,37.4683371827889,37.505741,16037587.632152101
2014-04-30,37.48703815198048,38.272498667013245,37.42158310906108,38.225746,17625272.9895945
2014-05-01,38.076133992525456,38.51561597643354,38.00132635998955,38.309902,14913824.34091061
2014-05-02,38.48756023701151,38.534312897951516,38.160286,38.160286,11453771.381852327
2014-05-05,38.45951310856176,38.58106966591691,38.12288624636948,38.534317,14675554.08539614
2014-05-06,38.33795215010739,38.60912396624113,38.30990092506956,38.347301,13525696.364002254
2014-05-07,38.47821541670484,38.5997719738473,37.861067884730836,38.394058,13443242.612447998
2014-05-08,38.42211681972393,38.581077224083124,37.917176895052044,38.2164,10922044.2738484
2014-05-09,38.150935854622546,38.58106803041477,37.907819009930215,38.375355,10974983.977670044
2014-05-12,38.54366648063415,39.403930799280104,38.515612452160155,39.226269,20053430.23450433
2014-05-13,39.291726297725624,39.35718133915449,38.93639799489692,39.170166,11035727.4891508
2014-05-14,39.25432226422343,39.29172514394161,39.001851891053775,39.160816,14988364.645292377
2014-05-15,39.12342050274267,39.431992455875175,38.936405129320846,39.207577,20604826.204894017
2014-05-16,39.170168415615606,39.244976052006,38.63717826618321,38.983154,16573481.727584176
2014-05-19,38.78678506451613,39.460037813629846,38.72133002703985,39.422634,12758055.486601934
2014-05-20,39.33848890451182,39.36653920140171,38.75874505420737,38.861603,11314847.7838189
2014-05-21,38.96445140912649,39.0766628630951,38.78678958541266,38.973804,11926032.57305856
2014-05-22,38.898999902495376,39.21692537128622,38.81484340827572,38.824196,13128612.476611236
2014-05-23,38.94575198422472,39.48809189237998,38.796140459176634,39.413288,12880505.023798065
2014-05-27,39.51614234221575,39.600298825393985,39.020556033643516,39.188869,13560666.473941874
2014-05-28,39.26368117036079,39.45069279381889,38.86159921363842,38.870949,12094040.10177369
2014-05-29,39.076657502686714,39.469385849302775,38.90834455264673,39.460037,10298138.079026638
2014-05-30,39.34783920093922,39.46004692745676,39.1327688592702,39.291733,14433645.113082694
2014-06-02,39.235619410040705,39.29172466400465,38.90834608664821,39.244972,12068482.665369213
2014-06-03,39.12340722115745,39.19821110095855,38.880290403980425,39.095356,11730007.394443473
2014-06-04,39.07666449006818,39.07666449006818,38.64653225368066,38.992508,9556803.038581155
2014-06-05,39.13276696632931,39.58160533126557,39.02991277180274,39.366535,11387142.87920946
2014-06-06,39.544200482475354,39.862125,39.506796662988585,39.862125,12242692.165753834
2014-06-09,39.880821336635286,40.0304319165607,39.656402193995255,39.927574,11023108.74954236
2014-06-10,39.806018512658234,40.09589179301864,39.731214616276375,39.890175,14391617.785582539
2014-06-11,39.6938030909976,40.095884008006976,39.60964661999564,39.796661,10290866.40265373
2014-06-12,39.76860919968995,39.852765675404235,39.12341048761905,39.273022,11828929.283822367
2014-06-13,39.3197665416669,39.44132680544202,39.001842143519674,39.403923,11041505.529167745
2014-06-16,39.273025325123356,39.48809189237998,39.05795875786673,39.413288,8716119.961886965
2014-06-17,39.45068670505087,39.927575294712824,39.25432252032135,39.572247,13680657.759970013
2014-06-18,39.628356002384514,40.07719060437389,39.55354836524211,40.030437,11022679.575219227
2014-06-19,40.142640101747354,40.385757881477474,39.67510411174331,39.749908,29148344.280152805
2014-06-20,37.645993851561194,38.28184369599128,37.33742198628123,38.169636,69624269.77296823
2014-06-23,38.27250459841872,38.6465353432117,38.104191604826845,38.431465,18134001.03500608
2014-06-24,38.328592239063504,38.70261812737277,38.02001669676235,38.113522,17602072.017422058
2014-06-25,38.08548237383791,38.18834029333515,37.76755696031994,37.833012,14853829.510338752
2014-06-26,37.917165968182516,37.917165968182516,37.384175901161846,37.54314,17798095.958009906
2014-06-27,37.430928039784455,38.02002428472796,37.430928039784455,37.898464,16384301.212827517
2014-06-30,37.96391809935825,38.16963579199694,37.861063928398515,37.898464,15077129.033561887
2014-07-01,37.78626106622516,38.25379708535687,37.78626106622516,38.122887,14059879.305573056
2014-07-02,38.27250062313796,38.52497102237441,38.12288908881834,38.291203,14330659.796721455
2014-07-03,38.31926197968069,38.67459038064556,38.309912191966326,38.655888,8409617.287798434
2014-07-07,38.458943381172055,38.55272562702701,38.21511873233354,38.346409,12752689.672730504
2014-07-08,38.15885339704647,38.308899564033936,37.86813900712039,38.036942,13169837.584488258
2014-07-09,38.08381571716881,38.18697305835895,37.50238436825481,37.755585,15687453.566851102
2014-07-10,37.40860263239448,37.999413804563495,37.40860263239448,37.811855,10201493.896557044
2014-07-11,37.97129288402888,37.97129288402888,37.493015917941285,37.633686,12734455.799580729
2014-07-14,37.91502146949758,38.14947003163893,37.75559457165298,37.971291,14488039.376211885
2014-07-15,37.86812993118025,38.27138142863335,37.849374047577776,38.018177,12597433.691094656
2014-07-16,38.27137451933269,38.337020100090044,37.63367459197551,37.755585,15699183.221629329
2014-07-17,37.70870533331577,38.17760245183243,37.38047922594257,37.427368,26069471.3558271
2014-07-18,37.493012115999996,37.661815071999996,37.4086097002058,37.511768,20392000.71828126
2014-07-21,37.53990882576019,37.73684846278432,37.436750504153885,37.521152,16917034.29763031
2014-07-22,37.64306668327905,38.16823342851912,37.47426368946258,37.915028,14638709.56392278
2014-07-23,37.91501334792822,38.12132991400715,37.73683435445605,37.802479,9801405.780602379
2014-07-24,37.83999587731495,38.140090035454456,37.83999587731495,37.952534,11513932.898332955
2014-07-25,37.76496947681778,38.11195236585312,37.76496947681778,37.821239,7980216.3267998705
2014-07-28,37.80248526683204,38.280759372645115,37.72746079278571,38.027554,10298848.049543234
2014-07-29,38.17760266379071,38.374538516866835,37.980666810714574,38.102581,10077263.832872633
2014-07-30,38.17759945911991,38.47769359144642,38.055689031244746,38.412048,12162903.59195896
2014-07-31,38.12133530023142,38.393292799103406,37.839993294998294,37.877506,14597552.735137843
2014-08-01,37.68995688927051,38.00880699280876,37.10852528531873,37.146038,16074631.756816164
2014-08-04,37.164784545763446,37.7180831157534,37.0710032515327,37.605545,13175812.111953171
2014-08-05,37.52114677559136,37.86813346802781,37.33359073543164,37.474258,9390759.043004936
2014-08-06,37.37110089209069,37.83999804099507,37.30545622903837,37.661819,8727713.549895186
2014-08-07,37.79310121966001,37.915015390220084,37.12726834773221,37.20229,9789462.33253383
2014-08-08,37.25856614217742,37.4836377035338,37.09914205494853,37.455502,9449833.862539072
2014-08-11,37.50238633537692,37.6430526309962,37.33358246678111,37.436737,10975544.033509117
2014-08-12,37.26794790977679,37.54928526615098,37.25856809104921,37.417995,7149009.010466756
2014-08-13,37.624304875113005,37.79310784236932,37.53052638665376,37.736843,11334788.902701797
2014-08-14,37.78373159806947,37.886889904258624,37.49301444025324,37.718086,10350884.445912765
2014-08-15,37.73684004581773,38.065066136421706,37.49301168105789,37.774349,14308896.51020061
2014-08-18,37.9337710026014,38.23386416667973,37.886882236977904,38.11195,8139953.383817937
2014-08-19,38.18697995349088,38.993483886213816,38.11195454349054,38.834057,15332362.15829832
2014-08-20,38.99347992358817,38.99347992358817,38.53395894642424,38.684006,10265686.418309417
2014-08-21,38.59960856759939,39.20917572426966,38.59960856759939,38.993484,10203944.719030492
2014-08-22,38.768413733643676,39.19979814460309,38.7027681370942,39.040375,9874980.715751322
2014-08-25,39.143536,39.424873352510524,39.04975375651549,39.143536,9444181.938836593
2014-08-26,39.24668506633322,39.387356070745696,39.18104041067617,39.237309,7806403.645061388
2014-08-27,39.15290529305729,39.199794062200944,38.84343135167958,39.049747,8999842.983873878
2014-08-28,39.07788179826672,39.07788179826672,38.64649741112755,38.702766,9316649.797071353
2014-08-29,38.67463251066248,39.1341497672562,38.67463251066248,38.94659,9565958.612271316
2014-09-02,39.01223847006683,39.08726388478157,38.880948214390116,39.068508,9104982.355609791
2014-09-03,39.19979676627273,39.340467772378126,39.030993809652344,39.293579,10707679.747960856
2014-09-04,39.284201051957886,39.47176084384503,38.79654803131641,38.965351,13060540.446611144
2014-09-05,39.02161696057101,39.162283274884125,38.69338618256525,38.702766,16160902.091597281
2014-09-08,38.45893286749589,38.61835973470373,37.76496713250411,38.11195,20962491.301061742
2014-09-09,37.990045202280406,38.36516479771959,37.91502353389888,38.177605,14975672.176290262
2014-09-10,38.168228932592335,38.271386305551246,38.04631473584659,38.177605,9740408.961366225
2014-09-11,37.74621550516224,38.15884400394624,37.69932673425435,38.149467,13210894.610926019
2014-09-12,38.205735471143846,38.205735471143846,37.88688546077348,37.980663,12702467.832117623
2014-09-15,37.98065994835219,38.23386434800788,37.70869872944647,38.130707,14947951.161776254
2014-09-16,38.27138703493892,38.75904101783285,37.980669858719835,38.627747,14097014.402105823
2014-09-17,38.62774571431428,38.759039727777136,38.23387305186857,38.580856,15017472.601351824
2014-09-18,38.77779120811286,39.171666677296436,38.63712488092602,38.965351,28209278.765267637
2014-09-19,38.05570150060652,38.130723182681486,36.83656587518459,37.324219,92428674.61797124
2014-09-22,37.21167053604495,37.267940058613085,36.79904300044719,37.117893,26202552.961322453
2014-09-23,37.042871244250776,37.12727272303515,36.38641436035592,36.414551,36632024.04188919
2014-09-24,36.35827770310896,37.09913598899325,36.17071888080765,36.967842,20193131.69878837
2014-09-25,36.90219855796174,36.90219855796174,36.24574639291261,36.3489,14169207.360453825
2014-09-26,36.35828011095558,36.58334883703423,36.123831567552465,36.527084,17068137.604589514
2014-09-29,36.170719173275735,36.226987758215216,35.889380937548935,36.048805,17686184.699159928
2014-09-30,36.06755692290499,36.17071520247428,35.76746283774057,35.898754,22545782.587793995
2014-10-01,35.93626964137569,36.02067110974008,35.5892867647828,35.720577,18610055.37508535
2014-10-02,35.776851568559444,36.151966445273445,35.56115514557695,35.889385,15790351.018831894
2014-10-03,36.10507521483865,36.6865066571276,36.011297674284535,36.470814,16303684.357319256
2014-10-06,36.65895840236744,36.91294750099736,36.64014446474276,36.762436,15061174.627709653
2014-10-07,36.63073752656096,36.7624379188987,36.15098303278687,36.179203,15211275.319989776
2014-10-08,36.51785461506919,36.73421396704269,35.78411195453597,36.705994,17014512.943035956
2014-10-09,36.67777422637201,36.88472472348866,36.22623594895013,36.4426,15950833.804662675
2014-10-10,36.36733402768157,36.78123868980035,35.83113691449538,35.840542,19383612.377619736
2014-10-13,35.84995034247537,36.48021521781761,35.61477617951434,35.962833,22030162.3901543
2014-10-14,36.367343326763994,36.724809100988345,36.141574182089656,36.179203,20738347.677020416
2014-10-15,35.727667935448245,36.150981536579145,34.97511042232664,36.02869,26109898.123925686
2014-10-16,35.73707761336731,35.91580814547901,35.29494818277561,35.332577,22769608.042439137
2014-10-17,35.4548655563949,35.765296477034504,35.12562257897076,35.624191,22454309.99057073
2014-10-20,34.15670549563618,35.56775085042574,33.69576307237469,35.558342,17704002.153584663
2014-10-21,36.01928301158508,36.18860844310141,35.78410880114575,36.075722,16351601.61829055
2014-10-22,36.094533632749965,36.15097637887823,35.351386016658765,35.407825,17869945.7306344
2014-10-23,35.821730383616696,36.216821095997915,35.75587785520101,35.962833,10268028.467056528
2014-10-24,36.047511206816424,36.44260585195956,35.98166241285825,36.433197,9541754.104093581
2014-10-27,36.21682276867031,36.423776982330835,36.075716382983394,36.150974,7999709.191791071
2014-10-28,36.06631511222173,36.43318686218955,36.06631511222173,36.357933,12365089.43628891
2014-10-29,36.433186636952485,36.442595486235795,36.17919756323279,36.292084,11612455.9242065
2014-10-30,36.122752219055585,36.36733145974026,36.11334243073195,36.21682,10252402.060699973
2014-10-31,36.57429441711922,36.734211,36.527260515382395,36.734211,17160469.946045663
2014-11-03,36.70598802174979,36.724802897875435,36.461404979780774,36.677769,10969103.23627372
2014-11-04,36.6213306774513,36.82828587888209,36.59311165156735,36.809471,13469800.82031062
2014-11-05,37.00700989648741,37.16692646152002,36.79065058613707,36.959976,13054472.743172236
2014-11-06,36.89413086649112,37.49617684182279,36.79065421448098,37.449142,12334898.503239404
2014-11-07,37.33625579531362,37.59965278595601,37.26100193120761,37.57143,14593968.775516396
2014-11-10,37.59965450634202,38.08881781516836,37.5243968760053,38.051189,11755221.526930472
2014-11-11,38.1264439318891,38.18288668586887,37.95711755134357,38.070004,7506137.300668527
2014-11-12,38.15466960424126,38.18288957231912,37.67491227367556,37.759575,11656357.441388046
2014-11-13,37.78778597352333,38.35220589606567,37.524391828350595,38.305172,12616924.833771795
2014-11-14,38.436874878013214,38.6344202791381,38.22051459887512,38.41806,12199998.125881422
2014-11-17,38.29576352431784,38.75670681047323,38.220509666158364,38.719078,12743320.385883154
2014-11-18,38.747297169933326,39.02010016093553,38.67204331331147,38.813145,9916267.113721397
2014-11-19,38.70967301456413,38.82255474279349,38.38983517993596,38.493309,9782748.830317497
2014-11-20,38.29576362385676,38.577971707217145,38.20169583056453,38.493309,9633497.756080154
2014-11-21,38.86959232310792,39.03891774949126,38.728485919728186,38.982475,13438336.15896887
2014-11-24,39.02951168877953,39.17061338515405,38.90722016541317,38.973068,10143651.072068537
2014-11-25,39.0483180484574,39.170609559881164,38.709671,38.709671,13186184.269259224
2014-11-26,38.737891199376435,39.424599809758774,38.737891199376435,39.386971,12320655.183410777
2014-11-28,39.49044741947654,39.98901478849579,39.405783775879584,39.894947,12639674.417915631
2014-12-01,39.518669463251356,39.86673009056706,39.518669463251356,39.584522,11483402.871576926
2014-12-02,39.41520274436207,39.847922385931625,39.37757392694632,39.678596,9655819.878304161
2014-12-03,39.45282649218881,39.64096586955117,39.170617426145284,39.565712,10976968.399456581
2014-12-04,39.62214826393794,39.62214826393794,39.029512102198325,39.405788,9755640.715087337
2014-12-05,39.52808271881708,39.52808271881708,39.12358306224661,39.44342,9487966.02830079
2014-12-08,39.424599164723205,39.53748182936572,38.87899695364372,38.916622,13571324.1563849
2014-12-09,38.5497518540662,39.4434137442898,38.465088207979875,39.386971,14773624.280539367
2014-12-10,39.2270552846388,39.330531926793086,38.455683952215956,38.493309,13338623.782767026
2014-12-11,38.68145179146475,39.170614131462905,38.29576610031236,38.3428,13177253.179433951
2014-12-12,37.85364000470673,38.361613439738406,37.55261327473624,37.580837,14997606.469174702
2014-12-15,38.76611480009337,39.18002422072658,38.35220914224741,38.672047,23751648.4023486
2014-12-16,38.46509933828158,38.907228809089126,38.201706060024954,38.22052,17459926.014206506
2014-12-17,38.625009266255546,39.161206410570415,38.26754356268222,38.719078,19295272.475238174
2014-12-18,41.230735861359506,42.67940587361016,40.98615285209053,42.660591,57931109.088685624
2014-12-19,42.4254279164323,43.41316341508943,42.31254617086956,43.272057,44416219.917624906
2014-12-22,42.867544390030915,43.31907782078954,42.71703293287917,42.942802,22604950.243554205
2014-12-23,42.82992645464883,43.74240333590103,42.7640776754335,43.28146,14927657.151935264
2014-12-24,43.610710541389125,43.93995258493579,43.413165127121744,43.488419,10883632.858669797
2014-12-26,43.450782649575835,43.742399587522755,43.33789997843383,43.366119,7336583.109892772
2014-12-29,43.290870783361754,43.356719565518105,42.89577620902986,42.905186,10312992.552960847
2014-12-30,42.84873738307913,42.95221496956329,42.60415810170251,42.651192,10596825.898793168
2014-12-31,42.75466945293452,42.85814609839868,42.303135,42.303135,14105714.322808465
